Phase,River,Date,Julian Day,ID,Discharge,Temp,pH,Cond,Alk,A254,A375,A412,A420,A440,H2O-2H,H2O-18O,DOC,DOC-13C,DOC-14C,DOC-fm,TDN,NO3,NH4,TDP,PO4,SiO2,Na,K,Mg,Ca,As,Ba,Cl,SO4,Li,Rb,Sr,U,F,UTHg,UMeHg,TSS,POC,POC-13C,POC-14C,POC-fm,PON,PON-15N,Sample depth 1,TSS (1),POC (1),POC-13C (1),PON (1),PON-15N (1),Sample depth 2,TSS (2),POC (2),POC-13C (2),PON (2),PON-15N (2)
PARTNERS,Ob,7/16/03,197,,31200,19.8,7.5,,44.9,,,,,,-112,-14.8,11,-25,24.9,,0.45,49,43,60,,3.9,4.7,0.95,3.5,,1.06,17,3.5,1.3,2.03,0.86,88,0.1,,,,53.8,1.23,-29.7,,,140,6.1,,,,,,,,,,,,
PARTNERS,Ob,4/5/04,96,,3553,-1,7,,130.6,,,,,,-115,-15,5.5,-26.7,-114,,0.96,189,670,15,,19.1,13.3,1.46,9.1,26.9,0.31,34,12.3,5,4.43,1.11,219,0.7,,,,60.1,1.12,-38,-264,0.741,120,-3.9,,,,,,,,,,,,
PARTNERS,Ob,6/15/04,167,,34500,10.5,7.7,,32.9,,,,,,-126,-16.7,8.7,-27.9,52,,0.39,147,9,30,,4.8,4.4,1.08,3,11.4,0.55,13,3.6,2.4,1.7,0.74,67,0.1,,,,97.4,2.18,-29.8,-214.4,0.791,294,5.9,,,,,,,,,,,,
PARTNERS,Ob,6/17/04,169,,34500,12.6,7.7,,34.4,,,,,,-124,-16.2,8.7,-28,71,,0.4,174,17,30,,4.9,4.8,1.26,3,11.7,0.6,12,4,2.6,1.6,0.69,67,0.09,,,,61.5,2.28,-31.4,-205.8,0.799,283,6.3,,,,,,,,,,,,
PARTNERS,Ob,7/28/04,210,,26000,20,7.5,,38.4,,,,,,-109,-14.3,12,-26.8,43,,0.45,11,14,52,,4.5,5.4,1.33,3.7,15.7,1,18,4.5,2.2,2.15,0.87,95,0.11,,,,58,1.65,-31.1,-236.1,0.769,326,5.2,,,,,,,,,,,,
PARTNERS,Ob,8/11/04,224,,15900,15.6,7.5,,50.1,,,,,,-107,-13.4,10.1,-26,22,,0.32,0,0,49,,4.8,6.2,1.14,4.2,17.2,0.94,18,5.2,2.2,2.42,0.7,105,0.19,,,,41,1.32,-32.7,-150,0.856,279,4.9,,,,,,,,,,,,
PARTNERS,Ob,10/11/04,285,,8920,5.3,7.7,,60.8,,,,,,-104,-13.9,8.6,-26,-35,,0.35,122,8,27,,8.4,7.6,0.91,5.3,20.7,0.73,18,6.7,2.6,2.65,0.5,129,0.47,,,,41.4,0.86,-33.6,-206.9,0.798,189,5,,,,,,,,,,,,
PARTNERS,Ob,10/14/04,288,,9600,3.3,7.6,,66.6,,,,,,-105,-13.9,8.4,-27.7,-29,,0.37,130,20,37,,8.4,7.7,0.92,5.3,20.6,0.71,20,6.8,2.6,2.69,0.52,130,0.45,,,,24.5,0.87,-33.7,-206.7,0.798,172,5.2,,,,,,,,,,,,
PARTNERS,Ob,3/15/05,74,,4193,3.6,6.6,,103,,,,,,-113,-14.8,7.4,-29.1,-27,,0.72,234,497,27,,17.6,12.1,1.27,8.4,26.7,0.58,34,11.2,4.6,3.8,0.99,173,0.55,,,,12.7,0.74,-35.4,-270.7,0.734,70,-1.1,,,,,,,,,,,,
PARTNERS,Ob,6/4/05,155,,34800,10,7,,36.5,,,,,,-126,-16.6,9.8,-27.9,43,,0.45,165,11,31,,5.2,4.8,1.19,3.1,12.5,0.58,14,4,2.5,1.67,0.74,69,0.09,,,,59.5,1.65,-29.9,-267.9,0.737,258,6.5,,,,,,,,,,,,
PARTNERS,Ob,6/6/05,157,,34800,11,6.7,,27.2,,,,,,-126,-16.6,10.2,-27.3,67,,0.41,130,14,31,,5,4.7,1.15,2.9,11.5,0.53,13,3.9,2.4,1.69,0.74,64,0.08,,,,52,1.23,-30.3,,,189,6.6,,,,,,,,,,,,
PARTNERS,Ob,6/28/05,179,,29200,16,7.2,,36,,,,,,-116,-15.3,10.2,-28,53,,0.35,29,0,29,,4.8,5,1.17,3.2,13,0.82,15,4.4,2.5,1.91,0.7,83,0.09,,,,38,1.62,-31.5,-225.8,0.779,241,5.2,,,,,,,,,,,,
PARTNERS,Ob,7/14/05,195,,26600,17.5,7.2,,45.9,,,,,,-112,-14.5,11,-26.5,46,,0.31,3,0,49,,5,6.3,1.21,3.7,14.7,0.9,16,6.1,2.5,2.34,0.71,92,0.12,,,,74,1.91,-31.7,-240.6,0.764,298,5.3,,,,,,,,,,,,
PARTNERS,Ob,9/5/05,248,,9760,16,7.8,,64.5,,,,,,-101,-13.4,10.1,-27.7,8,,0.33,0,0,31,,7,7,1.01,5.1,20.4,1.03,20,5.6,2.5,2.67,0.54,123,0.37,,,,14.5,1.22,-32.5,-234.8,0.77,182,5.2,,,,,,,,,,,,
PARTNERS,Ob,9/17/05,260,,8890,10.6,8.3,,58.4,,,,,,-105,-13.5,10.3,-27.5,-1,,0.29,6,0,42,,4.5,7.4,0.97,5.2,21.3,1,20,6.1,2.4,2.8,0.56,133,0.45,,,,20.5,1.12,-32.6,-235.3,0.77,189,4.9,,,,,,,,,,,,
PARTNERS,Ob,6/7/06,158,,32949,9.6,7.7,,34.8,,,,,,-126,-16.8,9.9,,,,0.41,242,40,40,,12.6,4.1,0.99,2.9,10.9,,,3.1,2,,,,,,,,33.8,,-31.3,-175.5,0.82,,3.7,,,,,,,,,,,,
PARTNERS,Ob,11/23/06,327,,5814,-2,8,,65.8,,,,,,-108,-14.5,10.7,,,,0.54,193,153,63,,4.2,8.8,0.98,5.4,20.7,,,8.4,2.5,,,,,,,,4.9,,-33.4,,,,1.3,,,,,,,,,,,,
Arctic-GRO I,Ob,6/2/09,153,,34500,,,,44.4,0.273,0.053,0.029,0.026,0.019,-117,-16,8.1,-26.4,30.1,1.038,0.52,205,10,4,8,4.9,6.42,1.42,4.09,16.8,0.41,14,2.9,2.4,,,87,0.24,81.1,,,53.2,2.19,-30.1,-180.4,0.825,212,6.3,,,,,,,,,,,,
Arctic-GRO I,Ob,6/7/09,158,,35600,,,,41.5,0.293,0.057,0.032,0.028,0.021,-115,-15.7,8.5,,2.6,1.01,0.51,167,14,18,10,4.6,5.2,1.09,3.33,13.8,0.44,14,2.7,2.4,,,80,0.2,72.8,,,43.1,1.77,-30,-182.8,0.823,213,6.3,,,,,,,,,,,,
Arctic-GRO I,Ob,6/13/09,164,,34900,,,,39,0.272,0.056,0.032,0.028,0.021,-116,-15.8,7.7,-27.8,32.8,1.04,0.38,102,10,16,10,4.2,4.99,1.06,3.27,13.1,0.43,13,2.6,2.3,,,75,0.18,68.4,,,51.9,1.27,-29.9,-158.1,0.848,274,5.7,,,,,,,,,,,,
Arctic-GRO I,Ob,8/25/09,237,,14300,,,,52.8,0.362,0.064,0.034,0.03,0.021,-99,-13.6,10.5,-28.1,23.1,1.03,0.42,36,7,38,18,5.3,5.57,0.8,4.08,16.8,0.88,16,2.5,1.8,,,94,0.24,35.5,,,39.6,1.3,-30.8,-195.8,0.81,234,4.4,,,,,,,,,,,,
Arctic-GRO I,Ob,12/1/09,335,,4750,,,,72.8,0.219,0.038,0.019,0.017,0.012,-108,-14.7,7.3,-28.2,-46.1,0.961,0.64,170,167,38,19,11.7,10.11,0.96,5.73,21.5,0.59,18,5.9,2,,,124,0.43,84.2,,,5.4,0.52,-32.4,-161.4,0.845,26,0.6,,,,,,,,,,,,
Arctic-GRO I,Ob,5/31/10,151,,30100,7.3,7.2,,57.4,0.329,0.064,0.036,0.032,0.024,-123,-17.3,9.6,-28.1,34.3,1.042,,316,34,16,7,5.1,5.33,1.2,3.64,15.7,0.39,16,2.8,2.2,,,89,0.25,76,,,67,2.49,-29.5,-286.7,0.719,301,5.8,,,,,,,,,,,,
Arctic-GRO I,Ob,6/4/10,155,,29100,7.6,7.4,,43.9,0.363,0.069,0.038,0.034,0.025,-128,-17.3,10.3,-28.4,21.2,1.029,,264,9,12,8,4.8,4.43,1.14,3.28,13.2,0.45,14,2.2,1.9,,,75,0.17,66.5,,,131.7,3.22,-29.3,-164.1,0.842,432,5.2,,,,,,,,,,,,
Arctic-GRO I,Ob,6/9/10,160,,28500,8.1,7.8,,46.5,0.336,0.063,0.034,0.03,0.022,-127,-17.3,9.8,-25,23.6,1.031,,287,6,13,14,4.9,4.4,1.19,3.1,13.3,0.46,15,2.4,2,,,77,0.15,72.2,,,134.8,2.7,-28.6,,,303,6.3,,,,,,,,,,,,
Arctic-GRO I,Ob,8/13/10,225,,20800,18,7.8,,59.5,0.337,0.064,0.036,0.032,0.025,-106,-14.4,12.3,-24.9,12.2,1.02,0.4,16,11,22,21,4.1,5,1.13,3.88,18.8,0.91,19,,,2.27,0.68,102,0.15,,,,56.3,1.5,-31.8,-300.5,0.705,282,6,,,,,,,,,,,,
Arctic-GRO I,Ob,12/12/10,346,,5620,,6.8,,70,0.331,0.075,0.044,0.04,0.031,-110,-15.1,11.1,-28.9,-31,0.976,0.61,156,128,27,39,10.5,8.28,0.84,5.13,20.1,0.46,17,,,3.14,0.57,113,0.31,,,,7.8,0.81,-31.5,-192.2,0.814,26,7.8,,,,,,,,,,,,
Arctic-GRO I,Ob,5/29/11,149,,35200,10.6,7.6,,42.5,0.346,0.075,0.046,0.041,0.031,-127,-17.1,11.8,-27.7,-21.5,0.986,0.36,192,17,24,15,4.3,4.24,0.97,2.83,13.6,0.46,14,6.2,1.9,1.85,0.54,73,0.12,58.9,,,53.5,1.84,-30,-188,0.818,271,9.3,,,,,,,,,,,,
Arctic-GRO I,Ob,6/5/11,156,,33300,11.2,7.6,,41.8,0.351,0.078,0.048,0.043,0.033,-127,-17.1,12.2,-27.8,45,1.053,0.37,185,19,22,20,4.2,4.35,0.97,3.05,13.1,0.45,14,7.8,,1.8,0.55,73,0.12,78.8,,,66.7,1.24,-30.2,-193.7,0.812,249,8.6,,,,,,,,,,,,
Arctic-GRO I,Ob,6/10/11,161,,31800,12.5,7.6,,40.4,0.355,0.074,0.043,0.038,0.028,-128,-17,12.3,,55.7,1.064,0.32,150,17,24,19,3.9,4.25,0.95,3.21,12.6,0.44,14,2.6,2.1,1.75,0.54,71,0.11,58.9,,,66.7,1.78,-30.4,-196.9,0.809,271,6.9,,,,,,,,,,,,
Arctic-GRO I,Ob,8/8/11,220,,13600,16.4,8,,89,0.373,0.072,0.043,0.038,0.03,-115,-14.7,13.3,-28.3,13.4,1.021,0.35,13,3,40,23,3.3,6.58,0.96,4.64,20,0.82,17,3.9,2.3,2.65,0.56,110,0.31,73.1,,,26.9,1.68,-30.9,-164.8,0.841,251,6.4,,,,,,,,,,,,
Arctic-GRO I,Ob,12/7/11,341,,5600,-1,,,138.2,0.293,0.068,0.045,0.041,0.035,-110,-15.3,10.5,-29.3,-45.5,0.962,0.5,198,124,67,25,12.6,9.22,0.91,5.61,21.3,0.69,18,4.8,2,2.97,0.64,120,0.24,67.4,,,3.1,0.47,-32.9,-210.5,0.795,79,3.9,,,,,,,,,,,,
Arctic-GRO II,Ob,6/6/12,158,Kit 1,23500,11.2,,104,31.6,0.378,0.078,0.045,0.04,0.031,-107,-16.2,10.3,-27.1,33.8,1.042,0.48,85,30,49,27,4.2,4.64,0.88,2.8,10.9,0.5,12,3.5,2,1.77,0.57,64,,,7.528,,37.9,1.32,-30.1,-234.4,0.771,178,5.1,,,,,,,,,,,,
Arctic-GRO II,Ob,8/22/12,235,Kit 2,8360,15.2,,,73.2,0.314,0.053,0.03,0.026,0.019,-98,-13.8,9,-25.8,-67.6,0.939,0.35,2,10,102,40,4.3,8.44,1,5.19,23.5,1.29,20,4.5,2.7,2.95,0.55,133,0.46,,2.821,,8.5,0.5,-29.5,-232.9,0.773,137,4,,,,,,,,,,,,
Arctic-GRO II,Ob,10/25/12,299,Kit 3,8800,3.8,,,76,0.274,0.059,0.037,0.034,0.027,-101,-14.1,7.9,,,,0.46,113,54,48,25,7.5,8.24,0.9,5.53,23.1,0.75,18,5.1,2.6,3.06,0.56,131,0.45,,3.434,,9.7,1.07,-29.8,-242.8,0.763,121,4.3,,,,,,,,,,,,
Arctic-GRO II,Ob,12/8/12,343,Kit 4,5060,0,,,75.6,0.299,0.062,0.038,0.035,0.028,-97,-14.5,8.4,-28.9,-28.5,0.979,0.59,186,133,64,27,10.9,9.69,0.98,5.7,24.3,0.7,16,6.8,2.8,3.36,0.56,137,0.39,,2.338,,7.3,0.97,-25.9,-271.9,0.734,62,4,,,,,,,,,,,,
Arctic-GRO II,Ob,1/3/13,3,Kit 5,5080,0,,,71.8,0.252,0.051,0.032,0.029,0.024,-110,-15,7.3,-28.7,-62,0.945,0.74,266,189,69,30,12.9,9.24,0.96,5.41,22.3,0.57,12,6.9,2.4,3.17,0.63,128,0.18,,6.922,,8.1,1.16,-30.2,-263,0.743,69,1.3,,,,,,,,,,,,
Arctic-GRO II,Ob,3/24/13,83,Kit 6,3350,-0.1,,,118.1,0.133,0.026,0.018,0.017,0.015,-109,-15.5,4.5,-29.9,-124.7,0.882,1.03,195,565,37,30,16.2,12.05,1.31,8.49,37.9,0.37,13,7.5,4.1,4.17,1.01,223,0.68,,9.384,,10.4,1.09,-34.8,-295.8,0.71,86,-3.6,,,,,,,,,,,,
Arctic-GRO II,Ob,5/26/13,146,Kit 7,28300,5.5,,,60.6,0.229,0.048,0.029,0.026,0.021,-124,-17.2,,-28.7,3.9,1.012,,,,33,20,7.2,7.54,1.27,4.83,21.1,0.29,19,4.9,3.5,2.66,0.94,123,0.46,,7.771,,37.6,1.27,-29.8,-262.5,0.743,203,3.1,,,,,,,,,,,,
Arctic-GRO II,Ob,7/13/13,194,Kit 8,23800,18.5,,106,42.6,0.457,0.08,0.043,0.038,0.028,-112,-16,16.6,,,,,33,10,45,22,5.3,4.85,1.23,3.25,14.3,0.79,19,3.2,2.5,2.12,0.7,84,0.11,,3.535,,22.7,1.24,-30.3,-192.6,0.814,156,4.7,5,18.7,1.2,-30.4,156,5.8,,,,,,
Arctic-GRO II,Ob,9/25/13,268,Kit 9,13100,7.8,,170,79.3,0.183,0.033,0.021,0.019,0.016,-108,-14.7,7.4,,,,0.29,3,32,28,12,3.6,7.32,0.96,5.41,24.1,0.69,21,4,2.6,2.89,0.56,134,0.63,,4.38,,27.7,2.16,-29.7,,,167,7.3,5,22.6,1.48,-31.1,197,3.7,,,,,,
Arctic-GRO II,Ob,11/25/13,329,Kit 10,8500,0,,146,68.1,0.205,0.039,0.023,0.021,0.016,-118,-15.5,7.8,,,,0.49,152,164,122,42,11.6,9.69,1.02,5.34,18.4,0.52,10,7.4,1.9,3.17,0.71,108,0.28,,2.378,,25.5,2.01,-31.9,-190.7,0.816,211,3,,,,,,,,,,,,
Arctic-GRO II,Ob,2/22/14,53,Kit 11,5250,-0.1,,185,95.6,0.258,0.044,0.025,0.022,0.017,-115,-15,10.6,,,,0.97,406,198,56,17,11.8,10.25,1.07,7.18,30.3,0.68,29,7.1,3.4,3.6,0.8,173,0.45,,2.521,,3.5,1.08,-31.6,-242.3,0.764,75,3.1,,,,,,,,,,,,
Arctic-GRO II,Ob,4/2/14,92,Kit 12,4920,-0.1,,176,118.4,0.166,0.026,0.015,0.013,0.01,-119,-14.6,7.3,,,,0.85,370,296,49,14,12.7,12.25,1.2,8.54,36.6,0.4,21,7.8,4.1,4.11,0.91,214,0.63,,6.825,,9.2,1.11,-34.1,-361.9,0.643,89,-1.1,,,,,,,,,,,,
Arctic-GRO II,Ob,6/20/14,171,Kit 13,33900,11,,91,33,0.448,0.084,0.047,0.041,0.031,-132,-14.8,15.7,,,,0.44,32,8,37,13,4.1,4.24,1.15,2.92,10.8,0.73,14,3.3,1.9,1.7,0.73,62,0.1,,9.36,,18.4,0.89,-29.2,-257.2,0.749,99,3.9,6,97.8,2.14,-28.9,232,2.4,,,,,,
Arctic-GRO II,Ob,8/2/14,214,Kit 14,31600,15.2,,117,47,0.459,0.074,0.039,0.034,0.025,-115,-14.4,16,,,,0.49,48,14,68,24,4.8,5.26,1.11,3.64,15,1.22,16,3.8,1.7,2.1,0.81,86,0.12,,5.469,,48.1,1.77,-29.2,-249.3,0.757,213,4.9,6,1.8,1.54,-30.1,143,4.4,,,,,,
Arctic-GRO II,Ob,10/26/14,299,Kit 15,9830,0.2,,,51.2,0.453,0.083,0.046,0.04,0.03,-112,-15,11.8,,,,0.45,137,58,103,24,10.4,8.37,0.82,4.33,15.7,0.94,12,6.4,1.3,2.56,0.59,85,0.35,,3.34,,5.4,1.06,-28.2,-235.5,0.77,109,5.1,,,,,,,,,,,,
Arctic-GRO II,Ob,12/14/14,348,Kit 16,9790,-0.1,,169,79.3,0.351,0.069,0.041,0.037,0.029,-113,-15.2,8.7,,,,0.59,165,157,59,18,10,9.1,0.93,5.63,24.2,0.75,19,5.9,1.8,3,0.67,134,0.47,,2.348,,14.1,0.94,-31.1,-366.7,0.638,90,2.7,,,,,,,,,,,,
Arctic-GRO II,Ob,1/31/15,31,Kit 17,6330,-0.1,,254,103.5,0.302,0.059,0.036,0.033,0.027,-113,-14.9,8,,,,0.73,288,259,109,28,7.9,9.78,1.13,7.09,31.5,0.84,29,6.4,2.9,3.28,0.91,173,0.59,,2.392,,16.7,,,-280.6,0.725,,,,,,,,,,,,,,
Arctic-GRO II,Ob,3/31/15,90,Kit 18,5360,-0.1,,356,170.2,0.444,0.084,0.05,0.045,0.035,-144,-19.3,12.7,,,,1.26,583,460,39,18,11.5,17.6,1.82,12.3,53,0.97,36,11.6,5.6,5.89,1.45,297,0.94,,2.262,,10.4,1.43,-28.6,-306.2,0.699,97,4.3,,,,,,,,,,,,
Arctic-GRO II,Ob,5/31/15,151,Kit 19,35100,7,,23,9.2,0.433,0.087,0.051,0.046,0.036,-149,-20.1,10.3,,,,0.23,8,2,90,35,0.6,1.56,0.57,0.84,2.2,0.53,5,1.1,0.3,0.75,0.77,14,0.19,,6.17,,10.3,1.8,-28.6,-154.4,0.852,173,3.6,2,12.4,1.18,-29.6,161,3.6,,,,,,
Arctic-GRO II,Ob,7/26/15,207,Kit 20,33100,14.6,,64,49.8,0.513,0.091,0.051,0.045,0.034,-111,-14.7,12.2,,,,0.45,52,18,70,25,5.8,5.26,1.54,3.49,16,1.58,22,3.6,1.6,2.09,1.21,91,0.26,,5.431,,37.2,0.85,-29.4,-269.6,0.736,148,5.2,10,74.8,0.85,-29.6,105,5.3,,,,,,
Arctic-GRO II,Ob,9/2/15,245,Kit 21,33200,11.5,,146,56.2,0.609,0.111,0.062,0.054,0.041,-110,-13.8,14.8,,,,0.47,69,7,62,17,5.9,6.22,1.12,4.23,16.2,1.35,21,5.1,1.7,2.31,1.03,96,0.2,,7.67,,9.1,1.02,-31,-137.8,0.869,105,4.1,18,20.8,1.4,-30.8,129,3.9,10,10,0.89,-31.2,122,5.1
Arctic-GRO II,Ob,11/29/15,333,Kit 22,8580,0.1,,153,62.3,0.425,0.084,0.049,0.044,0.034,-108,-15,10.6,,,,0.5,167,39,41,20,8.2,6.67,0.75,4.43,18,0.83,18,4.8,2.1,2.49,0.57,103,0.34,,4.61,,10.8,0.82,-30.2,-251.4,0.755,74,3.4,,,,,,,,,,,,
Arctic-GRO II,Ob,2/14/16,45,Kit 23,7490,0.1,,190,93.7,0.309,0.062,0.037,0.034,0.027,-121,-15.5,8.1,,,,0.72,325,216,35,18,12.2,9.57,0.99,6.62,26.4,0.69,18,7.2,2.9,3.21,0.86,157,0.46,,3.68,,1.6,1.01,-32.5,-195.4,0.811,99,0.7,,,,,,,,,,,,
Arctic-GRO II,Ob,4/17/16,108,Kit 24,5660,0.1,,139,111.4,0.176,0.039,0.027,0.025,0.021,-112,-15.8,4.7,,,,0.7,214,337,56,18,11.7,11,1.06,7.4,31.2,0.45,15,7.6,3.3,3.58,0.84,181,0.63,,2.04,,10.8,1.01,-36.3,-211.9,0.794,100,-3.5,,,,,,,,,,,,
Arctic-GRO II,Ob,6/27/16,179,Kit 25,32100,18.5,,94,51.7,0.42,0.077,0.043,0.038,0.029,-132,-16,10.5,,,,0.43,51,9,25,20,4.5,5.87,1.46,3.66,15.4,0.94,21,4.6,2.3,2.22,1.05,93,0.13,,11.01,,18.3,0.93,-31.6,-224.5,0.782,176,4.6,14,58.1,1.52,-30.1,184,3.8,10,41.7,1.39,-30.1,175,4.3
Arctic-GRO II,Ob,8/27/16,240,Kit 26,15500,16,,179,77.5,0.332,0.064,0.04,0.037,0.03,-112,-14.3,8.7,,,,0.3,0,9,28,19,4.1,7.98,1.17,5.58,21.5,1.12,23,6,2.5,2.79,0.84,127,0.5,,9.94,,4.4,2.31,-31.1,-363.1,0.642,342,4.3,8,9.3,1.28,-31.7,235,3.7,4,8.3,1.36,-32,299,3.7
Arctic-GRO II,Ob,10/29/16,303,Kit 27,7320,0.2,,202,86.5,0.247,0.043,0.025,0.023,0.018,-112,-15,6.9,,,,0.4,127,46,16,18,7.4,9.81,0.99,6.04,23.2,0.76,16,7.9,2.4,3.07,0.67,136,0.71,,2.16,,20.8,1.25,-32.7,-280.6,0.725,189,3.3,,,,,,,,,,,,
Arctic-GRO II,Ob,12/4/16,339,Kit 28,6370,-0.1,,266,111,0.195,0.035,0.021,0.019,0.016,-113,-15.2,5.7,,,,0.51,152,154,22,15,9.1,12.2,1.17,7.5,30.8,0.63,26,9.2,4,3.95,0.76,180,0.91,,4.36,,3,0.93,-32.5,-245.9,0.76,130,3.2,,,,,,,,,,,,
Arctic-GRO III,Ob,2/12/17,43,Kit 30,5190,-0.1,,,134,0.107,0.013,0.007,0.006,0.005,-114,-14.9,5.3,,,,0.8,280,488,19,3,10.9,14.2,1.28,8.54,37.4,,10,9.6,4.3,4.28,1.01,223,0.76,,5.15,,4.7,1.4,-32.5,-291.2,0.715,161,3.5,,,,,,,,,,,,
Arctic-GRO III,Ob,4/23/17,113,Kit 31,5810,0.1,,,139.3,0.097,0.017,0.012,0.011,0.012,-114,-15.3,4,,,,0.96,380,506,14,6,10.6,14.4,1.27,8.67,38.3,,18,9.3,4.9,4.25,0.92,232,0.82,,2.88,,9,0.66,-36.8,-348.4,0.657,87,-1.3,,,,,,,,,,,,
Arctic-GRO III,Ob,6/18/17,169,Kit 32,35200,7,,,40.5,0.421,0.08,0.043,0.037,0.026,-124,-16.3,11.8,,,,0.41,78,24,34,14,4.2,6.59,1.38,3.21,13.6,,16,5.4,3,2.09,0.91,84,0.12,,3.04,,2.5,1.11,-29,-238,0.768,169,7.1,5,24.8,1.07,-32.2,221,6.3,7,27.2,0.79,-31.6,185,5
Arctic-GRO III,Ob,8/20/17,232,Kit 33,21700,4,,,63.4,0.424,0.07,0.036,0.031,0.021,-102,-13.4,11.8,,,,0.47,121,12,,,6.4,8.85,1.69,4.57,18.6,,16,6,2.5,2.91,1,115,0.21,,2.29,,16.5,1.14,-30.7,-251.9,0.754,298,6.8,7,40.5,1.27,-31.6,227,3.5,3,22.5,1.33,-31.6,155,5.9
Arctic-GRO III,Ob,10/29/17,302,Kit 34,10800,0.2,,,67.9,0.3,0.051,0.027,0.023,0.016,-108,-14.2,8.9,,,,0.42,158,64,52,15,8.3,8.61,0.79,4.75,18.9,,12,6.2,2.1,2.72,0.61,114,0.42,,2.77,,7.2,1.14,-29.7,-292.4,0.713,114,6.7,,,,,,,,,,,,
Arctic-GRO III,Ob,12/3/17,337,Kit 35,5700,0.3,,,75.2,0.282,0.046,0.024,0.02,0.014,-108,-14.4,8.5,,,,0.46,180,120,55,16,12,9.24,0.86,5.17,20.8,,15,6.3,2.5,2.82,0.62,125,0.44,,4.89,,4,0.78,-30.7,,,67,4.2,,,,,,,,,,,,
Arctic-GRO III,Ob,1/28/18,28,Kit 36,5270,0.5,,,52.6,0.208,0.028,0.014,0.012,0.008,-111,-14.8,6.6,,,,0.7,245,243,55,15,14.2,10.86,1.07,5.99,20.9,0.59,14,7.9,2.7,3.07,0.79,143,0.39,76,,,9.6,1.07,-32.8,-280.3,0.726,101,3.5,,,,,,,,,,,,
Arctic-GRO III,Ob,3/25/18,84,Kit 37,4980,0.5,,,122.2,0.115,0.012,0.003,0.002,0,-114,-14.9,4.7,,,,0.72,270,369,39,8,13.9,11.99,1.14,7.73,31.9,0.38,23,0.1,0.1,3.77,0.88,216,0.67,3.8,,,8.2,1.02,-37.1,-310.6,0.695,119,0.3,,,,,,,,,,,,
Arctic-GRO III,Ob,5/19/18,139,Kit 38,7850,0.3,,,28.6,0.087,0.009,0.005,0.004,0.003,-150,-20.1,4.6,,,,0.62,332,177,16,5,11.2,2.75,0.73,2.92,6.9,0.29,1,0.8,2.4,1.53,0.91,44,0,24.7,,,6.9,0.85,-33.2,-353.1,0.652,86,-1.4,,,,,,,,,,,,
Arctic-GRO III,Ob,7/22/18,203,Kit 39,31600,18,,,50.4,0.458,0.082,0.043,0.037,0.025,-107,-13.8,13.2,,,,0.47,52,12,80,36,4.9,4.93,1.41,3.23,13.6,1.22,19,3.3,2,1.94,0.99,95,0.11,66.5,,,25.5,1.04,-31.1,-274.3,0.732,129,6.4,8,37.9,0.9,-31.7,116,4.8,5,37.1,1.04,-30.7,144,2
Arctic-GRO III,Ob,9/2/18,245,Kit 40,20300,5,,,44.2,0.407,0.066,0.034,0.029,0.02,-100,-12.8,12.2,,,,0.48,90,7,50,18,6.8,6.31,1.05,4.2,16.6,1.43,22,4.2,2.1,2.38,0.9,117,0.25,78.5,,,14.1,0.97,-32.6,-235.3,0.771,152,7.5,12,24.3,1.19,-32.2,200,6.4,7,28.7,0.98,-31.9,157,5.8
Arctic-GRO III,Ob,11/26/18,330,Kit 41,8430,0,,,55.4,0.328,0.057,0.03,0.026,0.018,-109,-14.2,9.7,,,,0.48,135,98,50,20,9.7,7.4,0.69,4.07,14.2,0.65,13,5.3,1.7,2.33,0.52,98,0.29,55.1,,,6.4,0.24,-29.3,-408.9,0.596,52,4.8,,,,,,,,,,,,
Arctic-GRO III,Ob,2/24/19,55,Kit 42,4680,0,,,100.8,0.199,0.028,0.014,0.012,0.008,-116,-15,6.5,,,,0.76,193,378,63,15,14,12.1,1.11,6.85,23.7,0.36,12,9,2.9,3.44,0.92,166,0.42,84.2,,,14.1,0.97,-30.4,-263.5,0.743,92,1.3,,,,,,,,,,,,
Arctic-GRO III,Ob,4/8/19,98,Kit 43,4240,0,,,118,0.126,0.014,0.004,0.004,0.002,-112,-14.6,4.9,,,,0.8,153,454,13,7,14.7,12.5,1.3,8.04,30.8,0.29,21,7.5,3.7,3.65,1,213,0.6,95.6,,,6.4,0.65,-36.7,-272.3,0.734,84,0.1,,,,,,,,,,,,
Arctic-GRO III,Ob,6/11/19,162,Kit 44,34600,6,,,43.6,0.381,0.065,0.035,0.03,0.022,-121,-15.8,10.1,,,,0.43,120,3,26,13,5.3,5.95,1.02,3.21,12.3,0.59,15,4.1,2.4,1.72,0.64,85,0.14,60.2,,,4.9,0.79,-29.9,-268.5,0.738,100,6.1,12,39.4,1.44,-29.8,167,5.1,7,26,1.41,-29.8,126,4.3
Arctic-GRO III,Ob,8/30/19,242,Kit 45,16800,7,,,52.3,0.497,0.084,0.043,0.037,0.026,-103,-13.4,12.6,,,,0.46,18,11,56,23,6.2,6.21,0.81,3.72,14.1,0.95,15,4.2,1.7,2.1,0.64,97,0.19,59.5,,,15.3,1.07,-30,-252.2,0.754,163,5.6,9,36.5,1.37,-30.9,167,4.9,5,16.6,1.6,-30.1,195,3.3
Arctic-GRO IV,Ob,2/23/20,54,Kit 46,4870,0,,,98.2,0.209,0.029,0.016,0.013,0.009,-109,-14.6,6.3,,,,0.69,310,223,,12,11.2,11,1.08,7.71,27.9,,14,6.3,3.3,3.47,0.91,171,0.47,72.2,,,11.2,1.4,-29.4,-298.1,0.708,139,4.9,,,,,,,,,,,,
Arctic-GRO IV,Ob,6/7/20,159,Kit 47,38500,4,,,36.2,0.498,0.091,0.052,0.045,0.033,-115,-15.4,11.4,,,,0.43,45,32,,18,4.9,5.1,1.04,2.9,11.7,,13,3.3,2,1.81,0.76,74,0.09,47.5,,,13.5,0.7,-29,-380.8,0.625,64,5.1,,,,,,,,,,,,
Arctic-GRO IV,Ob,7/24/20,206,Kit 48,33400,15,,,47.3,0.531,0.084,0.046,0.039,0.027,-106,-13.8,13,,,,0.42,37,4,,19,5.1,5.94,1.09,3.51,15.1,,18,3.7,1.5,2.11,0.94,94,0.11,56.1,,,8.5,1.83,-29.2,-235.1,0.771,166,7.6,23,21.7,0.89,-29.3,151,5.9,18,27.5,0.94,-30.1,149,3.7
Arctic-GRO IV,Ob,8/30/20,243,Kit 49,11900,8,,,63.2,0.369,0.057,0.031,0.026,0.018,-103,-13.5,9.7,,,,0.29,1,4,,10,4.5,7.86,1.02,4.67,19.4,,18,4.4,2,2.77,0.74,119,0.37,67.4,,,9.2,1.82,-31,-350.2,0.655,258,6.1,22,40.4,0.54,-30.5,218,5.1,14,9.8,1.13,-31.1,145,5.7
Arctic-GRO IV,Ob,11/4/20,309,Kit 50,8410,1,,,66.9,0.298,0.044,0.022,0.019,0.012,-106,-14.1,8.7,,,,0.41,114,60,,21,8.4,8.33,0.78,4.9,19.7,,15,5,2,2.68,0.64,117,0.38,76,,,10.7,0.56,-32.6,,,73,4.1,,,,,,,,,,,,
Arctic-GRO IV,Ob,12/13/20,348,Kit 51,6180,0,,,70.2,0.245,0.037,0.019,0.016,0.011,-110,-14.8,7.5,,,,0.52,152,153,,23,10.9,9.79,0.88,5.17,19.4,,15,6.2,1.9,3.06,0.69,118,0.33,58,,,10.4,0.82,-30.7,-319.2,0.687,102,5,,,,,,,,,,,,
Arctic-GRO IV,Ob,1/16/21,16,Kit 52,5720,0,,,36.9,0.251,0.034,0.018,0.016,0.012,-117,-15.2,7.4,,,,0.67,236,237,,28,17.8,12,1.08,5.78,17.7,,8,9.2,1.9,3.36,0.78,117,0.19,69.3,,,8.8,0.95,-29,,,72,3.1,,,,,,,,,,,,
Arctic-GRO IV,Ob,3/28/21,87,Kit 53,5010,0,,,104.5,0.133,0.017,0.008,0.007,0.004,-113,-15.1,4.2,,,,1.02,941,3,,9,15.9,3.25,0.4,2.26,15.8,,17,2,0.9,1.19,0.34,95,0.24,64.6,,,8.2,1.2,-29.4,-545.4,0.459,183,5.9,,,,,,,,,,,,
Arctic-GRO IV,Ob,5/30/21,150,Kit 54,33000,2,,,22.1,0.304,0.053,0.034,0.03,0.021,-122,-16.1,7.6,,,,0.85,695,3,,10,5.2,6.47,1.16,3.17,13,,14,4.4,2.5,1.96,0.77,81,0.14,53.2,,,23.6,1.3,-28.3,-656.2,0.347,132,6.6,10,44.5,1.36,-28.4,188,6.7,5,20.4,0.87,-28.2,80,5.2
Arctic-GRO IV,Ob,7/31/21,212,Kit 55,25500,9,,,50.9,0.374,0.063,0.035,0.031,0.022,-113,-14.4,9.3,,,,0.33,56,2,,20,4.5,3.13,0.69,2.37,12.7,,15,1.6,1.1,1.29,0.45,77,0.1,53.2,,,5.3,0.83,-28.3,-801.6,0.2,129,4.8,8,14.7,1.1,-28.8,62,1.7,5,22.7,0.88,-28.4,105,6.2
Arctic-GRO IV,Ob,9/25/21,268,Kit 56,13400,6,,,40.6,0.388,0.061,0.032,0.028,0.02,-101,-13.5,9.9,,,,0.39,85,37,,17,7.6,7.92,0.87,4.71,20,,19,4.4,1.9,2.68,0.58,120,0.46,73.1,,,5,0.83,-28.8,-475.4,0.529,123,5.5,5,34.8,0.53,-27.3,132,6.3,3,26.9,0.91,-29.5,137,5.2
Arctic-GRO IV,Ob,11/27/21,331,Kit 57,5000,0,,,40.3,0.315,0.048,0.025,0.022,0.015,-107,-14.3,9.1,,,,0.56,161,102,,15,11.3,9.76,0.97,5.01,19.8,,17,6.2,1.7,2.92,0.75,120,0.35,65.5,,,9.2,2.2,-28.6,-365,0.64,123,4.4,,,,,,,,,,,,
Arctic-GRO IV,Ob,2/27/22,58,Kit 58,4500,0,,,,,,,,,,,,,,,,,,,,,,,,,,,,,,,,,,,,,,,,,,,,,,,,,,,,,,
Arctic-GRO IV,Ob,4/29/22,119,Kit 59,4800,0,,,,,,,,,,,,,,,,,,,,,,,,,,,,,,,,,,,,,,,,,,,,,,,,,,,,,,
Arctic-GRO IV,Ob,6/29/22,180,Kit 60,33800,3,,,,,,,,,,,,,,,,,,,,,,,,,,,,,,,,,,,,,,,,,,,,,,,,,,,,,,
Arctic-GRO IV,Ob,8/6/22,218,Kit 61,16000,17,,,,,,,,,,,,,,,,,,,,,,,,,,,,,,,,,,,,,,,,,,,,,,,,,,,,,,
Arctic-GRO IV,Ob,10/19/22,292,Kit 62,8830,7,,,,,,,,,,,,,,,,,,,,,,,,,,,,,,,,,,,,,,,,,,,,,,,,,,,,,,
Arctic-GRO IV,Ob,12/4/22,338,Kit 63,4760,0,,,,,,,,,,,,,,,,,,,,,,,,,,,,,,,,,,,,,,,,,,,,,,,,,,,,,,
Arctic-GRO IV,Ob,1/28/23,28,Kit 64,,0,,,,,,,,,,,,,,,,,,,,,,,,,,,,,,,,,,,,,,,,,,,,,,,,,,,,,,
Arctic-GRO IV,Ob,3/31/23,90,Kit 65,,0,,,,,,,,,,,,,,,,,,,,,,,,,,,,,,,,,,,,,,,,,,,,,,,,,,,,,,
Arctic-GRO IV,Ob,5/14/23,134,Kit 66,,0.5,,,,,,,,,,,,,,,,,,,,,,,,,,,,,,,,,,,,,,,,,,,,,,,,,,,,,,
Arctic-GRO IV,Ob,7/16/23,197,Kit 67,,12,,,,,,,,,,,,,,,,,,,,,,,,,,,,,,,,,,,,,,,,,,,,,,,,,,,,,,
PARTNERS,Yenisey,7/25/03,206,,18490,16.7,8,,58,,,,,,,,,,,,0.18,3,52,7,,5.3,7.6,0.68,4.3,30.3,,,12,3,,,,,,,,14,0.59,-31.6,,,66,3.4,,,,,,,,,,,,
PARTNERS,Yenisey,3/19/04,79,,,-0.1,7.3,,67.7,,,,,,,,2.9,-25.6,34,,0.29,224,0,14,,6.9,9.6,0.88,5.5,24.9,0.27,16,14.8,4.9,2.1,0.53,224,0.3,,,,9.2,0.21,-28.4,-374.9,0.629,31,8,,,,,,,,,,,,
PARTNERS,Yenisey,6/14/04,166,,98500,3.8,7.5,,19.6,,,,,,,,12.6,-25.5,107,,0.3,31,0,19,,4.5,2.9,0.52,2,8.2,,,2.9,1.2,,,,,,,,26.1,0.83,-27.8,-148.5,0.857,92,4.4,,,,,,,,,,,,
PARTNERS,Yenisey,6/16/04,168,,94500,5.4,7.5,,19.4,,,,,,,,12.4,-27.3,126,,0.33,25,0,17,,4.3,3,0.72,1.9,8,0.28,6,3.2,1.1,0.76,0.38,59,0.07,,,,21.6,0.91,-29.4,-135,0.871,109,,,,,,,,,,,,,
PARTNERS,Yenisey,6/18/04,170,,90600,8,7.6,,19.1,,,,,,,,11.4,-27.5,125,,0.29,25,0,14,,4.2,2.6,0.43,1.9,7.6,0.28,5,2.6,1.1,0.71,0.34,56,0.06,,,,11.9,0.81,-27.9,-133.2,0.873,99,4.5,,,,,,,,,,,,
PARTNERS,Yenisey,8/25/04,238,,18200,10.1,7.9,,58.8,,,,,,,,4.9,-26.7,50,,0.18,6,0,10,,5.7,9.1,0.75,5.2,21.3,0.33,13,14.2,3.8,1.95,0.51,173,0.28,,,,20,0.24,-30.6,-277.2,0.728,45,4.9,,,,,,,,,,,,
PARTNERS,Yenisey,10/1/04,275,,19880,6.1,7.6,,44.4,,,,,,,,6.9,-26.1,51,,0.22,29,0,11,,8.2,7.9,0.57,4.3,18.6,0.29,10,12.9,3.2,1.51,0.41,142,0.18,,,,14.5,0.29,-30.2,-306.6,0.698,48,4,,,,,,,,,,,,
PARTNERS,Yenisey,10/2/04,276,,19370,5.5,7.8,,42.3,,,,,,,,7.1,-26.5,51,,0.26,32,0,10,,7.8,7.9,0.55,4.3,18.2,0.31,9,12.9,3.2,1.42,0.36,137,0.16,,,,14.5,0.29,-30.5,-283,0.722,49,3.5,,,,,,,,,,,,
PARTNERS,Yenisey,3/26/05,85,,12850,-1,7.5,,58.5,,,,,,,,3.5,-21.7,-12,,0.28,220,0,23,,6.5,9.6,0.87,5.6,23.5,0.28,16,16.1,5.7,2.14,0.48,200,0.31,,,,1.7,0.14,-30.7,-486.5,0.517,17,3.8,,,,,,,,,,,,
PARTNERS,Yenisey,6/11/05,162,,80160,8.1,7.8,,20.9,,,,,,,,9.4,-27.6,99,,0.25,25,0,18,,4.1,3,0.46,2.1,,0.24,6,3.6,1.2,0.84,0.38,69,0.05,,,,12.5,0.07,-30.1,-225.7,0.779,10,6.5,,,,,,,,,,,,
PARTNERS,Yenisey,6/16/05,167,,53410,10.9,7.7,,22.8,,,,,,,,9.7,-27.1,90,,0.25,27,0,16,,4.9,3.2,0.47,2.3,9,0.28,6,3.8,1.4,0.82,0.36,64,0.06,,,,6.8,0.29,-29.9,-217.9,0.787,46,4.5,,,,,,,,,,,,
PARTNERS,Yenisey,6/17/05,168,,50410,11.3,7.9,,17,,,,,,,,9.2,-27.6,106,,0.25,32,59,14,,4.8,3.3,0.48,2.3,9.1,0.26,7,4,1.4,0.84,0.37,73,0.06,,,,6.8,0.28,-29.9,-317.7,0.687,46,5.5,,,,,,,,,,,,
PARTNERS,Yenisey,8/16/05,228,,14290,13.1,8.3,,61.3,,,,,,,,5.7,-20.4,2,,0.19,6,0,11,,6.2,8.5,0.74,5,20.7,0.44,13,13.3,3.6,2.09,0.61,175,0.23,,,,1.4,0.27,-33.4,-210.1,0.795,60,3,,,,,,,,,,,,
PARTNERS,Yenisey,8/21/05,233,,14150,15,8.3,,52.9,,,,,,,,6.2,-20.5,17,,0.2,3,0,14,,6.1,8.5,0.74,4.9,21.5,0.38,14,13.8,3.7,2.07,0.58,179,0.24,,,,1.7,0.31,-33,-282.2,0.723,67,2.6,,,,,,,,,,,,
PARTNERS,Yenisey,9/21/05,264,,15310,10.1,,,55.9,,,,,,,,5.3,-27.4,16,,0.18,11,0,12,,7.1,8,0.64,4.6,20,0.28,13,13,3.6,1.67,0.49,164,0.22,,,,1,0.2,-31.8,-334.5,0.67,41,2.2,,,,,,,,,,,,
PARTNERS,Yenisey,6/17/06,168,,82200,8.6,7.3,,14.9,,,,,,,,13,,,,0.29,32,0,21,,4.2,2.9,0.54,2.1,8.4,,,3.2,1.2,,,,,,,,26.1,,-27.6,,,,2.5,,,,,,,,,,,,
PARTNERS,Yenisey,11/22/06,326,,23246,,8.1,,49.6,,,,,,,,4.1,,,,0.21,132,0,11,,6.6,7.3,0.71,4.9,21.4,,,11.1,4.4,,,,,,,,2.4,0.1,-32.4,-394.6,0.602,18,3,,,,,,,,,,,,
Arctic-GRO I,Yenisey,6/17/09,168,,85400,,7.8,,25.2,0.383,0.079,0.045,0.04,0.029,-141,-18.6,9.8,-27.5,79.8,1.088,0.35,15,10,14,7,4.9,2.78,0.4,2.2,8.7,0.23,6,1.9,1.2,,,63,0.07,8.9,,,10.8,0.54,-29,,,64,3.8,,,,,,,,,,,,
Arctic-GRO I,Yenisey,6/21/09,172,,67200,,7.8,,25.5,0.383,0.075,0.042,0.037,0.027,-141,-19.8,9.5,-27.4,98.6,1.107,0.29,14,12,9,6,4.7,2.91,0.44,2.45,9.7,0.26,7,2.3,1.2,,,67,0.08,40.5,,,14.1,0.68,-28.4,-234.1,0.771,77,6.9,,,,,,,,,,,,
Arctic-GRO I,Yenisey,6/27/09,178,,45600,10.1,7.8,,27.8,0.372,0.073,0.041,0.036,0.026,-140,-19.1,9.6,-27.9,103.8,1.112,0.33,15,9,12,6,4.8,3.01,0.44,2.37,9.5,0.25,6,2.5,1.3,,,68,0.07,40.5,,,9.4,0.54,-28.3,-296.9,0.708,72,4.8,,,,,,,,,,,,
Arctic-GRO I,Yenisey,8/8/09,220,,15900,17.5,8,,59.6,0.17,0.025,0.012,0.011,0.007,-124,-17.3,5.6,-27.6,50.8,1.058,0.22,0,9,8,4,5.5,7.18,0.59,4.15,17.6,0.36,11,7.9,3.1,,,153,0.24,87.4,,,2.8,0.37,-32.7,,,62,3.8,,,,,,,,,,,,
Arctic-GRO I,Yenisey,11/30/09,334,,11300,0.5,7.8,,68.8,0.109,0.014,0.006,0.005,0.003,-130,-17.6,4,,,,0.3,103,21,4,5,6.2,8.45,0.76,5.38,24,0.34,14,7.5,4,,,201,0.35,50.7,,,0.2,0.54,-27,,,54,7.6,,,,,,,,,,,,
Arctic-GRO I,Yenisey,6/18/10,169,,64500,9.9,7.8,,35.4,0.42,0.082,0.046,0.04,0.03,-148,-19.5,10.8,-28.8,54.7,1.062,0.42,34,8,17,6,5,4.38,0.61,3,12.4,0.28,7,3.2,1.5,,,83,0.11,50.7,,,16.5,0.71,-27.6,-316.9,0.688,99,5.3,,,,,,,,,,,,
Arctic-GRO I,Yenisey,6/23/10,174,,52100,9.6,8,,36.9,0.41,0.075,0.041,0.036,0.027,-141,-19.2,10.5,-28.5,61.1,1.069,0.39,39,5,16,8,5.3,3.74,0.52,2.65,11.1,0.28,8,3.1,1.6,,,82,0.1,52.6,,,12.3,0.72,-28.8,-275.4,0.73,91,5.3,,,,,,,,,,,,
Arctic-GRO I,Yenisey,6/27/10,178,,42700,9.9,8,,36.8,0.393,0.079,0.044,0.039,0.029,-138,-18.6,10.2,-29.4,55.9,1.064,0.42,43,9,17,7,5.7,4.51,0.58,3.27,14.2,0.3,8,2.9,1.6,,,92,0.12,18.4,,,7.9,0.51,-29.6,-247.6,0.758,74,5.3,,,,,,,,,,,,
Arctic-GRO I,Yenisey,9/21/10,264,,23600,12,8,,53.5,0.246,0.054,0.033,0.03,0.023,-122,-16.4,9.1,-28.5,18.7,1.026,0.41,26,34,16,10,6.4,5.94,0.55,4.02,17.1,0.26,12,,,1.32,0.41,128,0.05,,,,5.2,0.51,-29.9,-302.6,0.702,74,5.6,,,,,,,,,,,,
Arctic-GRO I,Yenisey,12/8/10,342,,9180,,8.3,,66.9,0.132,0.023,0.013,0.011,0.009,-128,-17.8,5.4,-23.2,-46.6,0.96,0.33,96,21,15,9,6.3,7.78,0.62,5.47,23.2,0.29,13,,,1.83,0.4,203,0.15,,,,0.9,0.18,-30.6,-373.2,0.631,28,7.6,,,,,,,,,,,,
Arctic-GRO I,Yenisey,6/17/11,168,,25900,14.7,8.1,,39.2,0.286,0.06,0.037,0.033,0.025,-139,-19,9.5,-19,-2.3,1.005,0.2,8,6,15,11,5,4.17,0.46,2.85,12.1,0.17,7,4.6,1.8,1.04,0.41,94,bdl,55.1,,,2.2,0.31,-32,-252.3,0.753,56,5.7,,,,,,,,,,,,
Arctic-GRO I,Yenisey,6/21/11,172,,21800,15,7.7,,41.2,0.274,0.058,0.035,0.032,0.025,-143,-18.8,9,-21.9,26.9,1.035,0.22,6,8,12,8,4.9,4.36,0.5,3.01,12.7,0.25,8,7.5,2,1.12,0.43,98,bdl,55.1,,,1.6,0.31,-32.8,-186.2,0.82,55,4,,,,,,,,,,,,
Arctic-GRO I,Yenisey,7/2/11,183,,16500,15.2,,,33.4,0.234,0.049,0.03,0.027,0.022,-140,-18.4,8.1,-27.2,52.8,1.061,0.23,4,17,9,7,4.8,3.95,0.42,2.59,11.4,0.2,7,6.6,2.3,1.02,0.36,91,bdl,62.7,,,1,0.38,-33.1,-164.7,0.842,58,6.3,,,,,,,,,,,,
Arctic-GRO I,Yenisey,9/29/11,272,,17300,10.2,8.3,,,0.178,0.044,0.03,0.028,0.023,-128,-17.1,5.1,,29.1,1.037,0.09,5,16,9,6,5.8,7.2,0.49,4.39,18.7,0.29,10,5,5.2,1.6,0.37,157,0.1,68.4,,,1.3,0.18,-31.4,-120,0.887,31,4,,,,,,,,,,,,
Arctic-GRO I,Yenisey,12/2/11,336,,7800,0,,,66.8,0.136,0.028,0.018,0.017,0.013,-130,-18,5.2,-27.1,23.9,1.032,0.21,70,18,12,7,6.3,7.12,0.61,5.1,22,0.31,13,8.3,3.7,1.75,0.36,184,0.16,77.9,,,3.7,0.23,-30.8,-239.3,0.766,58,6.9,,,,,,,,,,,,
Arctic-GRO II,Yenisey,6/20/12,172,Kit 1,34800,12.7,,62,24.4,0.358,0.071,0.041,0.036,0.027,-160,-19.6,8.6,,,,0.28,10,13,15,10,4.6,3.26,0.39,2.35,9.7,0.28,7,3.6,1.3,0.87,0.35,75,0.07,,4.723,,4.2,0.49,-28.7,-215.6,0.79,55,4,,,,,,,,,,,,
Arctic-GRO II,Yenisey,8/19/12,232,Kit 2,11000,15.4,,148,60.6,0.113,0.021,0.014,0.013,0.011,-134,-17.4,3.8,-22.4,-53.8,0.953,0.19,1,10,5,9,3.4,8.72,0.79,4.99,22.9,,13,11.6,3.7,2.11,0.62,201,0.27,,4.221,,1.8,0.6,-31.3,,,82,2.8,,,,,,,,,,,,
Arctic-GRO II,Yenisey,10/19/12,293,Kit 3,11000,3,,164,66.9,0.092,0.019,0.013,0.012,0.01,-133,-17,3,,-28.2,0.979,0.24,21,26,7,11,5.9,10,0.77,5.94,26.4,,13,12.2,5.9,1.92,0.5,211,0.26,,3.428,,11.3,0.34,-30,-528.1,0.476,36,3.6,,,,,,,,,,,,
Arctic-GRO II,Yenisey,12/29/12,364,Kit 4,5850,0,,,67.7,0.091,0.019,0.013,0.013,0.011,-139,-17.8,3.3,-28.8,-14,0.993,0.32,124,31,12,7,7.6,9.58,0.9,5.58,26.1,,17,12.9,5.1,2.23,0.56,241,0.32,,2.876,,0.7,0.19,-28.3,-481,0.523,18,3.7,,,,,,,,,,,,
Arctic-GRO II,Yenisey,1/26/13,26,Kit 5,6450,0.2,,228,80.2,0.078,0.018,0.013,0.013,0.011,-135,-17.8,3.1,-12.1,-112.9,0.894,0.42,171,28,17,9,7.3,11.8,1.33,6.6,29.9,,20,16.4,5.7,2.69,0.68,287,0.37,,2.004,,1.8,0.23,-28.7,-682,0.321,21,6,,,,,,,,,,,,
Arctic-GRO II,Yenisey,3/24/13,83,Kit 6,6100,0.3,,184,74.6,0.068,0.02,0.016,0.016,0.015,-136,-17.6,2.2,-27.4,-18.4,0.989,0.3,149,13,9,16,5.5,11.4,0.76,6.05,28.2,,15,17.8,5.1,2.21,0.56,250,0.3,,2.42,,2.2,0.24,-27.5,,,24,9.1,,,,,,,,,,,,
Arctic-GRO II,Yenisey,5/15/13,135,Kit 7,25900,0.3,,176,72.1,0.065,0.01,0.006,0.006,0.005,-139,-17.8,2.5,-23.5,-3.8,1.004,0.32,164,16,12,10,5.5,10.3,0.89,5.63,25.8,,17,15.1,4.9,2.4,0.54,250,0.35,,4.799,,1.2,0.22,-28.5,-435.2,0.569,27,6.8,,,,,,,,,,,,
Arctic-GRO II,Yenisey,7/19/13,200,Kit 8,17700,17.6,,115,50.5,0.275,0.052,0.031,0.027,0.021,-143,-18.3,9.8,,,,0.28,2,7,9,6,5.1,6.46,0.71,3.91,17.7,,12,8.5,2.5,1.74,0.56,149,0.19,,24.108,,0.4,0.33,-31.5,-393,0.612,44,5.9,16,1,0.34,-31.2,74,6.8,,,,,,
Arctic-GRO II,Yenisey,9/23/13,266,Kit 11,17800,7.8,,145,61.1,0.166,0.028,0.016,0.014,0.011,-138,-18.2,6.3,,,,0.38,27,58,7,4,6,,,,,,,14.7,3.3,,,,,,9.573,,5.6,0.34,-30,-378.6,0.626,41,4.8,12,2.1,0.47,-30.1,42,3.5,,,,,,
Arctic-GRO II,Yenisey,11/30/13,334,Kit 9,9550,2,,136,22.3,0.12,0.025,0.016,0.015,0.013,-155,-20.5,4.5,,,,0.27,105,20,12,4,5.5,7.35,0.68,4.72,21.4,,12,9.2,3.8,1.72,0.48,172,0.25,,4.074,,3.9,0.82,-28.3,-329.7,0.675,74,5.6,,,,,,,,,,,,
Arctic-GRO II,Yenisey,2/25/14,56,Kit 12,6550,,,,58.9,0.085,0.018,0.012,0.012,0.01,-131,-17.3,3.4,,,,0.33,217,6,5,7,7.7,,,,,,,13.7,5.3,,,,,,1.816,,1.5,0.88,-26.8,-503.1,0.501,56,9.6,,,,,,,,,,,,
Arctic-GRO II,Yenisey,4/26/14,116,Kit 13,8450,1.5,,176,71.4,0.071,0.016,0.011,0.011,0.01,-142,-18.4,3.2,,,,0.36,239,31,7,7,6.8,,,,,,,14.6,4.5,,,,,,9.688,,0.4,0.26,-28.3,,,25,9.5,,,,,,,,,,,,
Arctic-GRO II,Yenisey,6/27/14,178,Kit 10,56000,14,,48,74.9,0.33,0.058,0.031,0.027,0.02,-137,-17.9,10.6,,,,0.3,5,8,10,4,3.4,2.71,0.34,1.94,7.7,,5,3,0.9,0.76,0.32,60,0.05,,13.998,,0.7,0.52,-28.1,-240.5,0.765,41,3.4,20,0.4,0.63,-29.7,66,3.1,,,,,,
Arctic-GRO II,Yenisey,8/17/14,229,Kit 14,17800,13.4,,119,55,0.209,0.038,0.022,0.02,0.015,-131,-17.6,5.8,,,,0.19,9,11,8,3,6.4,6.45,0.55,4.25,19.7,0.34,9,7.8,3,1.48,0.47,157,0.37,,23.493,,4.7,0.33,-29.7,-407.6,0.597,47,2.9,17,6.5,0.48,-30.3,53,2.8,,,,,,
Arctic-GRO II,Yenisey,10/17/14,290,Kit 15,14700,1.9,,130,57.3,0.195,0.035,0.02,0.018,0.014,-129,-17.7,5.3,,,,0.21,18,17,10,3,6.5,7.46,0.56,4.63,20.4,0.28,10,9.7,3.2,1.54,0.36,156,0.35,,2.312,,3.2,0.49,-29.1,-489.8,0.514,60,5.1,5,7,1.39,-28.7,145,3.3,,,,,,
Arctic-GRO II,Yenisey,12/7/14,341,Kit 16,8100,0.1,,168,68.3,0.114,0.02,0.012,0.011,0.009,-137,-18.6,3.8,,,,0.25,86,22,9,3,6.6,9.77,0.72,5.31,24.9,0.29,13,13.8,3.8,1.82,0.46,193,0.41,,2.215,,3.1,0.24,-28.7,-552.2,0.451,24,5.4,,,,,,,,,,,,
Arctic-GRO II,Yenisey,1/27/15,27,Kit 17,7900,0.2,,191,79.7,0.085,0.016,0.01,0.009,0.008,-135,-18.7,3.1,,,,0.26,168,11,11,4,7.2,10.8,0.72,6.31,29,0.27,19,14.9,5,2.48,0.48,274,0.46,,1.839,,2.9,0.38,-27.4,,,25,7,,,,,,,,,,,,
Arctic-GRO II,Yenisey,3/23/15,82,Kit 18,7650,0.2,,149,68.1,0.072,0.013,0.009,0.008,0.007,-135,-18.5,2.5,,,,0.25,172,8,5,5,5.6,9.3,0.67,5.33,24.9,0.23,16,12.9,4.6,2.01,0.43,237,0.43,,2.405,,2.1,0.14,-29,-715.4,0.287,16,8.8,,,,,,,,,,,,
Arctic-GRO II,Yenisey,5/4/15,124,Kit 19,9620,2.5,,165,70,0.079,0.014,0.009,0.008,0.007,-135,-18.2,2.8,,,,0.23,151,12,5,5,6,10,0.77,5.44,26.2,0.25,16,14.2,4.8,2.15,0.5,243,0.45,,2.664,,1.4,0.19,-28.6,-511.7,0.492,14,7.9,,,,,,,,,,,,
Arctic-GRO II,Yenisey,7/25/15,206,Kit 20,17100,18,,118,56.6,0.195,0.038,0.024,0.022,0.018,-137,-18.2,5.3,,,,0.16,3,6,4,3,6.1,6.91,0.56,4.21,19.6,0.33,12,9.3,3,1.61,0.51,159,0.36,,11.987,,1.4,0.36,-32.1,-362.6,0.642,52,3.8,20,2,0.23,-32.2,51,4,,,,,,
Arctic-GRO II,Yenisey,9/16/15,259,Kit 21,21100,10.4,,114,54.1,0.231,0.042,0.024,0.021,0.016,-128,-17.6,6,,,,0.25,6,8,7,10,6.5,6.36,0.48,4.27,17.3,0.36,11,8,2.5,1.48,0.38,143,0.21,,2.76,,1.3,0.29,-31.2,-299.8,0.706,57,2.5,26,1.5,0.29,-32.7,48,2.6,15,2.9,0.27,-32.6,52,2.5
Arctic-GRO II,Yenisey,11/25/15,329,Kit 22,8550,0.1,,149,62.7,0.148,0.027,0.016,0.014,0.011,-132,-18.4,4.3,,,,0.2,68,8,6,10,5.9,7.25,0.58,4.87,20.2,0.3,13,9.6,3.5,1.76,0.39,187,0.28,,2.42,,1.2,0.16,-30.7,,,20,4,,,,,,,,,,,,
Arctic-GRO II,Yenisey,2/23/16,54,Kit 23,8500,0.1,,202,77.7,0.083,0.013,0.008,0.008,0.006,-133,-18.6,2.8,,,,0.3,179,8,6,10,6.6,10.6,0.82,6.13,26.2,0.29,19,14.9,4.8,2.43,0.51,268,0.35,,5.06,,1.4,0.26,-28.3,-523.7,0.48,25,6,,,,,,,,,,,,
Arctic-GRO II,Yenisey,4/20/16,111,Kit 24,8650,0.1,,215,72.5,0.078,0.012,0.007,0.006,0.005,-136,-18.5,2.8,,,,0.33,169,9,7,11,6,10.4,0.84,5.61,24.8,0.28,17,14.5,4.4,2.18,0.48,244,0.35,,1.17,,0.4,0.16,-29.1,-480.8,0.523,19,6.7,,,,,,,,,,,,
Arctic-GRO II,Yenisey,6/19/16,171,Kit 25,57800,11.5,,55,24.7,0.467,0.086,0.048,0.042,0.032,-161,-21.8,11.6,,,,0.32,4,8,12,12,4,2.44,0.37,1.84,7.8,0.27,6,2.4,0.9,0.73,0.33,62,0.09,,8.04,,13.2,0.42,-28.7,-231.8,0.774,62,3.4,25,5.1,0.4,-29.4,58,2.6,16,3.8,0.31,-30,46,2.2
Arctic-GRO II,Yenisey,8/17/16,230,Kit 26,12700,16,,188,71.7,0.116,0.019,0.012,0.012,0.01,-130,-17.8,3.9,,,,0.16,0,14,4,10,4.2,2.25,0.23,1.51,9,0.19,9,3,1.1,0.72,0.2,87,0.18,,1.49,,0.8,0.53,-33.4,-353.8,0.651,97,2.4,21,1,0.43,-33.8,79,2.4,11,4.6,0.41,-34,76,2.1
Arctic-GRO II,Yenisey,10/4/16,278,Kit 27,12200,8.6,,177,65,0.177,0.028,0.015,0.013,0.009,-127,-17.3,5.2,,,,0.19,2,10,5,10,5.4,7.68,0.67,4.77,21.4,0.33,13,9.8,3.3,1.81,0.5,183,0.31,,1.48,,5.1,0.3,-33.1,-303.9,0.702,34,2.4,26,3.6,0.33,-33.4,52,2.1,13,7.4,0.29,-33,51,1.5
Arctic-GRO II,Yenisey,12/16/16,351,Kit 28,7900,,,,75.6,0.086,0.014,0.008,0.007,0.006,-138,-18.7,3,,,,0.23,105,9,6,10,5.9,10,0.76,5.68,26.1,0.33,16,14.7,4.3,2.02,0.49,219,0.37,,1.26,,7.2,0.22,-29.5,-429.9,0.575,17,3.2,,,,,,,,,,,,
Arctic-GRO III,Yenisey,2/19/17,50,Kit 30,7450,0.7,,,78.1,0.073,0.01,0.005,0.004,0.003,-131,-17.2,3.2,,,,0.3,190,20,,,6,10.5,1.2,5.66,26.2,,17,13.4,4.7,2.41,0.7,246,0.32,,1.05,,1.6,0.24,-27.9,-444.9,0.56,32.5,9.2,,,,,,,,,,,,
Arctic-GRO III,Yenisey,4/1/17,91,Kit 31,7500,1.5,,,76.3,0.067,0.01,0.005,0.005,0.004,-132,-17.2,3.6,,,,0.24,191,20,14,9,5.7,10,0.83,5.52,25.5,,17,13.7,4.5,2.37,0.51,242,0.32,,2.44,,0.2,0.18,-28.7,-526.9,0.477,18.8,8.8,,,,,,,,,,,,
Arctic-GRO III,Yenisey,6/17/17,168,Kit 32,70100,10.5,,,20.5,0.432,0.084,0.047,0.041,0.031,-157,-20.6,10.5,,,,0.25,10,4,7,6,2.7,2.13,0.39,1.87,7.2,,4,2.1,1,0.64,0.36,53,0.05,,4.94,,9.2,0.39,-28.6,-191,0.816,133.5,-3.1,30,6.2,0.5,-28.8,83,-0.2,16,8.2,0.53,-28.5,73,1.6
Arctic-GRO III,Yenisey,8/30/17,242,Kit 33,15900,13.5,,,63.8,0.147,0.022,0.011,0.009,0.007,-127,-16.6,5.4,,,,0.16,3,16,3,5,7,8.85,0.66,4.78,21.7,,12,12.7,3.4,2.05,0.61,191,0.23,,3.57,,1.5,0.42,-32.4,-363.1,0.642,64,4.3,25,0.6,0.58,-31.9,32,2.9,12,0.4,0.29,-33.6,50,4.2
Arctic-GRO III,Yenisey,10/10/17,283,Kit 34,16400,0.1,,,55.5,0.238,0.045,0.026,0.023,0.017,-126,-16.4,6.7,,,,0.24,45,10,9,6,7.7,6.14,0.5,4.09,17.7,,10,7.4,2.7,1.47,0.39,151,0.21,,2.3,,1.4,0.26,-31.1,-363.2,0.642,37,4.4,25,1.1,0.24,-31.6,33,3.7,12,1,0.26,-31.1,31,4.2
Arctic-GRO III,Yenisey,12/14/17,348,Kit 35,7900,0.3,,,71,0.112,0.018,0.01,0.008,0.006,-126,-17.3,4.6,,,,0.23,107,13,16,8,6.9,8.16,0.67,5.2,23.6,,13,10.9,3.8,1.9,0.49,201,0.29,,1.95,,0.9,0.2,-29.1,-499.8,0.504,17,4.5,,,,,,,,,,,,
Arctic-GRO III,Yenisey,1/27/18,27,Kit 36,7530,0.8,,,72,0.07,0.008,0.003,0.003,0.001,-133,-17.2,3.1,,,,0.33,134,22,14,5,7.5,9.17,0.69,5.6,23.9,0.3,6,14.1,4.6,2.05,0.47,230,0.29,62.7,,,0.6,0.18,-28.6,-367.7,0.638,20,7.5,,,,,,,,,,,,
Arctic-GRO III,Yenisey,3/19/18,78,Kit 37,7960,0.5,,,74.9,0.064,0.007,0.003,0.002,0.001,-133,-17,3.1,,,,0.32,166,11,14,5,7.4,10.03,0.86,5.86,25.5,0.31,15,12.4,4.9,2.26,0.5,247,0.32,88,,,0,0.19,-28.2,-332.6,0.673,28,6.1,,,,,,,,,, ,,
Arctic-GRO III,Yenisey,5/15/18,135,Kit 38,21400,0.2,,,70.3,0.065,0.007,0.003,0.002,0.001,-151,-17.1,3.2,,,,0.38,143,22,13,7,6.3,10.08,0.88,5.3,23.3,0.29,17,13.2,4.5,2.04,0.5,224,0.31,83,,,0,0.17,-28.3,-474.5,0.53,20,7.7,,,,,,,,,,,,
Arctic-GRO III,Yenisey,7/2/18,183,Kit 39,29700,17,,,26.7,0.328,0.059,0.031,0.028,0.02,-132,-19.8,8.1,,,,0.33,9,12,13,6,4.5,2.55,0.45,2.2,8.3,0.32,14,2,1.1,0.86,0.44,64,0.06,28.5,,,4.5,0.37,-29.7,-241.8,0.764,61,3.5,25,7.8,0.28,-31.2,38,4.4,12,5.4,0.55,-30.4,58,3.8
Arctic-GRO III,Yenisey,9/15/18,258,Kit 40,17600,10.1,,,65.2,0.112,0.014,0.006,0.005,0.002,-133,-16.4,4.4,,,,0.18,BD,6,5,2,5.6,7.21,0.56,4.05,17.4,0.3,6,8.4,2.8,1.65,0.44,152,0.22,68.4,,,1.8,0.38,-32.4,-261.2,0.745,58,4.9,25,2.2,0.37,-33.7,50,4.7,15,1.8,0.37,-33.6,59,4
Arctic-GRO III,Yenisey,11/16/18,320,Kit 41,7850,0.7,,,56.9,0.175,0.029,0.016,0.014,0.009,-143,-16.7,5.8,,,,0.3,54,27,9,3,7.4,7.63,0.51,4.62,19.2,0.31,10,9.1,3.6,1.37,0.35,149,0.18,54.5,,,2.4,0.34,-29,-368.3,0.637,32,5.2,,,,,,,,,,,,
Arctic-GRO III,Yenisey,2/20/19,51,Kit 42,7950,0,,,71.1,0.069,0.007,0.002,0.002,0,-132,-17.1,2.8,,,,0.3,157,4,15,7,6.9,9.52,0.76,5.45,23.9,0.3,9,12.4,4.6,2.02,0.47,224,0.29,87.4,,,0.3,0.22,-27.6,-367.5,0.638,24,8.8,,,,,,,,,,,,
Arctic-GRO III,Yenisey,4/20/19,110,Kit 43,9230,0,,,70.5,0.064,0.007,0.002,0.002,0,-129,-17,2.5,,,,0.33,157,4,15,8,6.2,9.34,0.79,5.13,21.8,0.31,15,12.4,4.7,1.66,0.53,223,0.31,95,,,0.1,0.27,-26.6,-324.4,0.681,33,8.2,,,,,,,,,,,,
Arctic-GRO III,Yenisey,6/28/19,179,Kit 44,47500,9.5,,,28.4,0.327,0.06,0.033,0.028,0.021,-147,-18.8,8.2,,,,0.22,13,2,7,5,5,3.25,0.37,2.43,9.7,0.3,16,3,1.7,0.87,0.3,74,0.06,30.4,,,6.3,0.36,-30.2,-232.4,0.774,48,5.2,24,2,0.27,-30.6,39,4.4,12,0,0.25,-30.8,43,3.6
Arctic-GRO III,Yenisey,8/19/19,231,Kit 45,14600,18,,,63.2,0.136,0.018,0.009,0.008,0.005,-131,-16.7,4.5,,,,0.15,2,0,16,4,5.8,7.64,0.68,4.9,20.8,0.43,6,8.2,3.3,1.9,0.59,176,0.28,76,,,0.9,0.5,-33,-247.6,0.759,68,4.5,25,0.3,0.63,-33.4,62,4,12,0.7,0.36,-33.4,60,4.2
Arctic-GRO IV,Yenisey,2/9/20,40,Kit 46,9400,1.5,,,69.8,0.076,0.009,0.005,0.004,0.003,-134,-17.4,2.8,,,,0.29,157,21,,14,6.4,10.4,0.77,5.54,24.8,,15,12.8,4.7,2.18,0.53,230,0.27,74.1,,,1.3,0.31,-31.1,-421.1,0.584,62,3.9,,,,,,,,,,,,
Arctic-GRO IV,Yenisey,6/14/20,166,Kit 47,30500,11.8,,,37,0.373,0.066,0.037,0.032,0.023,-144,-19.2,8.8,,,,0.24,6,8,,9,5.9,4.06,0.48,3.11,12.5,,8,3.7,1.7,1.15,0.42,97,0.1,39.9,,,3.7,0.31,-31.6,-192.6,0.814,47,3,24.5,5.8,0.55,-29.6,30,6.6,12,3.9,0.21,-31.9,87,4.6
Arctic-GRO IV,Yenisey,7/12/20,194,Kit 48,19000,15,,,50.7,0.231,0.035,0.019,0.016,0.012,-134,-17.6,6.3,,,,0.19,3,5,,7,5.7,6.41,0.55,3.99,17.4,,9,6.4,2.7,1.59,0.52,148,0.18,52.3,,,3,0.47,-32.1,-198.7,0.808,66,4.4,26,0.6,0.46,-32.4,69,3.5,12.5,1.1,0.37,-31.7,69,4
Arctic-GRO IV,Yenisey,8/29/20,242,Kit 49,14400,13,,,70.1,0.112,0.013,0.007,0.006,0.004,-127,-16.7,3.8,,,,0.15,3,3,,4,5.4,9.05,0.73,5.4,24.4,,15,10.5,3.8,2.25,0.6,214,0.31,78.8,,,1.6,0.28,-32.9,-225.8,0.781,64,3.6,24,0.7,0.47,-30.7,57,4.3,13,1.7,0.49,-29.7,60,5.7
Arctic-GRO IV,Yenisey,10/7/20,281,Kit 50,18000,7.3,,,63.1,0.214,0.033,0.018,0.015,0.01,-125,-16.6,6.5,,,,0.23,10,27,,7,7,7.83,0.61,4.86,21.7,,12,8.4,3.2,1.91,0.49,183,0.23,80.7,,,2.5,0.36,-30.4,-211,0.796,60,4.9,27,0.7,0.26,-31.8,40,3.4,13,0.9,0.38,-27.6,53,3.5
Arctic-GRO IV,Yenisey,12/7/20,342,Kit 51,12900,1.7,,,63.5,0.12,0.017,0.009,0.007,0.004,-130,-17.2,4.2,,,,0.25,91,20,,9,6.6,8.04,0.65,4.86,22.4,,12,9.6,3.7,1.78,0.45,184,0.25,63.6,,,1.7,0.47,-26.9,-433.4,0.571,31,6.8,,,,,,,,,,,,
Arctic-GRO IV,Yenisey,1/11/21,11,Kit 52,11900,0,,,67.5,0.108,0.014,0.007,0.006,0.003,-129,-17.5,3.5,,,,0.29,138,15,,15,7.4,9.85,0.66,5.26,24.7,,15,13.7,4.4,2.06,0.46,219,0.26,64.6,,,1.5,0.28,-27.6,-491.5,0.513,23,7.4,,,,,,,,,,,,
Arctic-GRO IV,Yenisey,3/5/21,64,Kit 53,12100,0.6,,,72.5,0.085,0.009,0.004,0.003,0.002,-127,-17,3.2,,,,0.36,183,15,,17,6.5,1.65,0.18,1.12,10.7,,8,1.9,0.8,0.48,0.12,89,0.1,51.3,,,1,0.31,-26.7,-349.9,0.656,18,2.1,,,,,,,,,,,,
Arctic-GRO IV,Yenisey,5/2/21,122,Kit 54,14500,0.1,,,19.3,0.071,0.009,0.004,0.003,0.002,-125,-17,2.8,,,,0.31,169,17,,13,5.8,9.3,0.83,5.24,24.2,,16,11.2,4.6,2.28,0.52,226,0.32,89.3,,,1.3,0.21,-26.7,-356.3,0.649,5,2,,,,,,,,,,,,
Arctic-GRO IV,Yenisey,7/4/21,185,Kit 55,36700,13.5,,,21.6,0.281,0.048,0.026,0.023,0.016,-132,-17.9,6.8,,,,0.25,25,4,,12,5.9,3.79,0.49,3.1,13.9,,8,3.6,2.1,1.05,0.43,105,0.14,41.8,,,1.7,0.53,-30.4,-208.8,0.798,57,5.9,25,1.6,0.38,-32.4,62,4.5,14,1.2,0.37,-32.1,56,5.1
Arctic-GRO IV,Yenisey,9/12/21,255,Kit 56,22700,12.5,,,62.8,0.114,0.014,0.006,0.005,0.003,-121,-16.6,3.9,,,,0.15,1,5,,7,4.9,2.8,0.27,2.03,11.4,,9,3.4,1.4,0.75,0.22,95,0.15,58,,,1.8,0.35,-31.4,-286,0.72,60,5.5,27,1.6,0.47,-30.7,55,5,12,1.3,0.34,-31.4,69,5.9
Arctic-GRO IV,Yenisey,11/17/21,321,Kit 57,12500,1,,,8.2,0.151,0.023,0.012,0.011,0.007,-123,-17.2,4.6,,,,0.23,67,11,,9,6.5,0.16,0.04,0.23,1.12,,1,0.1,0,0.06,0.04,9,0,17.1,,,2,0.32,-28.2,-374.1,0.631,30,6.3,,,,,,,,,,,,
Arctic-GRO IV,Yenisey,2/6/22,37,Kit 58,10400,3,,,,,,,,,,,,,,,,,,,,,,,,,,,,,,,,,,,,,,,,,,,,,,,,,,,,,,
Arctic-GRO IV,Yenisey,4/9/22,99,Kit 59,10500,5.9,,,,,,,,,,,,,,,,,,,,,,,,,,,,,,,,,,,,,,,,,,,,,,,,,,,,,,
Arctic-GRO IV,Yenisey,6/11/22,162,Kit 60,49000,10,,,,,,,,,,,,,,,,,,,,,,,,,,,,,,,,,,,,,,,,,,,,,,,,,,,,,,
Arctic-GRO IV,Yenisey,8/23/22,235,Kit 61,26600,16,,,,,,,,,,,,,,,,,,,,,,,,,,,,,,,,,,,,,,,,,,,,,,,,,,,,,,
Arctic-GRO IV,Yenisey,10/1/22,274,Kit 62,26600,8.5,,,,,,,,,,,,,,,,,,,,,,,,,,,,,,,,,,,,,,,,,,,,,,,,,,,,,,
Arctic-GRO IV,Yenisey,12/5/22,339,Kit 63,12200,4,,,,,,,,,,,,,,,,,,,,,,,,,,,,,,,,,,,,,,,,,,,,,,,,,,,,,,
Arctic-GRO IV,Yenisey,1/28/23,28,Kit 64,,3,,,,,,,,,,,,,,,,,,,,,,,,,,,,,,,,,,,,,,,,,,,,,,,,,,,,,,
Arctic-GRO IV,Yenisey,3/19/23,78,Kit 65,,5,,,,,,,,,,,,,,,,,,,,,,,,,,,,,,,,,,,,,,,,,,,,,,,,,,,,,,
Arctic-GRO IV,Yenisey,5/1/23,121,Kit 66,,4,,,,,,,,,,,,,,,,,,,,,,,,,,,,,,,,,,,,,,,,,,,,,,,,,,,,,,
Arctic-GRO IV,Yenisey,7/26/23,207,Kit 67,,14,,,,,,,,,,,,,,,,,,,,,,,,,,,,,,,,,,,,,,,,,,,,,,,,,,,,,,
PARTNERS,Lena,8/12/03,224,,22500,16.1,7.8,,39.9,,,,,,-141,-18.6,5.2,-27.1,,,0.23,13,27,9.4,,4.1,6.2,0.54,4,15.1,0.33,13,9.4,2.7,1.58,0.49,106,0.12,,,,111,2.21,-25.2,,,185,3.4,,,,,,,,,,,,
PARTNERS,Lena,4/9/04,100,,2314,-0.1,7.3,,71.1,,,,,,-158,-20.2,6.7,-27.2,63,,0.36,224,18,18,,8,41.5,0.83,9,28.4,0.19,29,81.4,11.8,3.16,0.73,287,0.42,,,,17.7,0.16,-31.5,-320.8,0.684,18,9.3,,,,,,,,,,,,
PARTNERS,Lena,6/5/04,157,,50632,4.8,7.8,,36.1,,,,,,-180,-23.6,14.8,-27.3,120,,0.41,31,37,8.8,,3.4,6,0.87,4,13.2,0.33,15,10.4,2.8,1.24,0.75,93,0.21,,,,221,4.13,-27.7,-262.2,0.743,399,4.1,,,,,,,,,,,,
PARTNERS,Lena,6/7/04,159,,77473,8.9,7.4,,34.5,,,,,,-182,-23.5,12.4,-28.3,121,,0.44,32,28,17,,3.6,4.7,0.86,3.7,12.8,0.37,14,7.6,2.3,1.12,0.68,87,0.21,,,,156.1,3.71,-27.4,-249.8,0.755,357,4,,,,,,,,,,,,
PARTNERS,Lena,8/19/04,232,,35500,14.4,7.4,,38,,,,,,-143,-18.7,6.7,-26.8,75,,0.17,24,0,6.1,,5.1,7.4,0.51,3.5,14.3,0.28,11,13.5,3.8,1.24,0.42,96,0.16,,,,27.5,0.71,-29.6,-289.5,0.715,154,3.8,,,,,,,,,,,,
PARTNERS,Lena,8/24/04,237,,31100,14.9,7.8,,36.8,,,,,,-140,-18.6,6.5,-26.5,39,,0.14,6,0,5.5,,5,7.8,0.54,3.8,14.8,0.25,13,14.6,4.4,1.32,0.48,112,0.18,,,,21,0.75,-30,-285.9,0.719,118,3.2,,,,,,,,,,,,
PARTNERS,Lena,10/7/04,281,,24800,1.5,8.1,,40.7,,,,,,-136,-17.9,6.6,-26.8,51,,0.19,38,0,4.1,,6.3,7.2,0.46,4.6,16.4,0.24,12,12.8,4,1.02,0.31,112,0.25,,,,17.8,0.66,-29.9,-283.4,0.721,101,4.1,,,,,,,,,,,,
PARTNERS,Lena,10/10/04,284,,26189,1.1,8.1,,31.1,,,,,,-134,-17.6,7.4,-26.4,63,,0.19,45,10,7.5,,6.6,6.7,0.45,4.5,15.6,0.22,13,11.8,3.9,0.91,0.38,115,0.26,,,,16.5,0.52,-30.3,-329.9,0.674,87,-0.8,,,,,,,,,,,,
PARTNERS,Lena,3/24/05,83,,3840,0.3,7.7,,49.9,,,,,,-156,-20.6,8.4,-27.5,83,,0.4,212,0,10.1,,7.3,30.1,0.81,7.9,23.1,0.21,23,69.6,10.6,2.45,0.6,162,0.3,,,,2.4,0.08,-35.2,-355.1,0.649,10,4.2,,,,,,,,,,,,
PARTNERS,Lena,5/27/05,147,,31374,2.8,7.6,,38.9,,,,,,-175,-22.7,14.8,-25.2,112,,0.43,36,39,17.4,,3.5,10.5,0.93,4.5,14.9,0.32,16,22.5,4,1.21,0.78,100,0.16,,,,77.3,1.95,-27.8,-288.7,0.716,258,4,,,,,,,,,,,,
PARTNERS,Lena,6/4/05,155,,87840,10,7.6,,36.1,,,,,,-175,-22.9,14.5,-27.3,87,,0.33,25,13,14.1,,3.7,5.2,0.78,3.5,12.1,0.26,13,9,2.5,1.26,0.53,83,0.16,,,,42.8,1.34,-26.9,-257.7,0.747,172,4.7,,,,,,,,,,,,
PARTNERS,Lena,8/6/05,218,,45500,14.7,7.7,,35.2,,,,,,-135,-17.9,8.8,-27.1,87,,0.22,32,0,6.8,,5.2,5.6,0.5,3.3,13.4,0.34,11,9.9,3.1,1.28,0.43,89,0.14,,,,49.5,0.98,-28.9,-336.4,0.668,188,3.8,,,,,,,,,,,,
PARTNERS,Lena,8/14/05,226,,37700,15.3,7.9,,37,,,,,,-137,-17.9,8.2,-27.1,73,,0.22,7,11,6.5,,5.7,7.8,0.56,4,15.5,0.34,14,14.5,3.9,1.48,0.51,118,0.18,,,,22,0.92,-29.5,-324.2,0.68,151,4.4,,,,,,,,,,,,
PARTNERS,Lena,10/9/05,282,,23900,0.1,8,,43.1,,,,,,-135,-17.8,7.3,-27,62,,0.2,31,0,5.8,,6.4,9.6,0.49,6.1,18.9,0.22,15,17.8,4.2,0.97,0.31,123,0.27,,,,27,0.9,-28.4,-355.7,0.649,112,3.7,,,,,,,,,,,,
PARTNERS,Lena,10/10/05,283,,23200,0.3,8.2,,43.4,,,,,,-135,-17.8,7,-27.5,61,,0.18,28,15,5.1,,6.5,11.2,0.49,5.9,18.3,0.19,16,23.4,5,1.06,0.37,134,0.31,,,,19,0.81,-29.2,-353.7,0.651,109,3.7,,,,,,,,,,,,
PARTNERS,Lena,6/6/06,157,,89100,7.3,7.7,,36.9,,,,,,-179,-23.5,13.7,,,,0.4,29,18,16.4,,3.3,3.2,0.89,3.5,11.8,,,4.6,1.7,,,,,,,,133.3,2.15,-27.8,-398.2,0.598,195,2.7,,,,,,,,,,,,
PARTNERS,Lena,11/14/06,318,,5399,,7.8,,65.7,,,,,,-144,-18.7,8.8,,,,0.31,74,36,7.1,,8.2,16.7,0.72,7.2,23.2,,,38.3,8,,,,,,,,2.7,0.19,-36,,,17,-0.4,,,,,,,,,,,,
Arctic-GRO I,Lena,5/31/09,151,,75200,,7.6,,33.3,0.637,0.128,0.073,0.065,0.048,-170,-22.6,17.5,-26.9,152.3,1.161,0.48,20,13,19,12,3.5,6.83,0.88,4.11,14,0.31,15,7.3,2.5,,,99,0.22,67.8,,,51.8,1.42,-27.1,-198.8,0.807,74,-6.3,,,,,,,,,,,,
Arctic-GRO I,Lena,6/5/09,156,,163000,,7.6,,36.1,0.642,0.123,0.068,0.06,0.044,-159,-21.1,16.7,,,,0.47,8,12,19.6,11,4.2,,,,,,,7.8,2.5,,,,,37.4,,,70.4,2.66,-27.2,-261,0.744,276,3.1,,,,,,,,,,,,
Arctic-GRO I,Lena,6/11/09,162,,163000,,7.6,,30.6,0.5,0.099,0.056,0.05,0.037,-166,-21.9,12.9,-27.1,101.6,1.11,0.34,3,4,5.5,10,2.9,3.13,0.58,3.42,13.2,0.26,11,2.8,1.5,,,73,0.2,55.1,,,79.7,1.83,-26.6,-270.9,0.734,179,4.2,,,,,,,,,,,,
Arctic-GRO I,Lena,8/22/09,234,,33500,,7.7,,44.9,0.217,0.038,0.021,0.018,0.013,-139,-18.2,6.8,-27.2,58.9,1.067,0.23,23,15,6.7,8,4.7,11.63,0.61,5.1,17.5,0.37,16,14.9,5.1,,,136,0.24,83,,,18,1.05,-29.7,,,115,4.4,,,,,,,,,,,,
Arctic-GRO I,Lena,11/18/09,322,,4890,,7.7,,66.2,0.228,0.041,0.024,0.021,0.016,-139,-18.5,7.7,-27.2,58.8,1.066,0.34,53,20,1.6,8,8.3,20.24,0.78,7.52,25.2,0.49,22,25.7,6.5,,,218,0.53,105.1,,,1.5,0.2,-32.5,-185.8,0.82,29,6.6,,,,,,,,,,,,
Arctic-GRO I,Lena,5/29/10,149,,80800,5,7.5,,32.6,0.579,0.113,0.064,0.057,0.043,-179,-23.4,15.8,-27.2,81.9,1.09,0.58,33,10,13.3,8,3.9,7.36,0.97,4.18,14.6,0.33,15,8.7,2.4,,,101,0.23,26,,,54.4,1.54,-28.3,-229.9,0.776,213,4.1,,,,,,,,,,,,
Arctic-GRO I,Lena,6/4/10,155,,104000,13.5,7.4,,47.8,0.667,0.127,0.07,0.062,0.046,-173,-22.8,18.2,-28,79.3,1.087,0.57,2,13,21.1,7,4.1,6.85,0.95,4.72,15.8,0.34,15,8.2,2.3,,,111,0.2,32.9,,,28.8,1.48,-29.1,-204.9,0.801,176,4.2,,,,,,,,,,,,
Arctic-GRO I,Lena,6/11/10,162,,65400,14.7,7.4,,37.7,0.488,0.092,0.05,0.044,0.032,-169,-22.6,13.3,-27.3,82.1,1.09,0.48,7,7,17.5,6,3.4,5.33,0.78,3.95,14.9,0.28,14,5.1,2.3,,,92,0.18,27.9,,,23.8,1.21,-27,-271.2,0.734,149,4.1,,,,,,,,,,,,
Arctic-GRO I,Lena,9/1/10,244,,21900,15.5,7.6,,49.2,0.201,0.038,0.023,0.021,0.017,-131,-18,8,-27.6,49.8,1.057,0.35,36,5,12,3,4.6,8.1,0.53,5.15,20.8,0.35,18,,,1.75,0.54,153,0.24,,,,29.2,0.87,-28,-296.3,0.709,161,8.5,,,,,,,,,,,,
Arctic-GRO I,Lena,11/23/10,327,,3160,,7.2,,71.3,0.279,0.047,0.027,0.024,0.019,-142,-19,11.6,-27.8,32.6,1.04,0.47,71,30,18.2,6,6.5,18.12,0.67,7.28,25.4,0.41,21,,,2.17,0.66,197,0.36,,,,0.7,0.21,-32.6,-244.8,0.761,35,11.5,,,,,,,,,,,,
Arctic-GRO I,Lena,5/27/11,147,,108000,7,7.4,,35.2,0.632,0.128,0.075,0.066,0.049,-185,-23.4,23.4,-25.8,83.5,1.092,0.39,19,10,18.1,16,3.5,5.57,1.2,3.52,11.7,0.33,14,9.6,1.8,2.53,0.8,91,0.13,51.3,,,36.4,1.77,-28.4,,,208,6.9,,,,,,,,,,,,
Arctic-GRO I,Lena,6/2/11,153,,73800,13.5,7.5,,41.3,0.576,0.112,0.064,0.056,0.042,-177,-23.3,17.5,-28.6,49.6,1.057,0.34,33,0,13.9,11,3.3,6.23,1.06,3.88,13.7,0.31,15,10.1,2.2,2.54,0.8,104,0.15,58.9,,,35.2,1.2,-29.4,-163.7,0.842,178,6.5,,,,,,,,,,,,
Arctic-GRO I,Lena,6/8/11,159,,43400,13.2,7.7,,43.6,0.482,0.096,0.056,0.049,0.037,-168,-22.4,17.6,-26.9,86.8,1.095,0.28,14,1,11,11,3.2,5.68,0.81,3.7,14.3,0.3,14,8.5,2.8,1.91,0.61,96,0.14,67.4,,,35.3,1.54,-28.9,,,181,7.4,,,,,,,,,,,,
Arctic-GRO I,Lena,9/17/11,260,,20200,5.1,8,,55.7,0.193,0.034,0.02,0.018,0.014,-140,-18.1,8.2,-27.4,38.1,1.046,0.24,6,9,6.5,7,5.2,14.75,0.65,5.73,20.7,0.39,18,13.8,10.1,1.65,0.51,177,0.43,100.7,,,101.5,1.71,-29.5,-274,0.731,161,4.1,,,,,,,,,,,,
Arctic-GRO I,Lena,11/16/11,320,,6020,0,,,69.4,0.166,0.028,0.016,0.014,0.011,-150,-19.2,7.1,,-49.8,0.957,0.2,62,11,6,5,6.6,21.15,0.71,7.03,26.7,0.4,22,12.4,10.2,2.13,0.66,224,0.49,101.6,,,4.3,0.15,-29.1,-167.4,0.839,44,6.6,,,,,,,,,,,,
Arctic-GRO II,Lena,6/6/12,158,Kit 1,75400,8,,,33.3,0.683,0.129,0.073,0.065,0.048,-182,-22.3,18.5,-27.9,84.8,1.093,0.57,11,15,25.7,11,3.3,5.17,1.03,3.64,13.1,0.42,14,7.8,2.1,1.93,0.69,92,0.19,,10.357,,35.4,,,-207,0.799,,,,,,,,,,,,,,
Arctic-GRO II,Lena,8/20/12,233,Kit 2,32800,15.7,,126,,,,,,,,,,,,,,,,,,,,,,,,,,,,,,,,4.727,,32.1,0.99,-30.5,,,116,2.6,,,,,,,,,,,,
Arctic-GRO II,Lena,10/8/12,282,Kit 3,24500,2.1,,157,52.5,0.206,0.036,0.02,0.018,0.013,-144,-18.3,6.3,-27,55,1.063,0.23,34,9,16.4,6,6,6.23,0.45,5.42,18.6,0.32,15,7.8,4,0.8,0.36,108,0.25,,5.56,,13.3,0.34,-29.2,,,40,2.6,,,,,,,,,,,,
Arctic-GRO II,Lena,12/8/12,343,Kit 4,3228,,,,72.5,0.206,0.038,0.022,0.02,0.015,-146,-19.7,6.2,-27.5,27.8,1.036,0.31,88,19,14.1,8,7.5,24.47,0.75,8.28,28.3,0.31,26,34.3,7.7,2.15,0.76,234,0.49,,2.766,,2.1,0.11,-30.3,-507.3,0.497,11,2.4,,,,,,,,,,,,
Arctic-GRO II,Lena,1/5/13,5,Kit 5,4780,,,,66.8,0.301,0.054,0.032,0.028,0.022,-156,-20.6,8.8,-28.1,60.6,1.069,0.45,132,19,16.5,11,7.5,23.35,0.76,8.01,26.1,0.28,23,32.5,7.9,2.64,0.68,229,0.38,,3.026,,2.1,0.12,-32.3,-477.4,0.527,12,5.1,,,,,,,,,,,,
Arctic-GRO II,Lena,3/31/13,90,Kit 6,2520,0,,851,81.3,0.163,0.029,0.017,0.015,0.012,-169,-21,4.8,-28.2,54.5,1.062,0.32,156,17,13.3,5,7.9,37.71,0.67,8.48,35.3,0.71,38,52.6,9.8,2.84,0.6,332,0.54,,7.551,,15.1,0.1,-34,-545.1,0.458,11,4.4,,,,,,,,,,,,
Arctic-GRO II,Lena,5/31/13,151,Kit 7,155000,5.3,,106,29,0.573,0.114,0.065,0.058,0.043,-193,-24.1,13.8,,,,0.41,10,16,18.5,3,2.7,1.09,0.49,3.06,10,0.31,11,0.8,1.1,0.97,0.36,53,0.13,,13.64,,53.4,1.4,-26.9,,,128,2.7,,,,,,,,,,,,
Arctic-GRO II,Lena,7/30/13,211,Kit 8,41000,19.9,,267,43.7,0.302,0.053,0.03,0.026,0.02,-141,-18.6,11.2,,,,0.24,6,25,16.1,4,4.4,10.68,0.63,4.29,17,0.5,15,15.6,3.8,2.49,0.67,129,0.19,,12.557,,51,1.46,-28.9,-261.9,0.744,173,3.1,6,23.3,0.98,-27,84,2.9,,,,,,
Arctic-GRO II,Lena,9/20/13,263,Kit 9,26000,7.4,,123,61.1,0.175,0.031,0.018,0.016,0.013,-135,-18.2,6.9,,,,0.28,88,5,17.8,3,5.5,2.59,0.44,6.34,24.8,0.33,17,2,7.8,1.09,0.29,153,0.23,,8.691,,25.5,0.68,-27.1,,,75,3,7,23.5,1.01,-27.8,79,2.9,,,,,,
Arctic-GRO II,Lena,11/16/13,320,Kit 10,3610,,,,73.3,0.215,0.035,0.019,0.017,0.013,-140,-19.1,8.7,,,,0.27,70,22,17,2,7.3,24.41,0.75,8.81,28.6,0.62,24,32.3,7.5,2.18,0.67,236,0.56,,3.6,,1.7,0.16,-32.6,-380.4,0.624,15,1.4,,,,,,,,,,,,
Arctic-GRO II,Lena,2/15/14,46,Kit 11,3910,,,,78.9,0.239,0.042,0.024,0.022,0.017,-154,-20.7,9.1,,,,0.46,182,22,18,3,7.3,38.01,0.88,9.68,32,0.72,29,53.8,10.3,3.61,0.76,309,0.48,,2.57,,2,0.14,-33.1,-351.4,0.654,14,5.4,,,,,,,,,,,,
Arctic-GRO II,Lena,4/11/14,101,Kit 12,2450,-0.1,,459,66.9,0.168,0.028,0.016,0.014,0.01,-152,-20.7,6.6,,,,0.45,214,31,19.6,3,6.7,51.59,0.93,10.83,37.5,0.99,36,75.2,12.7,4.36,0.8,373,0.58,,2.172,,3.4,0.23,-31.3,-363,0.642,18,4.7,,,,,,,,,,,,
Arctic-GRO II,Lena,6/4/14,155,Kit 13,77700,11.7,,103,36.1,0.655,0.124,0.07,0.062,0.046,-177,-23.8,23.5,,,,0.58,7,12,27.6,4,3.3,5.76,1.16,4.23,15.3,0.52,16,7.6,1.9,2.71,0.83,108,0.16,,13.184,,29.9,0.86,-28.9,-204.2,0.802,92,3.2,6,37.5,1.94,-28.6,195,3,,,,,,
Arctic-GRO II,Lena,8/27/14,239,Kit 14,27500,16.4,,275,36.1,0.166,0.03,0.017,0.015,0.012,-139,-18.7,6,,,,0.2,55,32,18.9,3,4.7,2.53,0.48,3.77,16,0.1,14,1.7,6,1.75,0.28,141,0.07,,9.254,,14.9,0.68,-28.9,-338.8,0.666,75,3.4,5,57.5,0.79,-28.7,73,4,,,,,,
Arctic-GRO II,Lena,10/30/14,303,Kit 15,4760,,,,61.7,0.128,0.018,0.01,0.009,0.006,-140,-18.8,5.9,,,,0.33,60,13,10.3,2,6.3,16,0.63,6.22,23,0.19,19,22.5,6.1,1.42,0.57,174,0.58,,1.686,,0.7,0.15,-30.7,-442.8,0.562,19,1.6,,,,,,,,,,,,
Arctic-GRO II,Lena,12/2/14,336,Kit 16,3120,,,,78.9,0.142,0.021,0.012,0.011,0.008,-148,-19.7,4.3,,,,0.19,88,15,1.6,2,6.8,23.4,0.72,8.4,30.2,0.2,27,32.3,8,2.03,0.72,237,0.66,,2.232,,1,0.09,-29.8,-597.8,0.405,9,0,,,,,,,,,,,,
Arctic-GRO II,Lena,1/6/15,6,Kit 17,3797,,,,67.9,0.312,0.05,0.027,0.024,0.018,-162,-21.1,8.7,,,,0.34,126,20,4.3,3,6.8,23.7,0.73,7.52,25.9,0.24,23,32.8,7.2,2.4,0.65,217,0.53,,2.379,,2,0.12,-32.9,-372.2,0.633,14,4.4,,,,,,,,,,,,
Arctic-GRO II,Lena,3/25/15,84,Kit 18,2076,,,,87,0.183,0.029,0.018,0.017,0.014,-166,-21.5,5.2,,,,0.3,189,13,5.7,3,6.8,43.6,0.88,10.2,35.3,0.17,32,63,11.2,3.52,0.8,316,0.65,,2.027,,0.7,0.09,-34.6,-520.5,0.483,11,4.4,,,,,,,,,,,,
Arctic-GRO II,Lena,5/2/15,122,Kit 19,2661,-0.1,,465,90.7,0.175,0.03,0.018,0.016,0.012,-164,-21.5,4.8,,,,0.32,191,14,3.9,3,6.1,52.8,0.95,11.3,38.9,0.18,35,74.4,12.6,4.03,0.84,360,0.7,,2.51,,2.1,0.25,-30.1,-473.4,0.531,18,4.8,,,,,,,,,,,,
Arctic-GRO II,Lena,7/9/15,190,Kit 20,48600,19.6,,112,36.2,0.316,0.046,0.025,0.022,0.016,-166,-21.8,8.2,,,,0.22,3,4,6.4,4,4.3,7.65,0.63,3.39,13.1,0.29,13,10.1,2.9,1.84,0.61,87,0.27,,13.021,,24.8,0.9,-30.3,-286.1,0.72,114,2.5,6,42.9,0.7,-30.9,89,2.9,,,,,,
Arctic-GRO II,Lena,9/23/15,266,Kit 21,15400,5,,272,69,0.236,0.033,0.018,0.016,0.012,-143,-18.9,7,,,,0.19,2,4,5.4,2,5.4,19.1,0.66,6.59,25.5,0.32,20,26.6,5.3,1.98,0.57,183,0.55,,8.247,,16.9,0.83,-31.6,-246.8,0.759,119,3.9,3,5.8,0.95,-31.7,74,7.4,2,11.5,1.16,-31.4,24,3.3
Arctic-GRO II,Lena,11/27/15,331,Kit 22,3312,,,,75,0.101,0.017,0.011,0.01,0.009,-149,-20.5,3.2,,,,0.27,81,10,3.7,6,5.8,21.5,0.72,7.92,27.1,0.22,29,31.6,8.6,2.62,0.57,249,0.48,,7.18,,1.6,0.11,-29.2,-574.2,0.429,12,-0.1,,,,,,,,,,,,
Arctic-GRO II,Lena,2/29/16,60,Kit 23,2690,,,,86.1,0.216,0.037,0.022,0.02,0.015,-172,-22.4,5.9,,,,0.3,173,24,3.3,11,6.7,44.4,0.88,10.4,32.8,0.23,32,67.5,11.4,3.5,0.82,324,0.55,,10.35,,1.7,0.21,-30.2,-473.2,0.531,19,3.7,,,,,,,,,,,,
Arctic-GRO II,Lena,4/1/16,92,Kit 24,2000,0.1,,,88.9,0.209,0.034,0.019,0.017,0.013,-167,-22.4,5.4,,,,0.33,182,24,3.4,10,6.8,49.6,0.91,11,34.6,0.21,37,76.2,12.3,3.79,0.82,344,0.59,,6.87,,2.1,0.15,-31.7,-436.5,0.568,14,3.1,,,,,,,,,,,,
Arctic-GRO II,Lena,6/29/16,181,Kit 25,61500,18.2,,270,40.3,0.284,0.041,0.022,0.019,0.014,-167,-21.2,7.6,,,,0.19,0,8,5,10,4.1,12,0.64,3.84,14.6,0.31,15,17.5,3.9,1.88,0.62,112,0.21,,3.33,,16.6,0.61,-31,-302,0.704,68,2.1,6,19.4,0.75,-30.4,101,2.3,3,15.7,0.81,-30.2,86,2.1
Arctic-GRO II,Lena,8/2/16,215,Kit 26,42100,15.5,,,40.2,0.268,0.04,0.021,0.019,0.013,-160,-21.1,7.1,,,,0.23,0,10,4.3,8,4.1,13,0.62,3.95,14.6,0.32,15,18.9,4.2,1.86,0.62,116,0.22,,21.12,,26,0.71,-30.2,-301,0.705,99,2.4,5,14.6,0.97,-29.6,96,2.8,2,23.1,0.78,-29.8,88,2.1
Arctic-GRO II,Lena,10/27/16,301,Kit 27,5430,,,,58.3,0.257,0.042,0.024,0.022,0.017,-148,-19.6,6.6,,,,0.23,52,10,1.9,8,6.1,16.8,0.64,6.12,20.3,0.25,21,24.8,5.9,1.38,0.6,172,0.49,,5.09,,0.6,0.17,-30.4,-380.7,0.624,24,0.7,,,,,,,,,,,,
Arctic-GRO II,Lena,12/6/16,341,Kit 28,4930,,,,83.9,0.168,0.028,0.017,0.016,0.013,-159,-20.5,4.6,,,,0.18,98,8,2.2,8,6.2,19.9,0.68,8.92,27,0.23,30,43.7,7.2,1.96,0.7,221,0.57,,2.18,,2.4,0.09,-30.1,-470.5,0.534,11,-0.5,,,,,,,,,,,,
Arctic-GRO III,Lena,2/27/17,58,Kit 30,2720,0,,,97,0.175,0.025,0.013,0.011,0.007,-162,-21,5.8,,,,0.35,180,28,6.2,2,7.1,53,0.95,11.8,37,,37,72.9,12.6,3.95,0.94,357,0.56,,3.88,,2.6,0.15,-30.1,-406.7,0.598,13,2.8,,,,,,,,,,,,
Arctic-GRO III,Lena,4/1/17,91,Kit 31,2260,1,,,94.3,0.163,0.024,0.012,0.01,0.007,-162,-21.1,5.8,,,,0.47,191,33,7.6,2,5.9,52.7,0.94,11.7,36.4,,36,72.3,12.4,3.91,0.9,353,0.55,,5.75,,1.7,0.14,-31,-462.8,0.542,13,2.9,,,,,,,,,,,,
Arctic-GRO III,Lena,6/29/17,180,Kit 32,62360,13,,,44.7,0.211,0.03,0.015,0.013,0.009,-154,-19.9,6.6,,,,0.21,4,10,4.9,2,3.8,14.3,0.74,4.35,16.3,,15,19.3,4.7,2,0.71,128,0.19,,14.26,,41,0.76,-30.1,-269.6,0.736,106,3.3,7,26.7,1.01,-32.3,168,3.4,3,23.2,1.11,-30.2,154,3.4
Arctic-GRO III,Lena,8/2/17,214,Kit 33,36800,12,,,47,0.128,0.018,0.009,0.007,0.005,-154,-19.9,4.4,,,,0.28,3,13,4.7,1,4.2,6.32,0.55,4.52,16.3,,14,7.4,4.4,1.5,0.46,127,0.17,,7.65,,7.6,0.52,-31.2,-397.1,0.608,82,3.3,6,0.8,0.53,-30.2,111,3.6,3,1.4,0.64,-30,111,3.6
Arctic-GRO III,Lena,10/28/17,301,Kit 34,11300,0,,,52.9,0.263,0.044,0.023,0.02,0.015,-139,-18.1,8,,,,0.23,48,24,6.4,2,7,13,0.59,5.29,18.1,,14,16.8,4.8,1.3,0.56,143,0.32,,3.97,,1.1,0.15,-31.4,-437.8,0.567,20,2.6,,,,,,,,,,,,
Arctic-GRO III,Lena,12/5/17,339,Kit 35,4430,0,,,69.1,0.337,0.051,0.026,0.022,0.015,-153,-19.8,10.1,,,,0.34,90,14,5.5,2,6.1,18.9,0.71,7.12,23.2,,20,24.7,5.7,1.98,0.79,189,0.35,,6.04,,1,0.12,-35.9,-451.7,0.553,17,0.6,,,,,,,,,,,,
Arctic-GRO III,Lena,1/3/18,3,Kit 36,4260,0,,,64.1,0.34,0.055,0.029,0.025,0.017,-161,-20.3,9.9,,,,0.4,99,24,5.8,2,7,4.19,0.16,1.81,17.3,0.14,18,4.6,1.3,0.77,0.16,121,0.12,70.3,,,0.3,0.09,-32.4,-365.2,0.64,13,4.2,,,,,,,,,,,,
Arctic-GRO III,Lena,3/8/18,67,Kit 37,2470,0.1,,,80.2,0.225,0.034,0.018,0.015,0.01,-163,-20.8,7.3,,,,0.37,154,24,5.6,2,7.7,38.01,0.91,10.37,31.3,0.2,28,57.5,10.8,3.39,0.83,293,0.45,103.9,,,1.5,0.13,-31.6,-344.4,0.661,14,4.7,,,,,,,,,,,,
Arctic-GRO III,Lena,5/1/18,121,Kit 38,1870,0.2,,,80.1,0.203,0.033,0.018,0.015,0.01,-165,-20.9,6.6,,,,0.29,133,20,6.9,2,7.6,38.1,0.88,10.26,30.5,0.21,28,56.7,10.6,3.32,0.8,290,0.44,102,,,0.8,0.15,-31.5,-355.7,0.65,13,4.3,,,,,,,,,,,,
Arctic-GRO III,Lena,7/18/18,199,Kit 39,42900,15,,,40.8,0.199,0.029,0.015,0.013,0.008,-159,-20.3,6.4,,,,0.17,BD,BD,3.2,2,4.5,11.97,0.67,4.11,14.9,0.33,13,15.1,3.9,2.01,0.62,115,0.16,98.2,,,20.4,1.07,-31.6,-259.7,0.747,153,2.4,7,21.5,1.46,-30.4,165,1.8,3,22.3,1.24,-30.7,157,1.7
Arctic-GRO III,Lena,9/29/18,272,Kit 40,44000,7,,,57.8,0.268,0.041,0.021,0.018,0.012,-139,-17.5,8.7,,,,0.21,3,3,3.8,1,5.9,12.67,0.62,5.46,19.2,0.27,14,16.2,4.4,1.74,0.47,145,0.31,79.8,,,11,0.54,-31.6,-260.3,0.746,72,3.6,7,8.2,0.69,-30.6,93,3.8,4,8.4,0.67,-30.5,91,3.2
Arctic-GRO III,Lena,11/28/18,332,Kit 41,3640,-0.5,,,74.1,0.265,0.041,0.021,0.017,0.011,-148,-18.8,7.8,,,,0.29,57,25,5.4,1,7.8,20.42,0.78,8.03,26.6,0.25,22,30.5,7.1,2.15,0.76,224,0.49,105.1,,,0,0.16,-35,-356,0.649,21,1.1,,,,,,,,,,,,
Arctic-GRO III,Lena,2/17/19,48,Kit 42,6010,0.5,,,73.9,0.297,0.048,0.025,0.022,0.015,-165,-21.1,7.9,,,,0.34,141,5,7.3,3,7.9,31.72,0.82,8.87,27.6,0.22,25,49.2,9.4,3.04,0.81,254,0.4,92.5,,,1.2,0.13,-31.7,-395.8,0.609,16,4.9,,,,,,,,,,,,
Arctic-GRO III,Lena,4/2/19,92,Kit 43,3660,0,,,80.7,0.227,0.033,0.017,0.015,0.01,-165,-21.1,6.8,,,,0.33,141,7,8.7,3,7.7,39.9,0.86,10.33,30.8,0.22,29,61.9,11,3.4,0.8,295,0.45,98.2,,,1.9,0.15,-31.2,-350.7,0.655,16,6.3,,,,,,,,,,,,
Arctic-GRO III,Lena,6/9/19,160,Kit 44,62800,12,,,39.2,0.73,0.126,0.068,0.06,0.044,-183,-23.3,19.1,,,,0.51,6,1,15.4,4,4,4.08,1.02,4.22,13.4,0.34,13,4.6,1.7,1.77,0.72,94,0.11,44.3,,,33,0.89,-28.1,-234.8,0.772,118,2.9,5,12.7,1.29,-27.6,164,0.9,11,16.2,1.47,-27.6,176,1.2
Arctic-GRO III,Lena,8/2/19,214,Kit 45,22300,15,,,40.3,0.388,0.062,0.032,0.028,0.021,-166,-21.1,11,,,,0.26,3,1,9.9,4,4.4,5.03,0.61,3.79,13.4,0.36,10,5.1,1.8,1.65,0.53,81,0.12,59.5,,,45.2,0.7,-30.1,-315.5,0.69,118,1.9,4,36,1.25,-28.8,184,1.5,9,15.6,1.34,-28.8,158,1.9
Arctic-GRO IV,Lena,2/10/20,41,Kit 46,4280,0,,,90,0.169,0.024,0.012,0.01,0.007,-159,-20.9,5.1,,,,0.3,178,15,,3.7,7.7,43.6,0.9,10.8,34.8,,33,56.5,11.7,3.55,0.87,322,0.51,119.7,,,2.6,0.11,-30.2,-262.9,0.743,12,4.9,,,,,,,,,,,,
Arctic-GRO IV,Lena,4/2/20,93,Kit 47,2390,0,,,87.1,0.183,0.026,0.014,0.012,0.008,-159,-20.9,5.2,,,,0.31,167,18,,4.1,6.7,43.8,0.88,10.6,33.8,,33,56.5,11.7,3.5,0.89,319,0.49,114.9,,,3.2,0.13,-29.9,-333.5,0.672,13,3.9,,,,,,,,,,,,
Arctic-GRO IV,Lena,6/30/20,182,Kit 48,43400,17,,,37.2,0.539,0.078,0.041,0.036,0.025,-158,-20.6,14.8,,,,0.41,3,4,,4.5,4.5,5.8,0.64,3.7,13.5,,12,5.6,2.2,1.7,0.57,90,0.11,56.1,,,18,0.88,-31.8,-225.6,0.781,88,2.8,7,14.8,1.07,-31.4,126,3,4,13.3,1.17,-31.6,152,3.6
Arctic-GRO IV,Lena,8/30/20,243,Kit 49,27500,11,,,40.6,0.356,0.056,0.031,0.027,0.019,-129,-17.1,9.2,,,,0.24,5,4,,3.6,5.7,10.9,0.62,4.03,14.7,,13,12.7,3.5,1.54,0.63,124,0.24,81.7,,,13.2,0.6,-31.4,-249.5,0.757,87,3.4,6,7.6,0.73,-30.2,122,2.9,3,4,0.77,-30.1,123,2.6
Arctic-GRO IV,Lena,10/30/20,304,Kit 50,6150,0,,,60.5,0.245,0.036,0.019,0.016,0.011,-135,-18.2,7,,,,0.24,41,10,,3,7,16.4,0.69,6.27,22.2,,19,20.1,6.4,1.55,0.66,199,0.44,101.6,,,2.4,0.22,-30.1,-306.7,0.699,22,2.6,,,,,,,,,,,,
Arctic-GRO IV,Lena,12/2/20,337,Kit 51,3330,0,,,69.2,0.366,0.055,0.03,0.026,0.019,-150,-19.5,10.7,,,,0.37,65,24,,3.4,6.9,18.1,0.73,7.22,24.7,,19,22.2,5.8,2.21,0.78,208,0.35,74.1,,,1.5,0.13,-34.4,-288.9,0.717,16,0.5,,,,,,,,,,,,
Arctic-GRO IV,Lena,1/31/21,31,Kit 52,3850,-0.1,,,26.6,0.318,0.046,0.024,0.021,0.015,-157,-21.2,8.6,,,,0.37,159,11,,3.9,7.6,34.2,0.89,8.96,30,,29,48.3,10.6,3.28,0.79,297,0.46,102.6,,,2.1,0.16,-30.6,-395.6,0.61,18,4.5,,,,,,,,,,,,
Arctic-GRO IV,Lena,3/16/21,75,Kit 53,3180,-0.5,,,70.6,0.279,0.042,0.023,0.021,0.015,-160,-21.2,7.5,,,,0.38,188,11,,4,7.4,37,0.87,9.39,23.4,,22,53,10.9,3.45,0.82,265,0.43,99.7,,,2,0.16,-31.6,-479.2,0.525,15,5.4,,,,,,,,,,,,
Arctic-GRO IV,Lena,5/1/21,121,Kit 54,2620,0.1,,,82,0.258,0.039,0.021,0.019,0.013,-152,-21.1,7,,,,0.36,195,9,,4,7,28.9,0.6,6.7,21.6,,24,42.2,8.2,2.36,0.57,230,0.36,99.7,,,1.3,0.13,-32.4,-401,0.604,21,5.2,,,,,,,,,,,,
Arctic-GRO IV,Lena,7/19/21,200,Kit 55,33700,17,,,37.1,0.296,0.045,0.024,0.022,0.015,-154,-20.1,8,,,,0.22,2,1,,2.6,4,1.29,0.11,0.87,5.9,,8,1.5,0.6,0.35,0.11,46,0.07,62.7,,,15.8,0.82,-31.4,-301.6,0.704,90,1.8,8,14.1,1.04,-30.6,130,2.9,4,4.6,0.7,-32,118,2.7
Arctic-GRO IV,Lena,9/30/21,273,Kit 56,26800,6,,,31.3,0.283,0.042,0.023,0.02,0.015,-131,-17.4,7.6,,,,0.26,55,14,,3.2,6.7,4.91,0.27,2.34,11.6,,11,6.8,2.6,0.59,0.24,90,0.21,68.4,,,2.9,0.18,-28.2,-402.9,0.602,18,2.1,6,2,0.21,-27.6,14,1.9,3,2.9,0.21,-27.7,79,4.1
Arctic-GRO IV,Lena,11/25/21,329,Kit 57,5110,0.5,,,28.8,0.244,0.033,0.017,0.015,0.011,-142,-18.3,7.2,,,,0.28,77,20,,3.7,7.7,13.9,0.54,5.12,19.6,,20,19,5.4,1.29,0.56,172,0.44,101.6,,,1.3,0.12,-33.5,-389.8,0.615,14,-0.1,,,,,,,,,,,,
Arctic-GRO IV,Lena,2/2/22,33,Kit 58,5190,-0.5,,,,,,,,,,,,,,,,,,,,,,,,,,,,,,,,,,,,,,,,,,,,,,,,,,,,,,
Arctic-GRO IV,Lena,4/6/22,96,Kit 59,3160,,,,,,,,,,,,,,,,,,,,,,,,,,,,,,,,,,,,,,,,,,,,,,,,,,,,,,,
Arctic-GRO IV,Lena,6/30/22,181,Kit 60,49800,17,,,,,,,,,,,,,,,,,,,,,,,,,,,,,,,,,,,,,,,,,,,,,,,,,,,,,,
Arctic-GRO IV,Lena,8/25/22,237,Kit 61,45000,16,,,,,,,,,,,,,,,,,,,,,,,,,,,,,,,,,,,,,,,,,,,,,,,,,,,,,,
Arctic-GRO IV,Lena,10/29/22,302,Kit 62,8250,-0.5,,,,,,,,,,,,,,,,,,,,,,,,,,,,,,,,,,,,,,,,,,,,,,,,,,,,,,
Arctic-GRO IV,Lena,12/2/22,336,Kit 63,3120,-0.5,,,,,,,,,,,,,,,,,,,,,,,,,,,,,,,,,,,,,,,,,,,,,,,,,,,,,,
Arctic-GRO IV,Lena,1/30/23,30,Kit 64,,-0.5,,,,,,,,,,,,,,,,,,,,,,,,,,,,,,,,,,,,,,,,,,,,,,,,,,,,,,
Arctic-GRO IV,Lena,3/12/23,71,Kit 65,,-0.5,,,,,,,,,,,,,,,,,,,,,,,,,,,,,,,,,,,,,,,,,,,,,,,,,,,,,,
Arctic-GRO IV,Lena,5/2/23,122,Kit 66,,-0.5,,,,,,,,,,,,,,,,,,,,,,,,,,,,,,,,,,,,,,,,,,,,,,,,,,,,,,
Arctic-GRO IV,Lena,7/28/23,209,Kit 67,,17,,,,,,,,,,,,,,,,,,,,,,,,,,,,,,,,,,,,,,,,,,,,,,,,,,,,,,
PARTNERS,Kolyma,8/26/03,238,,2340,11.1,7.7,,30.7,,,,,,-165,-21.2,2.9,-27.5,-18.9,,0.11,1,0,5.8,,4.9,1.8,0.55,2.6,11.8,0.67,9,,,0.42,0.24,67,0.05,,,,13.3,0.4,-33,,,57,2.5,,,,,,,,,,,,
PARTNERS,Kolyma,6/11/04,163,,19300,10.9,6.7,,16.7,,,,,,-185,-23.9,10.3,-27.3,86.8,,0.3,39,0,14.7,,3.9,1.2,0.86,1.8,8.7,0.62,9,0.6,2.1,0.33,0.3,44,0.05,,,,162.7,1.03,-26.5,-370,0.634,249,4.5,,,,,,,,,,,,
PARTNERS,Kolyma,6/15/04,167,,16300,11.8,7.4,,18.4,,,,,,-183,-23.7,9.1,-30,-3.9,,0.23,31,53,14.4,,4.1,1.1,0.76,1.9,9.6,0.56,9,0.3,2,0.34,0.24,47,0.05,,,,82.5,1.08,-28.1,,,315,3.8,,,,,,,,,,,,
PARTNERS,Kolyma,6/25/04,177,,12600,12.3,7.2,,14.7,,,,,,-177,-22.8,6.4,-27.4,44.8,,0.2,50,0,9.4,,4.4,1.3,0.68,1.9,9.3,0.46,8,0.3,2.5,0.37,0.2,41,0.03,,,,68.1,0.71,-29.7,-375,0.629,158,4.4,,,,,,,,,,,,
PARTNERS,Kolyma,7/15/04,197,,8040,7.1,7.1,,15.9,,,,,,-169,-21.7,5.9,-27.4,55.4,,0.2,45,34,8.8,,5.6,1.5,0.57,2.1,10,0.64,8,0.3,3.2,0.41,0.19,46,0.03,,,,38.6,0.51,-29.9,-411,0.593,127,3.8,,,,,,,,,,,,
PARTNERS,Kolyma,8/10/04,223,,5970,12.4,7.9,,22.8,,,,,,-166,-21.3,3.9,-26.7,-5.1,,0.16,42,9,7.5,,5.8,1.6,0.52,2.4,11.6,0.5,8,0.3,3.7,0.4,0.19,58,0.04,,,,30.3,0.46,-29.7,-413,0.591,139,3.5,,,,,,,,,,,,
PARTNERS,Kolyma,8/25/04,238,,7290,12.6,7.5,,23,,,,,,-165,-21.2,4.4,-27,19.1,,0.17,50,0,7.5,,6.1,1.5,0.51,2.3,11.2,0.52,8,0.2,3.9,0.4,0.2,58,0.04,,,,37.4,0.61,-28.8,-417,0.587,158,4,,,,,,,,,,,,
PARTNERS,Kolyma,9/23/04,267,,6950,7,7.8,,38.6,,,,,,-164,-20.9,3.9,-27.3,8.5,,0.15,32,11,6.8,,6.1,1.7,0.44,3.1,14.3,0.4,9,0.2,4.6,0.4,0.16,71,0.06,,,,37.1,0.66,-29.5,-437,0.567,162,4,,,,,,,,,,,,
PARTNERS,Kolyma,4/22/05,112,,353,0.1,6,,25.8,,,,,,-171,-22.7,3.2,-27.2,20.4,,0.18,140,0,4.5,,8,2.1,0.56,3,13.2,,,0.5,5.8,,,,,,,,,0.57,-34.6,-635,0.367,88,6.8,,,,,,,,,,,,
PARTNERS,Kolyma,6/30/05,181,,7510,14.5,7.4,,22,,,,,,-167,-21.9,5.7,-26.1,-12.7,,0.25,31,11,5.1,,5.5,1.6,0.56,2.5,12.3,,,0.3,3.2,,,,,,,,37.5,0.63,-30.5,-397,0.607,141,5,,,,,,,,,,,,
PARTNERS,Kolyma,7/19/05,200,,4890,13.2,7.7,,27.1,,,,,,-167,-21.7,4.4,-26.9,12.3,,0.18,66,14,6.8,,5.9,1.8,0.54,2.5,11.2,,,0.2,3.9,,,,,,,,12,1.46,-27.4,-423,0.581,310,4.5,,,,,,,,,,,,
PARTNERS,Kolyma,8/14/05,226,,6540,13.7,7.5,,26.6,,,,,,-164,-21.3,6.2,-27.3,49.9,,0.17,31,8,7.1,,4.9,1.4,0.41,2.7,13.3,,,0.1,3.1,,,,,,,,55.3,1.27,-27.3,-574,0.429,280,5.2,,,,,,,,,,,,
PARTNERS,Kolyma,8/27/05,239,,8680,12.8,7.7,,42.1,,,,,,-162,-21.1,8.1,-27.5,73.5,,0.19,39,12,8.8,,5.2,1.6,0.52,1.9,9.5,,,0.2,2.5,,,,,,,,55.3,,-28.4,-526,0.477,,6.2,,,,,,,,,,,,
PARTNERS,Kolyma,9/12/05,255,,5860,8.9,7.4,,27.4,,,,,,-162,-20.7,5.5,-27.3,40.5,,0.21,48,0,11.4,,6.4,1.8,0.51,2.7,14.4,,,0.2,4.4,,,,,,,,20,0.57,-28.4,-497,0.506,113,3.7,,,,,,,,,,,,
PARTNERS,Kolyma,9/29/05,272,,2940,4.1,7.5,,27.8,,,,,,-161,-20.6,6.6,-24.2,-14.6,,0.21,36,0,8.1,,6.3,1.9,0.45,3,12.2,,,0.2,4.4,,,,,,,,10,0.45,-29.9,-493,0.511,88,3.8,,,,,,,,,,,,
PARTNERS,Kolyma,7/24/06,205,,4890,12.1,6.9,,23.2,,,,,,-166,-21.4,8.7,,,,0.16,141,0,7.1,,5.2,1.6,0.5,2.5,11.4,,,0.3,3.2,,,,,,,,11.1,0.37,-31.8,-391,0.606,52,3.2,,,,,,,,,,,,
PARTNERS,Kolyma,11/20/06,324,,1120,0,7,,28,,,,,,-161,-20.7,7.2,,,,0.18,25,18,9.4,,7.2,2.2,0.59,3.4,14.8,,,0.5,6.3,,,,,,,,0.4,0.08,-35.1,-168,0.827,13,1.7,,,,,,,,,,,,
Arctic-GRO I,Kolyma,6/5/09,156,,12800,7.5,7.7,,18.9,0.359,0.063,0.034,0.03,0.022,-181,-23.6,10.7,-27.6,63.2,1.071,0.4,32,3,9.3,4,3.4,1.34,0.66,1.92,9.2,0.4,8,0.5,2.8,0.32,0.38,45,0.05,41.8,,,77.6,1.17,-27.4,-365,0.64,125,1.3,,,,,,,,,,,,
Arctic-GRO I,Kolyma,6/12/09,163,,11100,11.8,7.7,,22.4,0.291,0.053,0.029,0.025,0.018,-178,-23.4,9.1,-27.7,72.8,1.081,0.31,25,7,10,5,3.9,1.33,0.67,2.08,10.5,0.3,9,0.2,3.1,0.35,0.23,53,0.05,19.6,,,70.4,1.01,-27.3,-355,0.65,93,5.3,,,,,,,,,,,,
Arctic-GRO I,Kolyma,6/21/09,172,,8270,11,7.9,,22.9,0.164,0.026,0.013,0.011,0.008,-172,-22.6,5.5,-27.6,37.5,1.045,0.25,27,6,6.7,3,4,1.49,0.56,2.08,10,0.24,8,0.3,3.8,0.39,0.23,53,0.03,50,,,31.4,0.72,-28,-355,0.649,58,2.3,,,,,,,,,,,,
Arctic-GRO I,Kolyma,9/9/09,252,,8390,7.6,7.3,,19.8,0.095,0.015,0.007,0.006,0.004,-153,-20.3,3.9,,,,0.19,36,9,6.7,3,4.8,2.32,0.64,2.71,12.2,0.21,11,0.1,,0.33,0.25,77,0.02,17.7,,,115.1,0.84,-27.4,-422,0.582,91,4.6,,,,,,,,,,,,
Arctic-GRO I,Kolyma,11/8/09,312,,,0,6.8,,28.8,0.051,0.006,0.003,0.002,0.002,-156,-20.9,2.6,-26.8,-21.6,0.985,0.15,55,5,11.3,2,6.5,2.41,0.56,3.63,15.9,0.2,11,0.4,9,0.53,0.24,94,0.04,53.8,,,3.3,0.2,-35.5,-196,0.81,27,7.8,,,,,,,,,,,,
Arctic-GRO I,Kolyma,5/30/10,150,,17700,7.1,7.3,,28.4,0.486,0.097,0.057,0.051,0.038,-198,-25.6,18.4,-28,93.9,1.102,0.49,41,12,16.5,7,2.9,0.93,0.67,1.85,9.3,0.41,10,,,0.28,0.27,49,0.06,,,,151.7,1.52,-27.6,-401,0.604,203,7,,,,,,,,,,,,
Arctic-GRO I,Kolyma,6/7/10,158,,12000,11.1,7.2,,25.1,0.304,0.058,0.034,0.031,0.023,-186,-24.4,11.7,-27.9,61.5,1.069,0.33,20,14,19.5,5,3.4,1.04,0.6,1.7,8,0.4,8,,,0.3,0.23,43,0.04,,,,95.2,1.48,-28,-453,0.551,220,4.9,,,,,,,,,,,,
Arctic-GRO I,Kolyma,6/13/10,164,,8470,11.1,7.3,,,0.237,0.044,0.025,0.022,0.016,-184,-23.6,9.3,-27.7,59,1.067,0.28,22,7,16.5,4,3.8,1.03,0.5,1.47,8.3,0.4,8,,,0.33,0.2,43,0.03,,,,31,0.91,-29.5,-477,0.526,81,4.7,,,,,,,,,,,,
Arctic-GRO I,Kolyma,9/20/10,263,,7510,6.2,7.9,,30.2,0.09,0.016,0.009,0.008,0.006,-156,-20.9,3.5,-28.1,17.7,1.025,0.14,21,33,13.9,4,5.3,2.04,0.5,3.48,15.5,0.31,11,,,0.45,0.21,87,0.03,,,,120.1,1.32,-28.7,-517,0.487,135,5.2,,,,,,,,,,,,
Arctic-GRO I,Kolyma,11/17/10,321,,,0,7.9,,34.2,0.124,0.021,0.012,0.011,0.008,-162,-21.1,5.9,-27.6,21.6,1.029,0.28,70,21,15.9,4,6.6,2.19,0.5,3.83,16.8,0.26,12,,,0.52,0.22,93,0.03,,,,6.1,0.33,-30.6,-429,0.576,17,3.7,,,,,,,,,,,,
Arctic-GRO I,Kolyma,6/10/11,161,,21900,6.2,7.1,,26.7,0.413,0.103,0.071,0.066,0.056,-197,-24.2,14.7,-27.8,79.1,1.087,0.28,19,18,,,2.6,0.96,0.69,2.09,8.9,0.22,8,0.3,2.8,0.31,0.3,47,0.03,37.1,,,272.5,3.45,-28.3,-417,0.587,613,4.8,,,,,,,,,,,,
Arctic-GRO I,Kolyma,6/17/11,168,,20500,11.3,7.2,,26.1,0.292,0.061,0.037,0.033,0.026,-188,-24,10.7,-27.9,69.2,1.077,0.27,21,27,15.4,,3.1,1.1,0.59,1.78,8.8,0.67,8,,2.3,0.35,0.29,46,0.05,53.2,,,229.4,2.42,-28,-425,0.58,366,2.8,,,,,,,,,,,,
Arctic-GRO I,Kolyma,6/24/11,175,,20200,13.7,7.2,,29.6,0.236,0.045,0.026,0.023,0.017,-189,-23.7,8.9,-27.2,50.1,1.058,0.2,21,30,14.5,,3.7,1.18,0.58,2.08,11,0.78,11,0.2,,0.37,0.29,54,0.04,50.3,,,250.3,3.21,-28.5,-460,0.544,314,2.6,,,,,,,,,,,,
Arctic-GRO I,Kolyma,9/5/11,248,,6410,8.9,7.8,,17.5,0.099,0.016,0.009,0.008,0.006,-167,-21.3,4.2,-26.6,-28.3,0.979,0.16,55,10,6.9,6,5.8,2.26,0.52,3.9,17.3,0.33,12,,,0.58,0.22,96,0.04,58.9,,,50.4,0.95,-29.5,-496,0.508,85,4.5,,,,,,,,,,,,
Arctic-GRO I,Kolyma,11/5/11,309,,1159,0,8.2,,35.2,0.106,0.017,0.01,0.009,0.006,-169,-21.4,5.2,,5.3,1.013,0.19,52,3,6,6,6.4,2.23,0.5,3.9,17,0.26,12,,5.5,0.48,0.21,91,0.04,50.3,,,1.8,0.22,-33.4,-204,0.802,22,5.5,,,,,,,,,,,,
Arctic-GRO II,Kolyma,6/24/12,176,Kit 1,4890,13.2,,56,20.5,0.15,0.026,0.015,0.013,0.01,-174,-22.8,4.7,-29.8,59.2,1.067,0.17,1,9,13.6,9,4.4,1.63,0.52,2.18,9.9,0.33,8,0.3,4.3,0.36,0.2,55,0.02,,4.84,,16.9,0.55,-31.9,-313.1,0.692,60,4,,,,,,,,,,,,
Arctic-GRO II,Kolyma,8/22/12,235,Kit 2,5220,10.9,,76,24.5,0.136,0.024,0.014,0.013,0.01,-161,-21.4,4.6,-30.1,30.4,1.038,0.19,7,10,29.9,9,5.7,2,0.48,2.92,12.6,0.32,9,0.2,6.5,0.41,0.19,74,0.02,,3.35,,26.1,1.1,-28.5,-404.6,0.6,101,3.5,,,,,,,,,,,,
Arctic-GRO II,Kolyma,10/7/12,281,Kit 3,2200,2,,86,26.7,0.089,0.014,0.008,0.007,0.005,-160,-21.4,3.4,,,,0.17,37,8,18.5,6,6.2,2.12,0.48,3.57,15.5,0.23,10,0.3,9,0.51,0.18,87,0.03,,2.27,,8.8,0.27,-30.9,,,29,4.3,,,,,,,,,,,,
Arctic-GRO II,Kolyma,12/17/12,352,Kit 5,262,0.1,,,36.9,0.068,0.01,0.006,0.006,0.005,-165,-22,2.9,-25.8,-4.3,1.003,0.25,70,14,16.8,5,6.7,2.54,0.58,4.51,19.2,0.27,13,0.5,10.2,0.56,0.26,106,0.04,,1.89,,5.2,0.11,-36.3,-703.7,0.299,14,2.6,,,,,,,,,,,,
Arctic-GRO II,Kolyma,3/8/13,67,Kit 4,154,0,,111,34.9,0.052,0.009,0.006,0.005,0.004,-178,-22.5,2.7,-27.9,-5,1.003,0.44,134,33,12,6,8.1,2.85,0.77,4.72,20.2,0.18,16,0.8,11.2,0.62,0.48,115,0.02,,2.02,,6.1,0.3,-27.1,-467.8,0.536,38,9.1,,,,,,,,,,,,
Arctic-GRO II,Kolyma,5/3/13,123,Kit 6,166,0.1,,103,31.2,0.053,0.006,0.003,0.003,0.002,-176,-22.2,2.5,-28.1,5.9,1.014,0.27,126,12,15.2,5,7.2,2.47,0.69,4.3,18.1,0.17,15,0.5,10.7,0.58,0.33,105,0.02,,2.55,,9.5,0.28,-30.3,-445.3,0.559,31,7.7,,,,,,,,,,,,
Arctic-GRO II,Kolyma,7/27/13,208,Kit 8,5320,13.9,,94,,0.124,0.02,0.011,0.009,0.007,-160,-21.1,5.1,,,,0.13,11,7,12,4,4.9,1.79,0.5,2.71,11.3,0.36,9,0.2,6.1,0.49,0.24,66,0.02,,11.36,,10.9,0.72,-28.8,-392.7,0.612,78,6.1,7,66.9,1.11,-28.5,140,4.5,,,,,,
Arctic-GRO II,Kolyma,9/20/13,263,Kit 9,6620,6.1,,111,21.6,0.143,0.024,0.014,0.012,0.009,-158,-20.8,6.2,,,,0.23,39,12,16.8,4,5.7,2,0.54,3.46,14.6,0.3,10,0.3,7.5,0.57,0.22,80,0.03,,7.51,,21.3,0.65,-27.4,,,64,3.1,7.5,29.7,0.93,-27.2,78,3.6,,,,,,
Arctic-GRO II,Kolyma,11/13/13,317,Kit 10,625,0,,119,28.3,0.123,0.017,0.009,0.008,0.006,-160,-20.9,5.9,,,,0.27,55,17,13.6,6,6.9,2.38,0.55,3.78,15.5,0.3,12,0.4,8.6,0.5,0.24,88,0.03,,5.2,,1,0.18,-30.7,-359.9,0.645,20,4,,,,,,,,,,,,
Arctic-GRO II,Kolyma,2/28/14,59,Kit 11,201,0,,140,28.5,0.064,0.011,0.007,0.007,0.006,-169,-21.9,3.8,,,,0.28,130,14,12,4,7.9,2.46,0.64,4.39,18.7,0.25,15,0.5,9.2,0.56,0.34,104,0.02,,4.31,,0.4,0.09,-32.5,-470.8,0.533,9,7.3,,,,,,,,,,,,
Arctic-GRO II,Kolyma,4/26/14,116,Kit 12,179,0,,139,37.6,0.053,0.012,0.009,0.008,0.007,-167,-21.8,3,,,,0.24,98,16,14.1,3,7.6,2.83,0.69,4.22,18.3,0.2,15,1.2,9.2,0.56,0.34,102,0.02,,5.32,,2.1,0.15,-29.5,-428.4,0.576,13,9,,,,,,,,,,,,
Arctic-GRO II,Kolyma,6/8/14,159,Kit 13,24300,6.6,,64,36.1,0.265,0.061,0.04,0.037,0.031,-191,-25.6,8.3,,,,0.22,16,35,37.7,13,1.6,0.96,0.79,1.89,8.8,0.42,8,0.3,2.2,0.31,0.36,44,0.05,,24.45,,394.6,2.47,-27.3,-402.7,0.602,224,2.3,11,25.7,1.33,-27.7,124,2.2,,,,,,
Arctic-GRO II,Kolyma,8/26/14,238,Kit 14,8060,13.2,,94,21.2,0.12,0.016,0.009,0.008,0.006,-168,-22,5.4,,,,0.15,33,12,30.4,4,4.9,1.8,0.56,3.13,13.9,0.49,11,0.2,6.8,0.58,0.22,76,0.03,,5.39,,26.6,0.81,-27.4,-494.3,0.51,77,2.7,9,32.3,1,-26.5,99,3.5,,,,,,
Arctic-GRO II,Kolyma,10/11/14,284,Kit 15,2400,3,,127,27.7,0.075,0.011,0.006,0.005,0.004,-165,-21.3,3.2,,,,0.1,3,6,2,2,5.6,2.29,0.51,3.84,17.6,0.34,12,0.2,9.2,0.54,0.19,93,,,2.78,,1.6,0.31,-33.9,-430,0.575,29,3.4,9,3.5,0.16,-32.4,67,4.1,,,,,,
Arctic-GRO II,Kolyma,12/22/14,356,Kit 16,313,0,,133,34.7,0.072,0.011,0.007,0.006,0.005,-166,-21.8,3,,,,0.17,74,18,2.2,2,5.5,2.38,0.56,4.03,18.3,0.3,14,0.3,9,0.52,0.29,99,,,1.63,,0.4,0.1,-31.7,-591.1,0.412,54,2.6,,,,,,,,,,,,
Arctic-GRO II,Kolyma,1/23/15,23,Kit 17,271,0,,,37.6,0.047,0.005,0.003,0.003,0.002,-168,-22.1,3.3,,,,0.45,112,59,4.2,3,6.8,2.88,0.75,4.61,21.4,0.23,17,0.7,9.6,0.61,0.44,111,,,1.7,,0.4,0.19,-28.1,-633,0.37,39,2.5,,,,,,,,,,,,
Arctic-GRO II,Kolyma,3/25/15,84,Kit 18,181,0,,136,46.9,0.054,0.007,0.004,0.003,0.002,-170,-22.4,2.6,,,,0.24,138,13,2.5,3,7.3,2.52,0.63,4.32,19.3,0.24,17,0.5,9.7,0.6,0.33,106,,,2.15,,1.8,0.11,-30.3,,,11,8.5,,,,,,,,,,,,
Arctic-GRO II,Kolyma,5/13/15,133,Kit 19,213,0,,144,39.5,0.051,0.006,0.003,0.003,0.002,-171,-22.4,2.8,,,,0.35,136,27,2.7,2,6.4,2.54,0.66,4.19,18.9,0.19,16,0.6,9.4,0.55,0.39,103,,,2.59,,1.1,0.12,-28.8,-514.3,0.49,16,9.2,,,,,,,,,,,,
Arctic-GRO II,Kolyma,7/23/15,204,Kit 20,3650,15.9,,96,39.5,0.112,0.016,0.008,0.007,0.005,-169,-22,3.9,,,,0.12,3,5,3,2,5,1.96,0.63,2.95,13,0.48,11,0.3,6.1,0.59,0.28,76,,,4.7,,4.7,0.45,-33.9,-320.7,0.685,70,3.7,15,4,0.43,-33.3,73,3,,,,,,
Arctic-GRO II,Kolyma,9/20/15,263,Kit 21,2335,7.3,,132,28.8,0.083,0.011,0.006,0.005,0.004,-162,-21.3,3.2,,,,0.12,26,6,7,2,5,2.88,0.53,4.04,17.6,0.36,13,0.2,10,0.68,0.23,101,,,3.25,,9.5,0.36,-30.5,-469.9,0.534,53,3.6,9,4.1,0.32,-30.4,48,3.2,5,5.6,0.31,-30.1,48,3.4
Arctic-GRO II,Kolyma,11/28/15,332,Kit 22,508,,,,26,0.061,0.007,0.003,0.003,0.002,-146,-21.7,3,,,,0.17,90,23,3.3,6,5.9,2.29,0.51,3.82,14.3,0.25,13,0.3,11,0.63,0.25,95,0.05,,1.8,,1.5,0.12,-30.8,-518.8,0.485,13,3.5,,,,,,,,,,,,
Arctic-GRO II,Kolyma,2/6/16,37,Kit 23,157,0,,136,44,0.038,0.004,0.003,0.003,0.002,-162,-22.9,2.5,,,,0.26,78,29,5.6,6,6.6,2.66,0.64,4.89,20.5,0.26,19,1,12.2,0.73,0.38,124,0.07,,1.35,,1.4,0.32,-28.8,,,25,5.9,,,,,,,,,,,,
Arctic-GRO II,Kolyma,4/25/16,116,Kit 24,157,0,,147,36.8,0.055,0.008,0.005,0.004,0.003,-167,-23.1,3.1,,,,0.44,102,53,5.5,8,6.3,2.56,0.7,4.37,17.8,0.2,18,1,11.4,0.7,0.45,112,0.05,,2.94,,1.8,0.41,-26.2,-694.1,0.308,81,10.5,,,,,,,,,,,,
Arctic-GRO II,Kolyma,6/21/16,173,Kit 25,4360,12.1,,116,31.1,0.219,0.036,0.019,0.017,0.012,-166,-24.7,7.3,,,,0.22,2,11,4.9,10,3.2,1.57,0.62,2.73,11.9,0.47,8,0.3,5,0.57,0.24,70,0.07,,3.84,,5.3,0.43,-31.5,-282.7,0.723,68,4.2,9,6.5,0.37,-30.9,61,3.5,9,7.3,0.4,-31,62,3.3
Arctic-GRO II,Kolyma,8/19/16,232,Kit 26,3890,15.5,,106,27,0.103,0.014,0.007,0.006,0.004,-158,-21.7,4,,,,0.13,0,13,1.7,8,4.6,2,0.54,3.06,12.4,0.45,12,0.2,7.9,0.6,0.27,86,0.05,,2.31,,3,0.43,-32.5,-309.3,0.696,65,3.8,8,5.5,0.48,-32.5,67,3.4,,,,,,
Arctic-GRO II,Kolyma,10/4/16,278,Kit 27,3940,2.9,,135,28.8,0.137,0.019,0.01,0.009,0.006,-152,-21.6,5,,,,0.31,26,8,3,8,5.2,2.19,0.48,3.92,14.9,0.35,12,0.3,10.5,0.56,0.18,93,0.07,,3.36,,13.1,0.4,-29.2,-438.1,0.566,57,2.8,9,12.6,0.57,-28.5,61,2.4,7.5,21.5,0.61,-28.4,65,2.6
Arctic-GRO II,Kolyma,12/1/16,336,Kit 28,230,,,,34.9,0.104,0.015,0.008,0.007,0.005,-161,-21.8,4.3,,,,0.24,77,9,6.2,10,6.1,2.34,0.55,4.23,16.7,0.36,14,4.2,10.6,0.56,0.26,101,0.07,,,,,0.23,-29.5,-557.1,0.446,37,5,,,,,,,,,,,,
Arctic-GRO III,Kolyma,2/9/17,40,Kit 30,148,0.2,,,44.3,0.057,0.009,0.007,0.006,0.005,-167,-21.3,3.8,,,,0.36,128,64,6.5,2,6.4,2.91,0.7,5.08,21.3,,17,0.6,11.9,0.63,0.42,121,0.03,,,,,0.24,-28.6,-384.8,0.62,23,7.9,,,,,,,,,,,,
Arctic-GRO III,Kolyma,4/13/17,103,Kit 31,149,0,,,39.4,0.05,0.005,0.002,0.002,0.001,-166,-21.4,3.3,,,,0.29,143,32,5.2,2,5.9,2.71,0.64,4.83,20.1,,16,0.5,12.2,0.64,0.37,117,0.02,,,,,0.22,-29.5,-391,0.614,26,9.3,,,,,,,,,,,,
Arctic-GRO III,Kolyma,6/1/17,152,Kit 32,23300,5,,,17.7,0.434,0.078,0.045,0.04,0.031,-182,-23.4,12.6,,,,0.36,20,40,14.5,4,1.4,1,0.77,1.82,7.85,,8,0.2,3,0.38,0.35,43,0.05,,13.01,,,2.38,-27.4,-388.3,0.617,297,1.3,9,287.4,5.79,-27.1,678,-1.2,4.5,200.4,4.02,-27.4,444,-1.9
Arctic-GRO III,Kolyma,8/8/17,220,Kit 33,6720,13.6,,,38.7,0.112,0.014,0.007,0.005,0.003,-163,-20.6,4.6,,,,0.19,36,6,6.1,3,4.3,2.25,0.54,3.79,17.8,,12,0.2,8.6,0.61,0.22,92,0.05,,9.91,,17.1,0.86,-28.7,,,113,2.7,8,21.9,0.88,-28.5,104,3.2,4,29.3,1.03,-27.9,123,3.2
Arctic-GRO III,Kolyma,10/3/17,276,Kit 34,4760,5.3,,,34.5,0.135,0.019,0.009,0.008,0.005,-158,-20,5.4,,,,0.16,11,8,5,2,6.7,2.74,0.48,4.13,17.4,,12,0.2,10,0.5,0.19,96,0.04,,4.88,,4.7,0.28,-31.4,-392.3,0.613,40,5.1,6,5.2,0.35,-32.7,44,4.4,3,3.6,0.29,-32.4,37,4.6
Arctic-GRO III,Kolyma,12/2/17,336,Kit 35,1130,3.4,,,31.1,0.097,0.011,0.005,0.004,0.002,-163,-20.5,4.4,,,,0.26,79,27,6.6,2,5.3,2.7,0.57,4.66,17.8,,14,0.4,12.6,0.65,0.29,106,0.03,,2.1,,0.7,0.21,-31,-464.7,0.54,18,3.6,,,,,,,,,,,,
Arctic-GRO III,Kolyma,1/22/18,22,Kit 36,479,0,,,41.2,0.063,0.007,0.003,0.003,0.002,-166,-21,3.9,,,,0.41,105,69,5.1,3,7.5,2.55,0.63,4.96,18.7,0.29,17,0.3,12,0.51,0.38,114,0.02,38,,,1,0.46,-25.7,-234.7,0.772,48,10.1,,,,,,,,,,,,
Arctic-GRO III,Kolyma,3/6/18,65,Kit 37,366,0,,,37.8,,,,,,-166,-21.2,3.5,,,,0.4424,,,,,7.6,2.53,0.66,4.78,17.7,0.28,17,0.4,12.2,0.51,0.41,111,0.02,36.1,,,0,0.36,-27.3,-283.3,0.723,53,10,,,,,,,,,,,,
Arctic-GRO III,Kolyma,5/5/18,125,Kit 39,355,0,,,34.9,0.047,0.005,0.002,0.002,0.001,-170,-21.7,2.7,,,,0.24,137,8,3.3,3,5.3,2.4,0.58,4.56,16.4,0.26,16,0.1,8.4,0.48,0.33,108,0.02,45.6,,,0.4,0.25,-29,-503.6,0.501,22,9.7,,,,,,,,,,,,
Arctic-GRO III,Kolyma,7/25/18,206,Kit 38,5980,14.8,,,28.5,0.118,0.017,0.01,0.009,0.006,-167,-21.4,4.3,,,,0.16,60,3,4.3,2,7.4,1.7,0.57,3.25,11.6,0.46,12,0.3,12,0.52,0.24,76,0.02,39,,,8.9,0.55,-32.1,-330.2,0.675,91,4.5,9,17.4,0.69,-31.3,106,3.9,4.5,10,0.55,-31.8,85,4.6
Arctic-GRO III,Kolyma,9/20/18,263,Kit 40,2160,8.8,,,25.2,0.088,0.01,0.005,0.004,0.002,-161,-20.8,4,,,,0.13,BD,1,2.6,1,5.9,2.26,0.5,4.48,14,0.41,12,0.2,12.1,0.54,0.23,93,0.04,41.8,,,2.7,0.32,-33.7,-305.1,0.701,53,5.5,9,6.4,0.32,-32.8,65,5.7,4.5,3.2,0.3,-34,55,4.7
Arctic-GRO III,Kolyma,11/10/18,314,Kit 41,1020,0,,,27.5,0.113,0.016,0.008,0.007,0.005,-163,-20.6,5,,,,0.29,63,10,4.3,2,6.7,2.68,0.49,5.91,17.2,0.35,15,0.2,16.6,0.69,0.23,110,0.04,32.3,,,2.3,0.26,-31.3,-383.9,0.621,28,5.6,,,,,,,,,,,,
Arctic-GRO III,Kolyma,2/6/19,37,Kit 42,346,0,,,47.6,0.064,0.006,0.003,0.002,0.001,-175,-22,4.3,,,,0.72,114,147,5.5,5,8.2,3.3,1.43,7.28,24.4,0.28,22,1,19.6,0.92,0.67,149,0.04,41.8,,,0.2,0.36,-28,-308,0.698,31,8.6,,,,,,,,,,,,
Arctic-GRO III,Kolyma,4/22/19,112,Kit 43,314,0,,,37.2,0.054,0.006,0.003,0.003,0.002,-177,-22.5,3,,,,0.31,120,20,3.3,3,8.3,2.73,0.62,5.91,20.4,0.22,20,0.3,16.9,0.8,0.36,132,0.02,39.9,,,0.3,0.41,-27.1,-354.2,0.651,51,11.3,,,,,,,,,,,,
Arctic-GRO III,Kolyma,6/13/19,164,Kit 44,15700,13,,,6.6,0.25,0.04,0.022,0.019,0.014,-179,-23.4,7.6,,,,0.29,22,12,7.9,3,3.8,,,,,,,0,1.1,,,,,20.9,,,50.9,1.27,-27.4,-394.8,0.61,131,2.6,12.4,150.1,1.53,-27.1,161,1.4,12.4,85.4,4.08,-26.4,265,2.2
Arctic-GRO III,Kolyma,8/25/19,237,Kit 45,5940,13,,,27.2,0.127,0.018,0.009,0.008,0.005,-164,-21.3,4.7,,,,0.18,43,2,8.2,4,5.7,2.16,0.57,4.99,15.4,0.48,14,0.1,14.4,0.73,0.31,99,0.04,53.2,,,45.1,1.42,-26.8,-450.9,0.554,132,0.3,8,63.6,1.24,-26.5,141,0.9,4,76,1.68,-26.7,158,1.1
Arctic-GRO IV,Kolyma,2/5/20,36,Kit 46,236,0,,,44.3,0.054,0.007,0.004,0.003,0.002,-169,-22,2.7,,,,0.4,125,67,,3,6.9,3.35,0.7,7.22,26.7,,20,0.3,18.9,1.03,0.46,154,0.05,45.6,,,2.4,0.25,-27.5,-409.9,0.595,30,14.5,,,,,,,,,,,,
Arctic-GRO IV,Kolyma,6/14/20,166,Kit 47,10200,12.7,,,19.2,0.247,0.038,0.021,0.018,0.013,-178,-23.2,6.8,,,,0.22,31,8,,4,3.7,1.68,0.61,2.87,10.6,,10,0.2,6.9,0.54,0.26,62,0.03,40.9,,,53.9,1.27,-27.1,-372.8,0.633,141,1.5,9,42.9,1.21,-27.3,129,1.3,4.5,39.7,1.21,-27.2,134,2
Arctic-GRO IV,Kolyma,7/30/20,212,Kit 48,5660,15.6,,,25.3,0.07,0.011,0.006,0.005,0.004,-165,-21.5,2.3,,,,0.09,9,6,,4,5.5,2.72,0.58,4.57,16,,14,0.1,12.4,0.75,0.28,98,0.02,45.6,,,11,0.58,-30.4,-322.4,0.683,74,4.7,8,10.8,0.62,-30,73,3.9,4,9.1,0.56,-30.5,72,4.1
Arctic-GRO IV,Kolyma,8/27/20,240,Kit 49,3060,9,,,20.2,0.121,0.016,0.009,0.007,0.005,-159,-20.7,4.1,,,,0.16,24,7,,5,5.4,2.39,0.48,3.85,13.2,,11,0.1,10.8,0.66,0.27,83,0.02,45.6,,,10.4,0.55,-29.1,-372.6,0.633,61,3.8,11,11.6,0.52,-29.3,64,3.8,5.5,10.6,0.25,-29.3,56,4.2
Arctic-GRO IV,Kolyma,10/5/20,279,Kit 50,3010,4.3,,,29.9,0.093,0.012,0.007,0.006,0.004,-164,-20.8,3.5,,,,0.16,46,5,,3,6,3.56,0.51,6.98,21.9,,14,0.2,19.6,1.24,0.25,132,0.04,58,,,5.7,0.38,-29.8,-439.7,0.565,38,4.1,9,11.9,0.4,-28.7,45,3.2,4.5,5.2,0.3,-29.6,37,2.7
Arctic-GRO IV,Kolyma,12/21/20,356,Kit 51,397,0,,,35.3,0.066,0.007,0.004,0.004,0.002,-166,-21.7,2.5,,,,0.2,97,18,,3,7.2,0.7,0.14,1.56,9.7,,8,0,5.6,0.23,0.09,51,0.01,29.5,,,1.5,0.41,-28.6,-526.2,0.478,38,7.5,,,,,,,,,,,,
Arctic-GRO IV,Kolyma,1/25/21,25,Kit 52,330,0,,,41.1,0.057,0.006,0.003,0.003,0.001,-170,-22,2.5,,,,0.29,143,29,,3,7.8,3.51,0.69,7.31,25.4,,20,0.2,18.7,0.97,0.38,151,0.05,46.6,,,2.5,0.23,-28.2,-432.6,0.572,20,7.2,,,,,,,,,,,,
Arctic-GRO IV,Kolyma,3/12/21,71,Kit 53,281,0,,,19.9,0.048,0.004,0.003,0.002,0.002,-170,-22.3,3,,,,0.43,140,71,,6,7.4,3.42,0.72,6.61,23.6,,20,1.2,19.3,1,0.44,140,0.02,39.9,,,1.2,0.2,-27.1,-274.7,0.732,57,11.7,,,,,,,,,,,,
Arctic-GRO IV,Kolyma,6/2/21,153,Kit 54,16900,11.6,,,16.2,0.52,0.086,0.049,0.044,0.033,-191,-25,12.7,,,,0.33,25,13,,5,2.1,,,,,,,0.2,4.8,,,,,35.2,,,64.2,1.65,-27.2,-346.1,0.66,193,1.8,13,37,,,,,6,51.1,1.24,-27,115,4
Arctic-GRO IV,Kolyma,7/31/21,212,Kit 55,4720,11.2,,,31.3,0.068,0.007,0.004,0.003,0.002,-172,-22,2.6,,,,0.1,1,2,,2,5.2,0.59,0.11,1.02,6,,7,0,3.1,0.16,0.06,35,0.01,34.2,,,5.5,0.63,-31.1,-346.9,0.659,90,4.6,4,32.4,1.01,-30.1,138,3.6,2,6.9,0.55,-31.6,86,4.2
Arctic-GRO IV,Kolyma,9/24/21,267,Kit 56,4940,3.1,,,7.1,0.138,0.019,0.01,0.009,0.006,-158,-20.7,4.8,,,,0.17,42,2,,3,6,1.49,0.2,2.68,12.7,,9,0.1,9,0.46,0.1,74,0.02,36.1,,,6.9,0.36,-28.2,-395.4,0.61,42,4,11,7,0.32,-27.8,46,4.4,5.5,7.1,0.28,-28.3,34,3.9
Arctic-GRO IV,Kolyma,11/8/21,312,Kit 57,1370,0,,,35,0.089,0.011,0.006,0.006,0.004,-165,-21.1,3.4,,,,0.17,63,6,,2,6.5,1.18,0.19,2.75,9.9,,7,0.1,8,0.47,0.09,56,0.02,32.3,,,1.7,0.25,-30.8,-867.3,0.134,17,4.3,,,,,,,,,,,,
Arctic-GRO IV,Kolyma,2/27/22,58,Kit 58,518,0,,,,,,,,,,,,,,,,,,,,,,,,,,,,,,,,,,,,,,,,,,,,,,,,,,,,,,
Arctic-GRO IV,Kolyma,4/18/22,108,Kit 59,364,0.4,,,,,,,,,,,,,,,,,,,,,,,,,,,,,,,,,,,,,,,,,,,,,,,,,,,,,,
Arctic-GRO IV,Kolyma,6/9/22,160,Kit 60,14700,9.1,,,,,,,,,,,,,,,,,,,,,,,,,,,,,,,,,,,,,,,,,,,,,,,,,,,,,,
Arctic-GRO IV,Kolyma,8/10/22,222,Kit 61,3160,14.2,,,,,,,,,,,,,,,,,,,,,,,,,,,,,,,,,,,,,,,,,,,,,,,,,,,,,,
Arctic-GRO IV,Kolyma,10/29/22,302,Kit 62,2220,0,,,,,,,,,,,,,,,,,,,,,,,,,,,,,,,,,,,,,,,,,,,,,,,,,,,,,,
Arctic-GRO IV,Kolyma,12/26/22,360,Kit 63,,0,,,,,,,,,,,,,,,,,,,,,,,,,,,,,,,,,,,,,,,,,,,,,,,,,,,,,,
Arctic-GRO IV,Kolyma,1/24/23,24,Kit 64,,0,,,,,,,,,,,,,,,,,,,,,,,,,,,,,,,,,,,,,,,,,,,,,,,,,,,,,,
Arctic-GRO IV,Kolyma,3/5/23,64,Kit 65,,0,,,,,,,,,,,,,,,,,,,,,,,,,,,,,,,,,,,,,,,,,,,,,,,,,,,,,,
Arctic-GRO IV,Kolyma,5/13/23,133,Kit 66,,0,,,,,,,,,,,,,,,,,,,,,,,,,,,,,,,,,,,,,,,,,,,,,,,,,,,,,,
Arctic-GRO IV,Kolyma,7/25/23,206,Kit 67,,16.8,,,,,,,,,,,,,,,,,,,,,,,,,,,,,,,,,,,,,,,,,,,,,,,,,,,,,,
Arctic-GRO IV,Kolyma,9/14/23,257,Kit 68,,9.6,,,,,,,,,,,,,,,,,,,,,,,,,,,,,,,,,,,,,,,,,,,,,,,,,,,,,,
PARTNERS,Yukon,6/18/03,169,,15319,15,7.8,,66,,,,,,-157,-20.1,9.4,,,,0.33,77,13,17,,5.2,1.8,1.06,5.5,36,0.78,38,0.5,7.1,2.14,0.97,97,0.47,,,,402,2.88,-25.5,,,247,4,,,,,,,,,,,,
PARTNERS,Yukon,4/7/04,98,,1317,0,7,,143,,,,,,-155,-19.6,2.2,,,,0.39,188,100,2,,12.8,4,1.52,11.5,48.7,0.4,80,1.3,9.2,3.1,,200,0.85,,,,5,0.61,-36.3,,,52,-2.6,,,,,,,,,,,,
PARTNERS,Yukon,5/26/04,147,,14838,9,7.8,,52,,,,,,-161,-20.4,13.9,,,,0.5,84,5,14,,5,1.8,0.96,4.4,22.8,0.8,37,0.8,4.5,1.8,,89,0.52,,,,339,1.78,-28.9,,,193,2,,,,,,,,,,,,
PARTNERS,Yukon,6/15/04,167,,18094,16.5,7.5,,63,,,,,,-166,-21,9.1,,,,0.32,55,5,10,,5.2,1.8,1.08,4.9,26.9,1,41,0.8,6,1.9,,94,0.51,,,,514,2.82,-29,,,307,3,,,,,,,,,,,,
PARTNERS,Yukon,6/29/04,181,,14555,19,7.9,,68,,,,,,-159,-20.1,6.2,,,,0.24,69,5,7,,6.4,2.3,1.15,5.7,28,0.9,42,0.8,7.9,2.2,,95,0.64,,,,299,2.94,-28.8,,,353,2.5,,,,,,,,,,,,
PARTNERS,Yukon,7/19/04,201,,10052,19.5,7.7,,76,,,,,,-160,-20.3,3.1,,,,0.18,83,6,5,,6.9,3.1,1.9,7.3,32.8,0.9,49,1.1,10,3.4,,132,0.94,,,,,4.63,-28,,,541,6.6,,,,,,,,,,,,
PARTNERS,Yukon,8/18/04,231,,9458,18,7.8,,77,,,,,,-161,-20.5,2.8,-26.1,-34,,0.16,83,5,4,,6.3,3.1,1.76,7.7,34.5,0.9,51,1.3,12,3.3,,139,0.89,,,,499,3.7,-26.6,,,251,3.1,,,,,,,,,,,,
PARTNERS,Yukon,9/22/04,266,,5720,7.5,8,,94,,,,,,-158,-20.2,2.7,-26.8,-59,,0.23,108,14,5,,7.5,3.8,1.7,9.7,38.2,0.8,54,1.1,12.2,3.7,,161,0.99,,,,,1.36,-31,,,384,4.4,,,,,,,,,,,,
PARTNERS,Yukon,3/17/05,76,,1175,0.1,7,,128,,,,,,-153,-19.7,2.6,-23.5,-135.8,,0.4,195,80,3,,13.3,3.9,1.39,11.7,47.9,0.4,81,1.2,8.9,2.9,,208,0.95,,,,5,0.27,-36.6,-426,0.578,27,,,,,,,,,,,,,
PARTNERS,Yukon,5/17/05,137,,33414,5.5,7.9,,62,,,,,,-161,-21,15.1,-24.2,74,,0.63,120,49,18,,4.8,1.7,1.16,4.2,22.4,1.1,39,0.7,4.3,1.9,,80,0.56,,,,863,2.9,-27.5,,,349,,,,,,,,,,,,,
PARTNERS,Yukon,6/1/05,152,,20275,12.5,7.8,,64,,,,,,-167,-21.6,10,-27,72,,0.39,78,8,10,,5,1.7,1.16,4.6,24.2,1,45,0.5,6,1.7,,95,0.47,,,,612,1.59,-27.6,,,210,,,,,,,,,,,,,
PARTNERS,Yukon,6/14/05,165,,19765,15.6,7.9,,59,,,,,,-163,-20.9,6.8,-25,48,,0.3,84,5,7,,5.9,1.8,1.11,6,27.6,0.9,43,0.5,8.6,2.4,,105,0.47,,,,393,0.93,-28.3,,,119,,,,,,,,,,,,,
PARTNERS,Yukon,7/12/05,193,,11553,17.5,8.1,,100,,,,,,-158,-19.9,5.4,-26.4,-10,,0.28,94,6,9,,6.4,2.8,1.58,7.4,30.8,1.1,48,0.8,10.8,2.7,,128,0.7,,,,461,1.93,-29.6,,,291,,,,,,,,,,,,,
PARTNERS,Yukon,8/16/05,228,,8976,16.8,7.9,,119,,,,,,-161,-20.4,3.8,-27.2,-43,,,105,7,6,,7.3,3.2,1.53,8.6,35.2,0.9,50,0.8,13.1,3.5,,156,0.84,,,,413,1.43,-28.8,,,221,,,,,,,,,,,,,
PARTNERS,Yukon,9/27/05,270,,10619,8.8,7.9,,101,,,,,,-149,-19,6.9,-27.1,-7,,0.33,113,6,13,,7.6,2.8,1.07,7.9,30.8,0.92,46,1.3,12.2,2.4,,135,0.76,,,,287,0.95,-29.7,,,125,,,,,,,,,,,,,
PARTNERS,Yukon,3/21/06,80,,1359,0.1,7,,119.6,,,,,,-155,-19.8,2.6,,,,0.38,303,86,10,,13.8,3.7,1.45,11.4,34.3,,,1.2,12.6,,,,,,,,5.9,0.42,-35,-414,0.583,45,-1.5,,,,,,,,,,,,
PARTNERS,Yukon,9/28/06,271,,9061,11.5,8.2,,62.6,,,,,,-155,-19.9,5.9,,,,0.25,94,11,13,,8.3,3.2,1.09,9.8,33.2,,,0.8,18.7,,,,,,,,56,,-28.5,-460,0.537,,0.5,,,,,,,,,,,,
Arctic-GRO I,Yukon,5/14/09,134,,11836,0.1,7.2,,73.2,0.154,0.03,0.017,0.016,0.012,-144,-19.2,5.2,-22.9,-60.8,0.946,0.37,149,41,6,4,7,2.91,1.38,6.96,31.1,0.28,45,0.9,6,,,121,0.5,68.4,,,73.4,1.49,-29.1,,,118,1.8,,,,,,,,,,,,
Arctic-GRO I,Yukon,5/20/09,140,,10874,,,,56.9,0.45,0.089,0.052,0.046,0.035,-155,-20.8,13,-27.3,95,1.103,0.53,100,39,14,3,4.3,1.83,1.31,4.98,23.5,0.91,41,0.5,4.8,,,88,0.49,23.4,,,378,,,,,,,,,,,,,,,,,,
Arctic-GRO I,Yukon,5/26/09,146,,26901,7.9,7.5,,53.9,0.533,0.109,0.062,0.056,0.042,-164,-21,15,-27.4,88.6,1.096,0.54,67,26,16,5,4.5,1.96,1.68,5.13,27.2,1.13,47,0.6,5.1,,,89,0.4,63.3,,,474.1,9.22,-26.2,,,689,2.5,,,,,,,,,,,,
Arctic-GRO I,Yukon,7/7/09,188,,15008,17.2,7.9,,73.2,0.171,0.027,0.013,0.012,0.008,-158,-20.7,5.6,,,,0.32,84,13,4,3,6.1,2.69,1.32,7.74,31.6,0.66,49,0.7,11.1,,,123,0.71,90.6,,,256,3.29,-26.9,,,243,4,,,,,,,,,,,,
Arctic-GRO I,Yukon,8/18/09,230,,7759,15.6,8,,87.7,0.06,0.008,0.004,0.003,0.002,-160,-21,2.6,-26.8,-16.1,0.991,0.27,120,21,3,4,6.6,3.83,2.07,9.66,38.4,0.73,56,0.8,13,,,161,1.09,107,,,402.1,3.04,-25.9,,,336,2.1,,,,,,,,,,,,
Arctic-GRO I,Yukon,1/12/10,12,,1869,0,7.5,,136.6,0.06,0.007,0.004,0.003,0.002,-157,-20.5,2.9,,68.2,1.076,0.39,174,108,2,3,11,4.99,1.86,13.67,64.9,0.35,80,1,12.7,,,227,1.13,114,,,5.2,0.71,-34,,,67,-0.7,,,,,,,,,,,,
Arctic-GRO I,Yukon,5/24/10,144,,17925,5.4,7.7,,67.2,0.437,0.083,0.047,0.041,0.031,-156,-20.2,12.1,-27.8,18.7,1.026,0.55,91,14,14,5,4.6,2.03,1.26,5.32,24.8,0.82,44,0.7,6.3,,,92,0.46,65.2,,,343.2,4.45,-25.7,,,258,1.8,,,,,,,,,,,,
Arctic-GRO I,Yukon,6/8/10,159,,9798,15.2,8.1,,72.6,0.145,0.024,0.013,0.011,0.008,-163,-20.8,7.5,-27.8,21.2,1.029,0.52,69,3,20,4,4.8,2.36,1.22,6.97,31.5,0.77,47,0.4,10.1,,,122,0.69,43.1,,,127.6,0.89,-29.5,,,160,1.4,,,,,,,,,,,,
Arctic-GRO I,Yukon,6/29/10,180,,9033,17.5,7.6,,76.9,0.168,0.026,0.014,0.012,0.008,-157,-20.5,5.1,-27.6,-61.5,0.945,0.3,109,10,17,4,5.9,2.76,1.28,8.21,30.4,0.69,48,0.5,12.3,,,132,0.77,57.6,,,176.3,3.87,-27.4,,,256,1.2,,,,,,,,,,,,
Arctic-GRO I,Yukon,8/3/10,215,,11100,16.5,8.1,,80.9,0.194,0.058,0.045,0.043,0.039,-157,-20.6,8,-27.1,-65.1,0.942,0.32,93,8,7,3,6.6,3.28,1.64,8.33,35.1,0.79,52,0.5,13.2,,,149,0.99,45.6,,,411.3,5.53,-23.9,,,420,0.9,,,,,,,,,,,,
Arctic-GRO I,Yukon,9/21/10,264,,10137,12,7.9,,84.5,0.204,0.039,0.024,0.022,0.018,-152,-19.8,7.8,-27.5,-30.6,0.977,0.35,108,7,6,6,7,3.17,1.1,8.85,31,0.67,43,,,2.98,1.1,135,0.73,,,,121.3,,,,,,,,,,,,,,,,,,
Arctic-GRO I,Yukon,1/4/11,4,,1699,0,7.3,,147.1,0.075,0.01,0.005,0.005,0.004,-154,-19.9,3.7,-25.1,-117,0.889,0.41,191,127,7,5,11.3,4.19,1.49,12.25,32.7,0.29,43,,,3.25,1.56,157,0.8,,,,4.3,0.46,-33.2,-294,0.711,34,-0.8,,,,,,,,,,,,
Arctic-GRO I,Yukon,5/24/11,144,,15036,2.7,7.9,,67.6,0.443,0.094,0.058,0.052,0.041,-165,-21.2,15.9,-26.1,55.3,1.063,0.35,98,25,16,8,4.9,2.29,1.18,6.03,27,0.52,38,0.9,7.6,1.94,1.18,104,0.53,72.2,,,586.4,4.93,-26.1,,,610,1.4,,,,,,,,,,,,
Arctic-GRO I,Yukon,6/14/11,165,,16310,14,7.8,,68.9,0.307,0.07,0.047,0.043,0.036,-176,-22.1,10.7,,,,0.22,66,6,11,7,4.9,1.79,1.25,5.71,28.9,0.57,44,,5.5,2.09,1.1,105,0.41,68.4,,,314.2,3.36,-26.5,,,493,-0.2,,,,,,,,,,,,
Arctic-GRO I,Yukon,6/29/11,180,,11638,15.6,7.8,,76,0.208,0.043,0.028,0.026,0.021,-167,-20.8,7.3,-26.5,-20.1,0.987,0.21,82,8,7,6,6.3,2.63,1.25,7.72,31,0.64,47,0.8,11.1,2.57,1.23,122,0.6,87.4,,,222.2,6.52,-25.8,,,465,1.5,,,,,,,,,,,,
Arctic-GRO I,Yukon,8/2/11,214,,12714,16.3,8,,82.2,0.149,0.032,0.022,0.02,0.018,-165,-21,5.6,-16.7,,,0.19,78,8,5,4,6.2,3.01,1.35,8.7,35.2,0.86,51,0.7,14.3,3.23,1.36,144,0.81,98.8,,,516.9,3.62,-25.8,,,491,-0.4,,,,,,,,,,,,
Arctic-GRO I,Yukon,1/31/12,31,,1699,0,7.5,,132.9,0.074,0.019,0.014,0.014,0.013,-162,-20.9,3,-19.1,-185.5,0.821,0.24,183,59,19,3,10.9,3.74,1.32,11.65,49.4,0.27,72,,9.5,3.11,1.23,203,0.92,103.5,,,4.6,0.67,-34.6,,,56,-1.5,,,,,,,,,,,,
Arctic-GRO II,Yukon,6/12/12,164,Kit 1,18548,13,,177,58.9,0.371,0.074,0.044,0.04,0.031,-177,,9.9,-29.5,52.8,1.061,0.4,66,17,17,12,4.5,1.71,1.05,5.49,26.8,0.58,40,0.5,7.3,1.97,0.92,101,0.49,,27.403,,184,2.03,-26.8,-464.8,0.539,133,2.2,,,,,,,,,,,,
Arctic-GRO II,Yukon,9/12/12,256,Kit 4,12148,10,,243,70.4,0.176,0.035,0.021,0.019,0.015,-145,,5.2,-23,-139.2,0.867,0.32,116,12,14,9,7.2,3.02,1.09,8.82,32.2,0.68,44,0.8,12.9,2.6,1.01,140,0.82,,21.169,,196.5,0.65,-27.3,,,53,1.8,,,,,,,,,,,,
Arctic-GRO II,Yukon,3/22/13,81,Kit 6,1430,0,,,140.3,0.05,0.01,0.007,0.007,0.007,-153,,2.1,,,,0.41,216,88,10,8,12.2,4.04,1.55,12.16,53.3,0.32,84,1.1,10.7,3.09,1.46,216,0.99,,4.15,,47.3,0.52,-35.4,-738.8,0.263,41,-1.7,,,,,,,,,,,,
Arctic-GRO II,Yukon,5/15/13,135,Kit 5,1515,0,,152,128.4,0.06,0.013,0.01,0.009,0.008,-161,-20.1,3,,,,0.47,178,122,9,6,6.1,3.82,1.48,10.32,45.7,0.44,74,1.3,9.2,2.68,1.43,188,0.84,,3.529,,49.3,2.83,-28.9,-359.6,0.645,130,2.7,,,,,,,,,,,,
Arctic-GRO II,Yukon,7/8/13,189,Kit 8,14328,15.9,,,29.1,0.154,0.03,0.019,0.017,0.014,-175,-21.7,5.8,,,,0.48,71,9,17,4,4.5,2.64,1.52,7.71,32.5,0.99,52,0.8,11.2,2.6,1.38,125,0.78,,,,396.9,4.02,-27.6,-487.5,0.516,265,1.2,2,268.1,4.42,-27,272,1.4,,,,,,
Arctic-GRO II,Yukon,9/11/13,254,Kit 9,10506,10.8,,242,39.6,0.13,0.022,0.013,0.012,0.009,-160,-20.6,4.3,,,,0.22,96,2,12,4,4.2,,0.29,,13.8,0.35,21,0.3,3.1,0.85,0.26,62,0.36,,13.393,,253.9,2.83,-27.7,-534.4,0.469,170,0.6,5,176.1,2.16,-27.8,117,0.9,,,,,,
Arctic-GRO II,Yukon,11/6/13,310,Kit 10,7759,0,,78,46.9,0.264,0.05,0.029,0.025,0.019,-142,-18.6,8,,,,0.46,146,22,15,5,5,2.59,0.73,6.62,24.6,0.77,33,1,7.6,1.71,0.71,108,0.51,,2.789,,75.7,2.6,-28.5,-694.3,0.308,141,1.4,,,,,,,,,,,,
Arctic-GRO II,Yukon,2/13/14,44,Kit 11,1869,0,,94,40.2,0.057,0.01,0.007,0.007,0.006,-149,-20.3,2.6,,,,0.39,180,79,9,3,4.4,,0.4,,,0.13,23,0.4,4,1.49,0.4,73,,,1.467,,66.2,1.17,-32.6,-419.4,0.585,55,-0.6,,,,,,,,,,,,
Arctic-GRO II,Yukon,4/17/14,107,Kit 12,1274,0,,,111.3,0.046,0.009,0.006,0.006,0.005,-145,-19.5,2.4,,,,0.34,171,84,7,2,5,3.31,1.2,9.42,40,0.39,66,1.2,7.9,2.32,1.09,160,0.74,,1.637,,4.6,1.03,-33.1,-418.5,0.586,51,-1,,,,,,,,,,,,
Arctic-GRO II,Yukon,6/23/14,174,Kit 13,14102,15.4,,113,69.1,0.222,0.04,0.023,0.021,0.016,-160,-21.1,7,,,,0.27,74,4,11,3,5.4,2.07,0.99,6.9,29.4,0.67,42,0.6,10.2,2.2,0.9,114,0.64,,12.961,,127.3,1.78,-26.9,-373.4,0.632,112,2,19,173.5,2.78,-26.1,198,1.5,,,,,,
Arctic-GRO II,Yukon,8/29/14,241,Kit 14,11242,15.1,,213,82.6,0.162,0.03,0.019,0.017,0.014,-159,-20.6,5.4,,,,0.24,94,5,12,3,5.8,3.23,1.24,9.01,34.6,0.95,48,0.8,13.1,3.17,1.17,147,0.84,,16.965,,191.3,2.67,-27.3,-646.7,0.356,154,1.8,18,151.4,1.94,-27.6,166,1.6,,,,,,
Arctic-GRO II,Yukon,10/25/14,298,Kit 15,6513,0.6,,,95.9,0.119,0.021,0.013,0.012,0.01,-159,-20.3,4.3,,,,0.28,114,36,4,4,5.9,2.36,0.61,6.72,30,0.56,39,,,2.23,0.55,124,0.83,,,,,1.3,-26.9,-323.4,0.682,169,5.6,,,,,,,,,,,,
Arctic-GRO II,Yukon,1/26/15,26,Kit 16,1982,0.2,,34,142.7,0.073,0.019,0.015,0.015,0.014,-163,-21.1,3,,,,0.33,217,69,3,3,6.7,4.26,1.47,13.1,55.8,0.34,79,1,14.7,3.51,1.39,228,1.25,,,,,0.58,-32.5,,,35,0.1,,,,,,,,,,,,
Arctic-GRO II,Yukon,2/26/15,57,Kit 17,1699,-0.2,,335,143.9,0.056,0.011,0.009,0.008,0.008,-163,-20.9,2.4,,,,0.31,219,55,3,2,6.1,3.96,1.41,12,53.4,0.31,78,1.4,15.4,3.53,1.27,213,1.13,,1.716,,3.6,0.49,-37.1,,,45,-0.8,,,,,,,,,,,,
Arctic-GRO II,Yukon,3/26/15,85,Kit 18,1628,-0.2,,38,139.9,0.05,0.009,0.007,0.006,0.006,-161,-20.6,2.4,,,,0.32,233,59,9,2,5.1,3.7,1.4,11.2,50.8,0.32,75,0.9,10.4,2.93,1.24,202,1.05,,,,,0.6,-36.6,-803.4,0.198,50,-1.2,,,,,,,,,,,,
Arctic-GRO II,Yukon,6/11/15,162,Kit 19,16027,13.1,,795,71.2,0.156,0.031,0.019,0.018,0.014,-168,-21.8,4.8,,,,0.19,74,5,7,3,4.8,2.06,1.08,6.3,29.9,0.72,43,0.5,9.6,2.21,0.94,109,0.74,,16.311,,151.4,1.46,-27.4,-467.9,0.536,196,2.4,18,172.9,4.12,-26.9,326,2,,,,,,
Arctic-GRO II,Yukon,8/18/15,230,Kit 20,9543,14.9,,119,85.6,0.079,0.021,0.016,0.016,0.014,-166,-21.2,2.7,,,,0.16,87,5,3,2,5.3,3.39,1.46,9.27,37.1,0.89,50,0.8,14.8,3.71,1.39,156,1.05,,10.36,,90.7,1.24,-27.3,-594.1,0.409,160,1.6,18,355.3,3.91,-26.5,272,1.9,18,351,3.97,-26.1,234,1.6
Arctic-GRO II,Yukon,10/1/15,274,Kit 21,12941,5,,149,73.8,0.219,0.039,0.022,0.019,0.014,-147,-20.5,6.8,,,,0.34,106,10,3,5,5.7,2.81,0.85,8.85,,0.63,27,0.6,13.5,2.32,0.71,81,0.7,,16.04,,119.8,0.8,-27.5,-524.5,0.479,85,-1.7,21,82.5,1.73,-27.2,182,-0.2,18,117.2,1.93,-27.1,72,-2.2
Arctic-GRO II,Yukon,1/14/16,14,Kit 22,2265,-0.2,,73,123.7,0.084,0.017,0.013,0.012,0.011,-155,-20.9,3.3,,,,0.31,179,65,2,5,10,3.98,1.19,11.7,44,0.35,66,1,13.7,3.24,1.15,193,1.06,,7.45,,16.6,0.41,-34.5,,,79,1,,,,,,,,,,,,
Arctic-GRO II,Yukon,3/3/16,63,Kit 23,1897,0.4,,,135.4,0.056,0.014,0.012,0.012,0.012,-153,-21,2.2,,,,0.25,196,44,2,5,10,3.79,1.31,11.7,46.9,0.35,75,1,12.1,3.09,1.16,203,1.05,,3.59,,4.2,0.35,-36.4,-370.7,0.634,383,1.4,,,,,,,,,,,,
Arctic-GRO II,Yukon,4/14/16,105,Kit 24,1671,1.6,,,121.6,0.059,0.016,0.013,0.013,0.012,-149,-20.1,2.4,,,,0.31,172,84,2,5,10.1,3.39,1.17,9.77,40.5,0.43,68,1.2,9.2,2.48,1.15,173,0.9,,10.9,,77.1,2.5,-29.3,,,110,1,,,,,,,,,,,,
Arctic-GRO II,Yukon,6/13/16,165,Kit 25,13677,13,,246,72.2,0.21,0.041,0.025,0.023,0.018,-163,-21.8,6.5,,,,0.25,77,6,8,6,6.1,2.4,0.97,7.43,28.4,0.75,44,0.6,11,2.45,0.9,118,0.69,,14.11,,124.2,1.35,-27.4,-480.6,0.524,193,2.8,15,502,2.13,-27.2,165,1,18,150,8.34,-25.9,393,1.4
Arctic-GRO II,Yukon,9/1/16,245,Kit 26,17047,14.7,,185,79,0.224,0.039,0.021,0.019,0.014,-153,-21,7.7,,,,0.29,81,6,7,5,5.6,2.82,1.13,8.52,31.9,0.88,47,0.6,13.4,3.14,1.09,143,0.8,,11.36,,131.8,2.1,-27,-620.1,0.383,194,1.2,18,536.8,3.51,-26.2,338,1.1,21,398.7,,-25.6,328,1.8
Arctic-GRO II,Yukon,10/14/16,288,Kit 27,11327,3.9,,138,79.5,0.258,0.05,0.029,0.027,0.021,-145,-19.9,7.2,,,,0.29,138,2,9,6,7.2,3.03,0.8,9.44,31.1,0.82,42,0.7,13.8,2.46,0.73,138,0.82,,11.58,,56.6,1.1,-27.5,-417.5,0.587,400,2.1,18,56.3,2.26,-27.3,170,1.9,20,101.4,1.94,-27.5,107,2
Arctic-GRO II,Yukon,12/19/16,354,Kit 28,2543,-0.2,,,134.8,0.105,0.019,0.013,0.013,0.012,-144,-20.8,3.9,,,,0.36,189,107,5,5,12.2,4.14,1.25,13,48.1,0.38,75,1,15.5,3.34,1.34,217,1.17,,2.13,,5.9,0.42,-31,-349.3,0.656,31,-0.3,,,,,,,,,,,,
Arctic-GRO III,Yukon,2/22/17,53,Kit 30,1654,-0.2,,,147.4,0.054,0.007,0.004,0.004,0.003,-156,-19.8,2.8,,,,0.37,202,81,3,2,7.9,3.79,1.39,12.4,50.4,,77,1,12.6,3.34,1.3,219,0.99,,1.55,,5.9,0.47,-35,-410.9,0.594,37,1.9,,,,,,,,,,,,
Arctic-GRO III,Yukon,4/18/17,108,Kit 31,1337,3,,,89,0.08,0.01,0.005,0.003,0.002,-134,-17,3.7,,,,0.49,86,261,7,2,4.7,2.17,1.05,6.44,28.1,,46,1.1,4.4,1.8,1.34,116,0.95,,18.22,,120.4,3.37,-27,-493.3,0.511,338,0.1,,,,,,,,,,,,
Arctic-GRO III,Yukon,7/5/17,186,Kit 32,8608,17.6,,,84.1,0.151,0.026,0.014,0.012,0.009,-160,-20,5.1,,,,0.23,80,0,9,2,5.2,3.13,1.34,9.35,33.1,,50,0.8,14.5,3.18,1.3,149,0.9,,11.46,,203.3,4.59,-26.6,-475.6,0.529,290,-5.5,18,251.5,5.29,-27.4,368,-8.2,15,240,2.93,-26.2,278,-1
Arctic-GRO III,Yukon,8/24/17,236,Kit 33,10704,14.2,,,80.8,0.115,0.02,0.013,0.011,0.009,-156,-19.9,4.2,,,,0.25,92,0,5,2,5.6,3.32,1.45,9.56,34.3,,47,0.7,16.1,3.42,1.32,159,0.96,,14.99,,404.6,4.64,-25.2,-601.3,0.402,460,-10.2,17,293.4,5.03,-26,546,-0.9,8,379.2,3.64,-25.6,588,-10.3
Arctic-GRO III,Yukon,10/18/17,291,Kit 34,9883,4.1,,,80.7,0.183,0.033,0.017,0.015,0.011,-147,-18.5,5.9,,,,0.26,121,16,9,2,7.3,3.18,0.86,10.2,33.5,,41,0.8,16.1,2.73,0.76,153,0.85,,12.08,,60.8,1.1,-27,-433.5,0.571,91,2.8,17,71.5,1.15,-27.6,,1.4,8,54.8,1.09,-27,129,2.3
Arctic-GRO III,Yukon,1/23/18,23,Kit 35,2149,0.2,,,153.9,0.071,0.01,0.005,0.004,0.003,-154,-19.5,3.5,,,,0.48,223,66,7,2,9.6,4.47,1.45,13.9,53.4,,75,1.1,16.9,3.76,1.38,238,1.08,,2.25,,5.6,0.41,-35.9,-472.9,0.532,32,0.7,,,,,,,,,,,,
Arctic-GRO III,Yukon,3/12/18,71,Kit 36,1563,-2,,,154.7,0.057,0,0,0,0,-152,-19.5,3.4,,,,0.47,273,82,6,3,13.9,4.88,1.54,14.49,51.9,0.46,13,1.3,15.4,3.43,1.42,239,1.08,83.6,,,12.4,0.65,-33.5,-351.2,0.654,62,-1.1,,,,,,,,,,,,
Arctic-GRO III,Yukon,5/23/18,143,Kit 37,17415,3.1,,,67.2,0.313,0.052,0.027,0.024,0.017,-150,-19.4,9.2,,,,0.36,83,46,34,3,4.8,2.22,0.99,5.71,23.8,0.5,77,0.4,7.2,8.04,0.96,105,0.61,60.8,,,491,8.29,-26.1,-405.6,0.599,776,2.8,22,596.2,17.3,-25.7,996,1.8,9,620.3,12.65,-26,"1,020",1.6
Arctic-GRO III,Yukon,7/12/18,193,Kit 38,13479,16.8,,,78.3,0.112,0.013,0.004,0.003,0.001,-168,-20.1,4.1,,,,0.22,80,7,5,2,6.4,3.17,1.22,9.43,31.7,0.76,34,0.4,16.8,3.02,1.17,147,0.87,84.2,,,396.8,2.85,-25.5,-545.3,0.459,179,-1.9,18,434.3,4.91,-25.7,350,0.2,12,431,0.55,-25.3,468,0.1
Arctic-GRO III,Yukon,9/27/18,270,Kit 39,11921,8.8,,,75.9,0.179,0.026,0.013,0.011,0.006,-144,-18.5,5.9,,,,0.27,103,9,6,2,7.7,3.28,0.96,10.08,31,0.64,50,0.4,17.2,3.01,0.92,153,0.73,76,,,105.7,2.04,-26.7,-431.6,0.573,98,-1.4,24,129.4,1.48,-26.8,150,-1.7,13,141.9,2.13,-26.8,163,-1.3
Arctic-GRO III,Yukon,1/2/19,2,Kit 40,2509,-0.3,,,117.7,0.07,0.005,0.001,0,0,-154,-19.1,2.8,,,,0.32,177,75,8,4,11.1,3.91,1.15,11.64,40.6,0.34,43,0.6,15.6,3.19,1.22,194,0.9,84.2,,,243.4,5.4,-28.3,-373.1,0.632,390,-0.8,,,,,,,,,,,,
Arctic-GRO III,Yukon,4/9/19,99,Kit 41,1954,-0.3,,,116.4,0.075,0.008,0.003,0.002,0,-145,-18.4,2.8,,,,0.32,213,33,7,3,11.3,3.5,1.15,9.51,36.8,0.42,62,0.7,9.5,2.47,1.09,170,0.69,69.7,,,8.4,0.75,-31.8,-299.4,0.706,52,-0.1,,,,,,,,,,,,
Arctic-GRO III,Yukon,6/5/19,156,Kit 42,18208,13,,,63.5,0.336,0.06,0.033,0.029,0.02,-161,-20.9,9.3,,,,0.32,51,2,7,2,5,1.91,1.05,5.37,24.4,0.63,59,0.2,7.8,2.01,0.84,106,0.45,57.6,,,240.3,4.77,-25.8,-425.4,0.579,379,1.6,22,371.8,7.92,-25.6,432,1.6,12,267.5,7,-25.9,398,1.4
Arctic-GRO III,Yukon,7/26/19,207,Kit 43,8269,14.7,,,86.9,0.082,0.008,0.003,0.002,0,-164,-20,3,,,,0.19,81,1,65,42,7,3.66,1.86,9.42,32.6,1.03,36,0.5,15.6,3.63,1.69,160,0.97,91.8,,,485.9,3.13,-26.1,-615.7,0.388,252,1.6,9,459.4,4.07,-24.9,255,-1.9,4,473.4,4.56,-25,301,-1
Arctic-GRO III,Yukon,8/28/19,240,Kit 44,12544,13.8,,,81,0.16,0.022,0.01,0.009,0.006,-157,-19.2,5,,,,0.24,107,0,4,3,7,3.61,1.61,10.56,34.1,0.79,52,0.3,20.6,3.39,1.54,168,0.94,84.9,,,602.1,5.36,-24.8,-589.3,0.414,448,0.9,14,586.5,6.06,-24.3,358,0.5,9,615.3,4.54,-24.4,374,1.1
Arctic-GRO III,Yukon,10/22/19,295,Kit 45,7561,1.6,,,73.2,0.246,0.036,0.018,0.015,0.01,-132,-17.5,7.6,,,,0.33,128,6,9,4,9.1,3.39,0.84,9.42,30.7,0.4,36,0.5,13.9,2.68,0.79,143,0.68,65.9,,,21.7,0.66,-28.6,-354.5,0.651,62,1.2,,,,,,,,,,,,
Arctic-GRO IV,Yukon,11/11/20,316,Kit 50,4870,1.4,,,108.2,0.124,0.014,0.006,0.005,0.002,-143,-18.6,4.5,,,,0.35,144,103,,4,9,3.87,1.14,12.4,41.7,0.73,59,0.8,15.3,3.07,1.28,192,1.09,77.9,,,174.9,6.06,-26.9,-436.9,0.568,521,-1.5,,,,,,,,,,,,
Arctic-GRO IV,Yukon,12/10/20,345,Kit 51,3993,0,,,131.9,0.108,0.011,0.005,0.003,0.001,-149,-19.1,3.9,,,,0.41,189,103,,4,10.2,4.29,1.27,14.4,50.5,0.4,76,0.7,17.7,3.49,1.47,229,1.11,84.5,,,8,1.05,-29.4,-281.2,0.725,54,-0.4,,,,,,,,,,,,
Arctic-GRO IV,Yukon,1/19/21,19,Kit 52,2860,-0.1,,,127.6,0.063,0.004,0.001,0,-0.001,-154,-19.8,2.8,,,,0.36,200,50,,4,10.2,,,,,,,0.6,16.4,,,,,83.6,,,10.2,0.44,-30.2,-341.4,0.664,27,5.8,,,,,,,,,,,,
Arctic-GRO IV,Yukon,4/8/21,98,Kit 53,1447,-0.1,,,148.8,0.055,0.004,0.001,0.001,0,-156,-19.8,2.6,,,,0.37,230,64,,4,11.3,4.08,1.52,13.2,53.8,0.28,83,0.7,13.5,3.3,1.35,231,1.07,84.5,,,5.1,0.65,-34.5,-335.2,0.671,52,-0.9,,,,,,,,,,,,
Arctic-GRO IV,Yukon,5/6/21,126,Kit 54,3964,8.6,,,65.9,0.143,0.025,0.014,0.013,0.009,-135,-17.4,3.8,,,,0.37,188,96,,5,7.4,2.49,1.13,5.82,23.6,0.7,43,0.9,5.4,1.61,1.25,105,0.4,50.4,,,40.6,1.08,-28.1,-317.1,0.689,100,5.5,,,,,,,,,,,,
Arctic-GRO IV,Yukon,7/14/21,195,Kit 55,13054,15.7,,,73.6,0.133,0.017,0.008,0.007,0.004,-157,-20.3,4,,,,0.22,88,3,,4,6.8,2.87,1.27,9.27,31.6,0.68,45,0.5,14.5,2.83,1.2,144,0.87,86.4,,,318,2.73,-26.3,-475.4,0.529,139,8.2,20,264.6,2.84,-26.1,241,2.8,13,302.3,3.33,-26.1,277,2.1
Arctic-GRO IV,Yukon,9/1/21,244,Kit 56,12629,11,,,80.2,0.179,0.025,0.012,0.01,0.007,-150,-19.3,5.2,,,,0.27,121,2,,4,7.1,3.27,1.43,10.2,34.5,0.67,47,0.5,17.4,3.13,1.44,157,0.99,85.5,,,292.5,2.22,-25.9,-491,0.513,156,4.3,19,340.6,3.31,-25.8,369,5,10,339.7,3.4,-25,274,3
Arctic-GRO IV,Yukon,9/27/21,270,Kit 57,11695,6,,,73.9,0.217,0.033,0.017,0.015,0.01,-144,-18.6,5.9,,,,0.26,119,5,,5,7.5,3.28,0.95,11.3,33.8,0.65,43,0.6,18.9,2.98,0.91,160,0.92,83.6,,,96,1.91,-26.9,-424.2,0.581,106,4.5,16,94.1,1.29,-27.2,113,2.7,8,98.7,1.51,-27,115,2.3
Arctic-GRO IV,Yukon,3/7/22,66,Kit 47,1549,-0.2,,,,,,,,,,,,,,,,,,,,,,,,,,,,,,,,,,,,4,,,,,,,,,,,,,,,,,,
Arctic-GRO IV,Yukon,5/2/22,122,Kit 48,1566,0.5,,,,,,,,,,,,,,,,,,,,,,,,,,,,,,,,,,,,295.1,,,,,,,,,,,,,,,,,,
Arctic-GRO IV,Yukon,6/6/22,157,Kit 49,18944,13.3,,,,,,,,,,,,,,,,,,,,,,,,,,,,,,,,,,,,194.8,,,,,,,,20.8,,,,,,704.6,,,,
Arctic-GRO IV,Yukon,8/3/22,215,Kit 53*,13620,15,,,,,,,,,,,,,,,,,,,,,,,,,,,,,,,,,,,,381.7,,,,,,,,396.6,,,,,,386.9,,,,
Arctic-GRO IV,Yukon,10/16/22,289,Kit 58,,,,,,,,,,,,,,,,,,,,,,,,,,,,,,,,,,,,,,54.6,,,,,,,,,,,,,,,,,,
Arctic-GRO IV,Yukon,3/14/23,73,Kit 59,,,,,,,,,,,,,,,,,,,,,,,,,,,,,,,,,,,,,,2.9,,,,,,,,,,,,,,,,,,
Arctic-GRO IV,Yukon,6/2/23,153,Kit 60,,,,,,,,,,,,,,,,,,,,,,,,,,,,,,,,,,,,,,23,,,,,,,,11.3,,,,,,402.8,,,,
PARTNERS,Mackenzie,6/24/03,175,,19300,15.5,7.7,,77.6,,,,,,-157,-19.7,5.5,-27.3,,,0.2,78,16,11.2,,3.2,6.1,0.83,8.1,31.7,0.36,50,5.7,11.1,3.87,0.6,168,0.63,,,,,,-26.6,,,,2.7,,,,,,,,,,,,
PARTNERS,Mackenzie,3/24/04,84,,3780,-0.2,7.5,,98.5,,,,,,-149,-18.4,3.6,-26.5,37,,0.27,162,0,11.2,,4.6,12.6,1.18,10.2,32.4,0.26,53,19.9,17.5,5.39,0.65,272,0.67,,,,17.6,0.57,-30.2,-441,0.563,49,2.8,,,,,,,,,,,,
PARTNERS,Mackenzie,6/17/04,169,,18300,14.5,7.9,,77.7,,,,,,-161,-19.9,5.1,-22.6,29,,0.2,56,0,10.3,,3.9,5.7,0.86,7.9,30.9,0.31,48,6.4,12.6,3.72,0.7,173,0.62,,,,195.9,3.43,-27.8,-560,0.443,354,3.2,,,,,,,,,,,,
PARTNERS,Mackenzie,6/22/04,174,,17400,15.8,8,,77.2,,,,,,-160,-19.9,4.6,-25.8,15,,0.19,63,8,10,,4,5.5,0.84,8,28.4,0.34,48,6,12.5,3.61,0.64,172,0.63,,,,204.8,2.53,-29.5,-581,0.422,238,1.5,,,,,,,,,,,,
PARTNERS,Mackenzie,7/13/04,195,,12500,16.7,8.2,,81.5,,,,,,-155,-19.2,3.7,-24.8,6,,0.17,74,44,9.3,,3.9,7.2,0.88,8.5,29.5,0.36,52,9,14.9,4.33,0.73,194,0.65,,,,117.1,3.07,-30.2,-553,0.45,324,3.4,,,,,,,,,,,,
PARTNERS,Mackenzie,8/4/04,217,,12400,15.4,8.4,,81.9,,,,,,-154,-19.1,3.3,-26.6,15,,0.14,63,0,8.1,,4.1,7.7,0.84,9.5,31.4,0.36,53,10.3,16.7,4.47,0.67,221,0.75,,,,61.5,1.73,-29.8,-646,0.356,183,4.2,,,,,,,,,,,,
PARTNERS,Mackenzie,8/25/04,238,,8730,15.7,8.4,,80.1,,,,,,-161,-20.5,3.3,-26.3,31,,0.14,38,0,10.6,,4,8.8,0.91,9.8,34.6,0.38,57,12.3,17.2,4.85,0.67,209,0.74,,,,69.5,0.07,-30.1,-483,0.521,14,2.7,,,,,,,,,,,,
PARTNERS,Mackenzie,9/8/04,252,,8770,10.4,7.9,,,,,,,,-158,-20.2,3.1,-26.5,20,,0.13,70,0,8.1,,3.9,9.1,0.91,9.9,32.5,0.23,57,12.9,17.6,4.72,0.56,230,0.75,,,,73.4,0.11,-30.8,-486,0.517,27,2.7,,,,,,,,,,,,
PARTNERS,Mackenzie,3/16/05,75,,3670,-0.2,7.7,,90.1,,,,,,-149,-18.2,4.2,-26.7,-66,,0.26,160,0,8.7,,4.5,12.3,1.18,10.5,38.5,0.25,53,18.9,17.1,5.45,0.6,233,0.62,,,,2.6,0.17,-31.1,,,22,6,,,,,,,,,,,,
PARTNERS,Mackenzie,6/14/05,165,,25200,14,8.1,,70.3,,,,,,-161,-20.2,5,-26.4,26,,0.19,122,0,9.6,,4.1,4.8,0.81,8.1,29.5,0.19,41,5.2,13.8,2.04,0.33,113,0.38,,,,312,,-26.3,-674,0.328,,5.1,,,,,,,,,,,,
PARTNERS,Mackenzie,6/29/05,180,,16900,14.7,8,,69.4,,,,,,-156,-19.4,4.5,-20.5,-47,,0.2,60,0,11.2,,4.2,5.9,0.86,8.3,31.2,0.31,45,6.4,14.8,3.85,0.58,158,0.55,,,,135,1.68,-25.5,-643,0.36,336,5.2,,,,,,,,,,,,
PARTNERS,Mackenzie,7/14/05,195,,16200,17.8,8.1,,60.3,,,,,,-156,-19.2,5,-26.2,11.5,,0.18,56,0,10.9,,3.8,7.1,0.93,9.3,35,0.34,54,8.1,17.9,4.44,0.67,177,0.59,,,,97.3,1.27,-22.1,-543,0.46,161,3.8,,,,,,,,,,,,
PARTNERS,Mackenzie,8/9/05,221,,13500,16.7,8.2,,61.3,,,,,,-154,-19,4.6,-26.8,30,,0.18,49,34,8.7,,3.9,7.3,0.98,9.8,33.3,0.29,55,8.7,17.5,4.56,0.57,194,0.57,,,,71.3,1.18,-27.9,-588,0.415,209,3.3,,,,,,,,,,,,
PARTNERS,Mackenzie,8/30/05,242,,12300,12.6,8.1,,84,,,,,,-151,-18.8,5.7,-22.7,-38,,0.17,50,18,7.8,,3.9,7.8,0.94,10.1,36.1,0.26,52,9.7,18.6,4.16,0.49,180,0.59,,,,44.5,0.92,-27.6,-541,0.462,153,2.8,,,,,,,,,,,,
PARTNERS,Mackenzie,9/13/05,256,,12200,11.2,8.2,,90.9,,,,,,-151,-19,4.6,-23.3,18,,0.17,52,0,10.9,,3.8,7.8,0.92,10.1,37.5,,,9.5,18.7,,,,,,,,50,0.14,-30.3,-536,0.467,31,2.9,,,,,,,,,,,,
PARTNERS,Mackenzie,8/15/06,227,,12700,,,,73.3,,,,,,-152,-18.8,4.6,,,,0.18,42,17,10.9,,4,8.3,0.9,10.1,36.5,,,10.6,18.6,,,,,,,,64.1,,-27.3,,,,1.2,,,,,,,,,,,,
PARTNERS,Mackenzie,3/27/07,86,,2960,,,,84.3,,,,,,-150,-18.5,5.6,,,,0.25,174,0,10.9,,4.4,12.7,1.11,10.1,34.1,,,22.1,17.7,,,,,,,,2.1,0.22,-33.7,,,27,4.1,,,,,,,,,,,,
Arctic-GRO I,Mackenzie,6/11/09,162,,24300,11.5,8.1,,79.8,0.191,0.032,0.017,0.015,0.011,-164,-20.9,4.3,-26.9,48.5,1.056,0.38,53,7,,3,3.5,5.43,0.92,7.72,31.4,0.31,50,3.2,9.7,,,173,0.68,35.5,,,411.4,2.63,-26.8,,,257,5.3,,,,,,,,,,,,
Arctic-GRO I,Mackenzie,6/30/09,181,,20900,14.1,7.9,,81.5,0.143,0.021,0.011,0.009,0.007,-158,-20.5,5.3,-27,-40.5,0.966,0.25,42,1,,2,3.7,6.01,0.85,8.55,33.8,0.32,52,4,11.1,,,184,0.69,82.3,,,209,3.14,-25.6,,,333,1.7,,,,,,,,,,,,
Arctic-GRO I,Mackenzie,7/2/09,183,,21100,14.4,7.9,,83.2,0.151,0.027,0.016,0.015,0.012,-154,-19.9,6.6,-27.1,24,1.031,0.3,44,4,,4,3.5,5.77,0.82,8.46,33.1,0.33,52,3.7,11.2,,,185,0.7,81.1,,,183.9,2.72,-27,,,302,2.3,,,,,,,,,,,,
Arctic-GRO I,Mackenzie,9/8/09,251,,13800,13.7,8.2,,91.6,0.137,0.028,0.02,0.018,0.015,-153,-19.3,5,-26.3,-103.9,0.903,0.23,44,7,,3,3.5,7.02,0.87,9.8,38.6,0.34,56,4.9,13.3,,,234,0.82,45,,,96.3,3.44,-24.3,,,327,3.7,,,,,,,,,,,,
Arctic-GRO I,Mackenzie,3/25/10,84,,4380,0.1,,,102.3,0.078,0.008,0.003,0.003,0.002,-146,-18.4,5.1,-25.2,-41.1,0.966,0.24,123,9,,3,3.8,12.59,1.13,10.54,42.1,0.36,57,11.1,13.3,,,274,0.76,50,,,63,1.26,-27.7,,,104,4,,,,,,,,,,,,
Arctic-GRO I,Mackenzie,6/15/10,166,,16500,13.9,8,,76.1,0.103,0.014,0.007,0.006,0.004,-147,-19.3,4.2,,,,0.23,33,5,,3,3.2,6.9,0.93,8.68,33.4,0.31,53,4.8,11.6,,,197,0.7,95.6,,,210.4,1,-27.1,,,189,1.2,,,,,,,,,,,,
Arctic-GRO I,Mackenzie,6/29/10,180,,13000,,,,88.3,0.117,0.015,0.007,0.007,0.004,-150,-19.3,5.1,-20.7,-42.9,0.964,0.28,28,7,,3,3.1,7.31,0.92,8.97,35.2,0.34,55,4.8,13.1,,,205,0.74,91.2,,,71.2,0.32,-28.2,,,167,2,,,,,,,,,,,,
Arctic-GRO I,Mackenzie,7/2/10,183,,13900,17.9,8.2,,89.2,0.103,0.014,0.008,0.007,0.006,-147,-19.1,4.5,-22.4,-53.5,0.953,0.3,22,5,,3,3.3,8.19,1.03,9.64,39.1,0.37,56,5.7,13,,,216,0.84,51.9,,,58.2,0.87,-28.7,,,79,3,,,,,,,,,,,,
Arctic-GRO I,Mackenzie,8/11/10,223,,11400,19.6,,,96.4,0.142,0.02,0.01,0.009,0.007,-150,-19.2,5.6,-28.3,-60.7,0.946,0.34,24,3,,3,3.7,8.23,0.89,10.25,40.3,0.41,57,6.4,13.7,,,243,0.82,64.6,,,84.4,1.31,-27.9,,,181,2.9,,,,,,,,,,,,
Arctic-GRO I,Mackenzie,3/10/11,69,,3620,0,,,109.8,0.08,0.018,0.014,0.014,0.013,-147,-18.6,4.2,-24.5,0,1.007,0.38,158,10,,7,3.9,12.3,1.03,10.85,33.3,0.31,39,,,5.66,0.6,247,0.72,,,,4.6,0.2,-28.4,,,21,3.5,,,,,,,,,,,,
Arctic-GRO I,Mackenzie,6/6/11,157,,21300,11.5,7.8,,81.1,0.214,0.048,0.033,0.031,0.026,-170,-21.2,8.1,,48.1,1.056,0.23,52,1,,10,3.3,5.54,0.97,8.67,33.9,0.31,51,4.8,6.2,3.97,0.59,177,0.63,66.5,,,315.6,4,-26.9,,,657,3.3,,,,,,,,,,,,
Arctic-GRO I,Mackenzie,6/14/11,165,,17700,9.3,,,80.2,0.145,0.044,0.034,0.032,0.03,-165,-20.8,5.8,,4.6,1.012,0.35,42,8,,10,3.1,5.81,0.9,8.72,34.3,0.32,50,4,6.8,4.04,0.56,184,0.69,68.4,,,195.3,4.5,-26,,,301,3.4,,,,,,,,,,,,
Arctic-GRO I,Mackenzie,6/28/11,179,,18000,17.8,7.9,,84.4,0.14,0.025,0.016,0.015,0.013,-163,-20.3,6.7,,,,0.33,52,0,,7,3.4,6.51,0.91,9.73,36.6,0.37,56,6.4,7.5,4.78,0.7,205,0.7,80.7,,,208.7,1.39,-27.5,,,157,2.3,,,,,,,,,,,,
Arctic-GRO I,Mackenzie,8/18/11,230,,14800,15.5,8.1,,97.7,0.12,0.028,0.021,0.02,0.018,-157,-19.6,5.2,,8,1.016,0.29,48,3,,5,3.6,7.91,0.85,10.81,41.8,0.44,56,3.9,13,5.39,0.63,248,0.82,89.3,,,72.8,1.62,-27.8,,,205,7.4,,,,,,,,,,,,
Arctic-GRO I,Mackenzie,2/6/12,37,,4250,0,7.7,,106.6,0.085,0.021,0.017,0.017,0.016,-153,-19.2,4.5,,12.4,1.02,0.23,124,2,,7,4.1,12.09,1.16,11.64,45.1,0.35,57,13,14.1,6.09,0.6,285,0.78,95,,,19.8,0.44,-28.8,,,39,3.8,,,,,,,,,,,,
Arctic-GRO II,Mackenzie,6/7/12,159,Kit 1,22400,13.3,,236,79.6,0.236,0.052,0.036,0.033,0.028,-169,-21.3,6.9,-28.3,53.2,1.061,0.36,50,16,11,7,3.1,5.86,0.96,8.33,32.4,0.34,52,5.1,10.5,3.94,0.65,187,0.5,,20.979,,338.2,4.3,-27.5,-752.8,0.249,373,1.8,,,,,,,,,,,,
Arctic-GRO II,Mackenzie,8/9/12,222,Kit 2,12300,19.3,,241,89.4,0.072,0.017,0.014,0.013,0.012,-165,-19.5,2.8,-24,-86.4,0.921,0.22,36,8,7.6,5,3.4,7.91,0.91,9.75,38.8,0.4,57,7.6,14.1,4.97,0.71,232,0.72,,6.696,,67.7,1.44,-28.4,-685.7,0.317,131,1.7,,,,,,,,,,,,
Arctic-GRO II,Mackenzie,10/3/12,277,Kit 3,11200,8.3,,255,94.1,0.101,0.021,0.016,0.015,0.014,-166,-19.3,3.7,-27.7,27.5,1.035,0.23,52,8,7.6,5,3.1,8.69,0.91,10.77,41,0.33,54,8.1,15.5,5.14,0.55,257,0.71,,4.139,,15.6,0.75,-28.8,-620,0.383,72,1.8,,,,,,,,,,,,
Arctic-GRO II,Mackenzie,11/30/12,335,Kit 4,3520,0,,347,101.9,0.095,0.019,0.015,0.015,0.014,-153,-18.7,4,-26.8,41.5,1.049,0.29,97,17,8,6,3.5,13.87,1.17,10.4,43.6,0.39,56,16,15.2,5.99,0.64,306,0.6,,1.7,,4,0.21,-28.7,-562.9,0.44,23,3.4,,,,,,,,,,,,
Arctic-GRO II,Mackenzie,1/26/13,26,Kit 5,4640,0,,322,100.5,0.079,0.015,0.011,0.011,0.01,-165,-19.1,3.4,-16.8,-31.7,0.976,0.3,123,10,6.7,6,3.8,10.56,1.06,9.79,40.9,0.34,53,12.1,14,5.38,0.54,273,0.68,,1.187,,4.2,0.19,-28.4,-605.4,0.398,18,4.5,,,,,,,,,,,,
Arctic-GRO II,Mackenzie,3/29/13,88,Kit 6,3900,0,,285,98.8,0.084,0.018,0.014,0.014,0.013,-162,-19,3.4,-26,15.8,1.023,0.28,131,8,8,5,4,11.86,1.09,9.92,41.2,0.33,55,13.8,13.7,5.62,0.61,279,0.64,,2.554,,3.4,0.28,-29,-631.5,0.371,21,3.3,,,,,,,,,,,,
Arctic-GRO II,Mackenzie,6/8/13,159,Kit 7,28800,11.1,,230,78.1,0.196,0.04,0.027,0.025,0.022,-169,-21.7,7.4,,,,0.26,52,10,9.4,6,2.7,5.18,0.98,7.91,32.3,0.37,53,4.6,10.4,3.86,0.69,174,0.57,,17.666,,461.4,4.89,-27.1,-615.4,0.388,472,2.4,,,,,,,,,,,,
Arctic-GRO II,Mackenzie,7/18/13,199,Kit 8,17500,15.8,,275,87.5,0.124,0.026,0.019,0.018,0.016,-159,-19.8,5.5,,,,0.21,73,8,12.3,2,3.3,7.13,0.9,9.19,37.1,0.4,56,6.8,13.5,4.74,0.69,202,0.68,,12.485,,177.1,3.79,-27.2,-639.9,0.363,297,1.6,6,208.2,3.85,-27.1,319,1.2,,,,,,
Arctic-GRO II,Mackenzie,9/1/13,244,Kit 9,13400,13,,304,94.6,0.099,0.026,0.021,0.02,0.019,-160,-19.7,4.6,,,,0.35,47,5,8.2,2,3.2,7.95,0.9,10.81,41.1,0.38,56,7.2,15.7,5.21,0.61,248,0.75,,5.521,,137.5,1.77,-27.2,-774.3,0.228,243,2.1,7,106.5,1.94,-27.7,207,1.5,,,,,,
Arctic-GRO II,Mackenzie,11/30/13,334,Kit 10,3030,-0.1,,339,105.8,0.104,0.025,0.021,0.02,0.019,-155,-18.9,4.9,,,,0.24,69,10,7.4,2,3.8,10.95,1.1,10.78,45.6,0.37,56,11.1,15.4,5.86,0.57,269,0.73,,0.995,,2.4,0.22,-28.9,-526.7,0.477,22,2.9,,,,,,,,,,,,
Arctic-GRO II,Mackenzie,2/1/14,32,Kit 11,4560,0,,335,105.9,0.084,0.021,0.018,0.017,0.016,-160,-18.9,4.1,,,,0.3,117,6,8.3,2,4.4,11.29,1.1,10.59,43.7,0.33,55,12,14.5,5.71,0.6,274,0.71,,2.2,,3.1,0.2,-28.1,-531.7,0.472,20,6,,,,,,,,,,,,
Arctic-GRO II,Mackenzie,4/16/14,106,Kit 12,3490,-0.1,,333,102.8,0.073,0.01,0.007,0.006,0.005,-153,-18.7,4.1,,,,0.33,120,4,11.6,2,3.8,13.31,1.19,10.65,44.8,0.38,59,14.7,14,6.18,0.69,296,0.7,,1.189,,15.9,0.31,-27.3,-648.5,0.354,34,5.2,,,,,,,,,,,,
Arctic-GRO II,Mackenzie,6/6/14,157,Kit 13,19300,12,,237,80.6,0.213,0.05,0.036,0.034,0.03,-162,-20.9,7,,,,0.3,47,7,15.3,2,3.8,5.75,0.92,7.73,32,0.35,49,5.2,10.3,3.83,0.61,174,0.52,,9.631,,271.1,3.91,-26.8,-623.9,0.379,365,2,8,228.4,3.79,-27.9,305,0.7,,,,,,
Arctic-GRO II,Mackenzie,8/9/14,221,Kit 14,12400,16.1,,297,95.2,0.104,0.023,0.011,0.01,0.008,-158,-19.9,4,,,,0.23,59,6,3.4,2,3.3,7.24,0.83,10.5,40.6,0.36,55,6.6,15.1,4.85,0.66,234,0.81,,5.909,,110.2,1.6,-28.1,-768.6,0.233,171,1.8,12,109.9,2.28,-27.8,194,0.7,,,,,,
Arctic-GRO II,Mackenzie,10/13/14,286,Kit 15,8720,2.1,,317,100.1,0.076,0.019,0.012,0.012,0.011,-155,-19.4,3.5,,,,0.18,58,9,2.8,1,3.1,9.57,0.94,10.6,42.4,0.31,53,10.4,16.1,5.1,0.52,260,0.93,,2.664,,15.4,0.8,-28.3,-598.8,0.404,68,0.7,4,20.1,0.54,-28.7,54,0.1,,,,,,
Arctic-GRO II,Mackenzie,12/24/14,358,Kit 16,3660,-0.1,,367,113.1,0.087,0.019,0.013,0.013,0.011,-156,-19.3,4.1,,,,0.24,109,8,2.6,1,4.3,13.7,1.18,11.6,48,0.27,59,15.6,16.2,6.04,0.71,326,0.97,,1.056,,30.5,0.5,-28.8,-595.7,0.407,43,2,,,,,,,,,,,,
Arctic-GRO II,Mackenzie,1/21/15,21,Kit 17,3470,-0.1,,344,112.1,0.081,0.017,0.011,0.011,0.01,-155,-19.3,3.6,,,,0.23,124,5,3.2,2,3.9,11.3,1.11,11.3,47.2,0.25,58,12.1,15.2,5.66,0.63,301,0.96,,2.248,,2.8,0.2,-29.3,-656.7,0.346,19,4.1,,,,,,,,,,,,
Arctic-GRO II,Mackenzie,3/26/15,85,Kit 18,3230,-0.1,,338,105.1,0.073,0.016,0.011,0.01,0.009,-154,-19.1,3.5,,,,0.23,132,9,4.3,1,3.9,12.7,1.12,10.6,44.1,0.28,57,14.5,14.1,5.7,0.64,290,0.88,,1.946,,2.7,0.2,-28.8,-637.1,0.366,17,4.8,,,,,,,,,,,,
Arctic-GRO II,Mackenzie,4/24/15,114,Kit 19,3660,-0.1,,338,104.4,0.079,0.016,0.01,0.01,0.009,-154,-18.9,3.6,,,,0.25,126,5,3,1,4,12.7,1.11,10.5,43.5,0.26,56,14.8,14.3,5.74,0.64,290,0.87,,3.163,,25,0.5,-30.1,-621,0.382,45,3.7,,,,,,,,,,,,
Arctic-GRO II,Mackenzie,7/11/15,192,Kit 20,12900,15.6,,297,89.9,0.104,0.023,0.012,0.011,0.01,-156,-19.7,3.9,,,,0.18,48,7,1.5,1,3,8.77,0.88,10.1,39.7,0.34,55,8.2,14.9,4.92,0.69,238,0.88,,8.98,,93.1,1.7,-28.1,-657.9,0.345,150,1.4,9,89.5,1.74,-27.9,209,1,4,96.3,1.65,-27.9,171,0.9
Arctic-GRO II,Mackenzie,9/13/15,256,Kit 21,13000,9.9,,320,100,0.144,0.032,0.015,0.013,0.011,-158,-19.9,5.2,,,,0.2,56,8,3.3,1,3.5,8.19,0.83,11.8,44.2,0.31,55,7.3,17.3,5.15,0.58,273,0.97,,8.46,,96.4,1.7,-27.9,-774.3,0.228,185,1.8,6,81.5,1.47,-28,166,0.5,3,85.3,0.94,-28.8,149,1.2
Arctic-GRO II,Mackenzie,11/17/15,321,Kit 22,5650,-0.1,,332,104.6,0.106,0.021,0.011,0.01,0.009,-155,-19.4,4.6,,,,0.23,68,8,2.6,1,4,10.1,0.98,11.2,44.4,0.29,52,10.1,15.3,5.22,0.54,275,0.94,,3.84,,6.8,0.8,-28.3,-549.3,0.454,92,0.3,,,,,,,,,,,,
Arctic-GRO II,Mackenzie,1/31/16,31,Kit 23,3830,-0.1,,352,110.8,0.052,0.012,0.009,0.008,0.008,-156,-19.3,2.3,,,,0.14,127,7,2.2,1,4.5,12,1.1,11.6,48.1,0.26,57,13.9,16.1,5.76,0.64,318,0.96,,0.97,,2.6,0.1,-29.6,-615.9,0.387,12,3.9,,,,,,,,,,,,
Arctic-GRO II,Mackenzie,4/23/16,114,Kit 24,3450,-0.1,,331,103.1,0.074,0.013,0.006,0.006,0.005,-153,-19,4,,,,0.24,130,8,4,1,4,12.8,1.09,10.6,44,0.26,54,15.1,14.7,5.71,0.65,306,0.87,,1.48,,5.9,0.3,-28,-581.4,0.422,25,4.1,,,,,,,,,,,,
Arctic-GRO II,Mackenzie,6/5/16,157,Kit 25,16300,11.2,,263,82.8,0.151,0.037,0.02,0.018,0.016,-144,-20.6,5.2,,,,0.22,52,5,2.5,2,3.3,7.29,0.84,8.99,32.8,0.34,51,7.1,12.6,3.97,0.55,196,0.76,,9.61,,186.7,1.6,-27.7,-761.1,0.241,203,1.9,8,102.8,1.49,-27.2,172,1.5,4,114.6,1.65,-27.2,196,0.7
Arctic-GRO II,Mackenzie,8/21/16,234,Kit 26,11900,17.4,,328,98.3,0.087,0.018,0.011,0.01,0.009,-140,-19.8,3.8,,,,0.17,45,5,5,2,2.7,8.15,0.9,11.6,40.5,0.43,58,7.9,18.3,5.36,0.71,271,1.04,,7.01,,80.2,1.2,-27.7,-554.9,0.449,132,1.2,8,58,1.24,-27.5,136,1.1,4,59.5,1.18,-27.6,131,1.1
Arctic-GRO II,Mackenzie,10/2/16,276,Kit 27,11400,7.6,,324,96.8,0.139,0.03,0.014,0.014,0.011,-131,-19.7,5.2,,,,0.21,45,5,3.5,2,2.7,8.21,0.91,11.3,40,0.36,53,7.7,18,5.41,0.57,250,0.96,,5.95,,48.7,1.1,-27.8,-565.6,0.438,95,0.9,7,43.1,0.99,-27.6,106,0.7,5,45.4,1.05,-27.6,93,0.3
Arctic-GRO II,Mackenzie,12/1/16,336,Kit 28,3990,-0.1,,331,98.2,0.097,0.019,0.01,0.009,0.008,-132,-18.9,4.3,,,,0.21,66,8,5.4,2,3.3,11.4,1.06,10.1,38.4,0.32,50,12.4,14.6,5.21,0.63,267,0.75,,2.66,,28,1.3,-27.7,-587.5,0.416,132,0.8,,,,,,,,,,,,
Arctic-GRO III,Mackenzie,2/22/17,53,Kit 30,3570,-2,,,104.6,0.077,0.008,0.004,0.003,0.002,-151,-18.2,4.2,,,,0.23,122,13,3.8,1,3.6,12.2,1.13,10.4,40.6,,55,13.7,14.7,5.51,0.62,285,0.74,,1.58,,0.8,0.28,-27.4,-588.1,0.415,22,6.3,,,,,,,,,,,,
Arctic-GRO III,Mackenzie,4/25/17,115,Kit 31,4430,-0.5,,,100.9,0.078,0.011,0.006,0.005,0.004,-150,-18,5,,,,0.21,120,0,2.3,1,3.1,12.8,1.16,9.93,38.9,,53,14.4,13.6,5.56,0.68,275,0.66,,2.11,,4.1,0.2,-27.4,-738,0.264,18,5.1,,,,,,,,,,,,
Arctic-GRO III,Mackenzie,6/29/17,180,Kit 32,17000,15,,,88,0.128,0.018,0.01,0.008,0.006,-156,-19.3,6.2,,,,0.19,58,3,1.9,1,3.7,6.13,0.91,9.59,35.5,,54,5.5,14.2,4.46,0.68,224,0.75,,8.88,,208,2.98,-26.9,-771.5,0.23,364,-0.3,13,233.8,3.56,-27.4,398,1.8,8,212.8,3.28,-26.9,333,0.1
Arctic-GRO III,Mackenzie,8/28/17,240,Kit 33,10400,16,,,99.7,0.105,0.015,0.009,0.007,0.006,-154,-18.6,4.4,,,,0.16,46,2,1.4,1,3,8.46,0.97,11.1,40.4,,57,8.4,16.5,5.47,0.68,259,0.86,,6.69,,84.9,1.3,-27.6,-727,0.275,157,2.5,13,94.3,2.02,-27.5,197,2.3,7,90.2,1.94,-27.4,180,3.2
Arctic-GRO III,Mackenzie,11/28/17,332,Kit 34,2630,-1,,,109.4,0.086,0.01,0.006,0.005,0.004,-152,-18.2,4.2,,,,0.21,81,12,1.3,1,3.1,13,1.18,11.3,44.2,,57,13.8,16.5,5.9,0.66,287,0.79,,3.27,,2.8,0.23,-27.8,-614.5,0.389,24,3,,,,,,,,,,,,
Arctic-GRO III,Mackenzie,12/19/17,353,Kit 35,4000,-0.5,,,106.7,0.092,0.009,0.005,0.004,0.003,-150,-18,4.8,,,,0.33,93,42,3.3,1,3.2,15.3,1.33,11.3,42.8,,56,17,15.7,6.13,0.81,314,0.71,,,,1.6,0.19,-29.3,-609.6,0.394,14,3.6,,,,,,,,,,,,
Arctic-GRO III,Mackenzie,2/19/18,50,Kit 36,3800,-1,,,101.3,0.063,0.001,0,0,0,-151,-18,3.7,,,,0.26,109,7,2.1,1,4,10.25,0.98,8.89,32.3,0.31,44,11.4,14.2,4.44,0.6,234,0.69,77.9,,,4.7,0.1,-27.7,-517,0.487,13,4.8,,,,,,,,,,,,
Arctic-GRO III,Mackenzie,3/9/18,68,Kit 37,3580,-1,,,,0.089,0.009,0.004,0.003,0.002,-147,-17.9,3.9,,,,,,9,2.3,1,3.9,12.15,1.12,10.17,37.5,0.3,52,14.1,14.1,5.2,0.6,272,0.65,65.9,,,6.5,0.2,-27,-563,0.441,17,5.8,,,,,,,,,,,,
Arctic-GRO III,Mackenzie,5/3/18,123,Kit 38,3900,-0.5,,,77.1,0.055,0.001,0,0,0,-147,-18.5,3.1,,,,0.21,105,10,2.4,0,3.4,9.25,0.85,7.43,27.1,0.26,42,9.5,10.8,3.36,0.5,210,0.55,32.9,,,3,0.17,-27,-533.4,0.47,19,4.8,,,,,,,,,,,,
Arctic-GRO III,Mackenzie,7/18/18,199,Kit 39,14300,15,,,86.2,0.145,0.015,0.005,0.003,0.001,-154,-18.9,5.4,,,,0.2,45,7,3.2,1,4,6.4,0.85,9.49,31.8,0.36,53,4.7,14.9,3.82,0.63,207,0.75,33.6,,,163.5,2.43,-26.7,-631.5,0.372,223,-1.2,13,190.4,2.64,-26.5,217,-1.1,7,191,2.42,-26.4,242,-0.7
Arctic-GRO III,Mackenzie,9/19/18,262,Kit 40,9450,3,,,96.1,0.101,0.007,0.001,0,0,-148,-18.4,4.4,,,,0.16,44,4,2.5,1,3.2,9.64,0.94,11.8,38.9,0.34,51,7.5,18.8,5.26,0.52,259,0.78,83.6,,,42.7,0.65,-27.3,-529,0.475,81,-0.4,9,58.9,0.69,-25.8,90,0,5,32.7,0.7,-27.9,77,0.1
Arctic-GRO III,Mackenzie,11/27/18,331,Kit 41,2470,-1,,,101.7,0.096,0.008,0.003,0.002,0,-149,-18,4.9,,,,0.23,69,15,4.8,0,4.1,12.22,1.16,10.6,39.5,0.32,52,11.4,15.8,5.34,0.61,266,0.68,62.1,,,2,0.11,-27.5,-492,0.512,15,3.2,,,,,,,,,,,,
Arctic-GRO III,Mackenzie,2/7/19,38,Kit 42,4170,0.3,,,102.9,0.08,0.005,0.001,0,0,-141,-18.2,3.8,,,,0.25,106,0,1.3,1,4.4,11.74,1.11,10.53,38.7,0.29,52,11.3,14.7,5.17,0.62,276,0.7,61.4,,,2,0.09,-27.3,-484.9,0.519,12,7.2,,,,,,,,,,,,
Arctic-GRO III,Mackenzie,4/16/19,106,Kit 43,3940,0.8,,,101.5,0.075,0.003,0,0,0,-149,-18.2,3.7,,,,0.24,106,0,0.6,1,4.3,13.26,1.16,10.67,38.3,0.27,54,13.4,15.3,5.4,0.65,299,0.69,83,,,5.6,0.16,-27.9,-507.9,0.496,18,5.6,,,,,,,,,,,,
Arctic-GRO III,Mackenzie,6/10/19,161,Kit 44,13100,11.8,,,80.6,0.151,0.02,0.009,0.007,0.005,-150,-19.7,5.4,,,,0.24,45,1,2.4,1,3.4,6.82,0.98,9.65,33.6,0.32,50,4.8,12.9,4.25,0.59,228,0.67,65.2,,,229.7,1.61,-26.8,-618.8,0.384,242,-1.2,12,225.8,2.69,-26.7,271,-1.7,6,204.1,2.69,-26.7,216,-1.7
Arctic-GRO III,Mackenzie,9/12/19,255,Kit 45,11400,,,,97.9,0.152,0.018,0.009,0.007,0.004,-146,-18.9,5,,,,0.19,42,1,3.2,1,3.4,7.55,0.91,11.72,37.5,0.35,53,6.1,17.4,5.06,0.58,254,0.82,89.3,,,102.3,1.68,-26.9,-629.2,0.374,165,-0.8,,76.2,1.66,-26.9,187,-2.2,,105.3,1.63,-26.8,188,-1.2
Arctic-GRO IV,Mackenzie,2/11/20,42,Kit 46,3464,0.5,,,102.7,0.082,0.003,0,-0.001,-0.002,-149,-18.3,3.8,,,,0.25,118,6,,3,4,12.7,1.2,11.3,42.5,,56,12.2,15.5,5.72,0.66,297,0.77,83.6,,,4.4,0.15,-26.9,-527.2,0.477,15,5.3,,,,,,,,,,,,
Arctic-GRO IV,Mackenzie,7/6/20,188,Kit 47,23885,NA,,,81.9,0.168,0.021,0.01,0.008,0.005,-154,-19.5,5.2,,,,0.2,45,6,,3,3.5,5.34,1.03,8.72,34.4,,51,4.1,12.9,4.26,0.6,187,0.73,72.2,,,316.9,2.41,-26.9,-630.1,0.373,257,-0.3,,,,,,,,,,,,
Arctic-GRO IV,Mackenzie,7/21/20,203,Kit 48,24901,16,,,86.6,0.261,0.036,0.019,0.016,0.011,-154,-19.4,8.2,,,,0.26,41,6,,3,3.6,5.67,0.91,9.83,36.7,,56,3.6,14.7,4.94,0.6,208,0.78,78.8,,,432.8,3.37,-27,-645.2,0.358,316,-2.6,13,325.5,5.32,-26.7,492,-3.3,7,384.3,4.74,-27.1,509,-3.5
Arctic-GRO IV,Mackenzie,8/18/20,231,Kit 49,22580,15,,,92.1,0.169,0.018,0.008,0.006,0.003,-150,-18.8,5.5,,,,0.23,46,5,,2,3.7,7.18,0.93,10.5,38,,56,5.5,15.4,5.2,0.6,222,0.78,95.9,,,201.3,1.64,-27.3,-575,0.429,153,0.1,13,110.3,1.63,-27.2,165,0.9,6,128.4,1.86,-27.2,202,-0.1
Arctic-GRO IV,Mackenzie,10/7/20,281,Kit 50,14753,7,,,95.9,0.17,0.018,0.009,0.007,0.004,-147,-18.1,6,,,,0.24,40,4,,2,3.8,8.13,1.02,10.5,38.6,,53,6.7,14.3,5.29,0.56,227,0.74,78.8,,,76.6,0.79,-27.6,-521.7,0.482,102,1.5,6,53.9,0.97,-27.5,107,1.9,12,50.2,0.91,-27.4,121,1.8
Arctic-GRO IV,Mackenzie,1/14/21,14,Kit 51,6045,0.5,,,107.5,0.112,0.008,0.003,0.002,0.001,-148,-18.4,5.3,,,,0.41,117,42,,2,4.4,11.6,1.47,11.5,43.9,,56,11,15.3,5.9,0.77,274,0.81,87.4,,,10.6,0.31,-25.7,-468.5,0.536,44,5.9,,,,,,,,,,,,
Arctic-GRO IV,Mackenzie,1/28/21,28,Kit 52,5891,-0.5,,,107,0.122,0.01,0.003,0.003,0.001,-146,-18.3,5.3,,,,0.41,131,42,,2,4.5,10.7,1.29,10.8,41.4,,54,10.2,14.7,5.59,0.69,262,0.77,94,,,3.2,0.28,-25.4,-615.4,0.388,27,6.4,,,,,,,,,,,,
Arctic-GRO IV,Mackenzie,3/11/21,70,Kit 53,6018,0,,,102.9,0.13,0.011,0.005,0.004,0.002,-144,-18.1,5.6,,,,0.46,135,48,,3,4.4,11.3,1.44,10.2,40.2,,53,10.7,13.2,5.65,0.78,248,0.69,81.7,,,3.8,0.25,-25.1,-456.6,0.548,36,7.7,,,,,,,,,,,,
Arctic-GRO IV,Mackenzie,6/15/21,166,Kit 54,26540,12,,,85.6,0.222,0.029,0.015,0.012,0.008,-156,-19.7,6.8,,,,0.27,62,7,,2,4.2,6.34,1.15,8.69,33.2,,54,5.1,11.1,4.52,0.69,184,0.64,92.1,,,197.8,3.02,-26.4,-557.2,0.447,205,3.4,12,213.7,3.34,-26.4,359,1.2,6,135.2,2.46,-26.5,263,2.6
Arctic-GRO IV,Mackenzie,7/19/21,200,Kit 55,19086,18,,,84.4,0.232,0.03,0.015,0.013,0.009,-150,-19.1,6.6,,,,0.26,53,3,,2,4.2,6.69,1.01,9.17,34.9,,55,5.4,12.7,4.98,0.73,189,0.67,70.3,,,214.8,2.39,-26.7,-613.8,0.39,266,1.9,11,167.9,2.51,-26.7,327,2.2,5.5,140.3,2.43,-26.6,300,1.2
Arctic-GRO IV,Mackenzie,9/23/21,266,Kit 56,13721,10,,,93.3,0.188,0.021,0.01,0.008,0.005,-149,-18.5,6.5,,,,0.24,46,2,,2,3.9,8.31,1.09,10.5,38.6,,53,7.1,15,5.54,0.65,233,0.74,103.5,,,81.6,1.16,-27.4,-484.2,0.52,98,2.4,12,51.5,1.02,-27.4,119,2.4,6,55,0.97,-27.3,112,2.6
Arctic-GRO IV,Mackenzie,12/14/21,348,Kit 57,3031,-0.5,,,99,0.144,0.012,0.005,0.005,0.002,-145,-18,5.6,,,,0.3,112,11,,2,4.2,12,1.29,10,39.3,,51,11.5,13.8,5.59,0.64,245,0.67,101.6,,,109.3,1.75,-27.4,-521.3,0.483,178,2.8,,,,,,,,,,,,
Arctic-GRO IV,Mackenzie,2/14/22,45,Kit 58,,0.5,,,,,,,,,,,,,,,,,,,,,,,,,,,,,,,,,,,,81.7,,,,,,,,,,,,,,,,,,
Arctic-GRO IV,Mackenzie,4/7/22,97,Kit 59,,0.5,,,,,,,,,,,,,,,,,,,,,,,,,,,,,,,,,,,,51.4,,,,,,,,,,,,,,,,,,
Arctic-GRO IV,Mackenzie,7/4/22,185,Kit 60,,18,,,,,,,,,,,,,,,,,,,,,,,,,,,,,,,,,,,,272.2,,,,,,,,304.3,,,,,,329.6,,,,
Arctic-GRO IV,Mackenzie,9/13/22,256,Kit 61,10216,NA,,,,,,,,,,,,,,,,,,,,,,,,,,,,,,,,,,,,58.3,,,,,,,,41.4,,,,,,45.6,,,,
Arctic-GRO IV,Mackenzie,12/13/22,347,Kit 63,3333,0.5,,,,,,,,,,,,,,,,,,,,,,,,,,,,,,,,,,,,79.9,,,,,,,,,,,,,,,,,,
Arctic-GRO IV,Mackenzie,1/17/23,17,Kit 64,,-0.5,,,,,,,,,,,,,,,,,,,,,,,,,,,,,,,,,,,,,,,,,,,,,,,,,,,,,,
Arctic-GRO IV,Mackenzie,3/30/23,89,Kit 65,,0,,,,,,,,,,,,,,,,,,,,,,,,,,,,,,,,,,,,,,,,,,,,,,,,,,,,,,
Arctic-GRO IV,Mackenzie,6/28/23,179,Kit 66,,16,,,,,,,,,,,,,,,,,,,,,,,,,,,,,,,,,,,,,,,,,,,,,,,,,,,,,,
Arctic-GRO IV,Mackenzie,7/17/23,198,Kit 67,,21,,,,,,,,,,,,,,,,,,,,,,,,,,,,,,,,,,,,,,,,,,,,,,,,,,,,,,
Arctic-GRO IV,Mackenzie,9/14/23,257,Kit 68,,14,,,,,,,,,,,,,,,,,,,,,,,,,,,,,,,,,,,,,,,,,,,13,,,,,,7,,,,,