bas_id,riv_id,country,cont,code,time_m,time_d,time_y,lat,lon,type_spm,fra_spm,conc_spm,conc_poc,perc_poc,perc_poc_1sd,d13C_poc,d13C_1sd,D14C_poc,D14C_1sd,age_14C,F14C,perc_tn,cn_ratio,alsi_ratio,ref
Athi-Galana-Sabaki,Athi-Galana-Sabaki ,Kenya,Africa,S4 Athi,8,30,2011,-1.61,37.79,SS,Bulk,24.6,3.3,13.28,,-25,,-28.9,< 7,175.9,0.978,,,,Marwick et al. (2015)
Athi-Galana-Sabaki,Athi-Galana-Sabaki ,Kenya,Africa,S12 Tsavo,9,4,2011,-2.99,38.46,SS,Bulk,102.3,3,2.9,,-21.8,,-52.8,< 7 ,376.5,0.954,,,,Marwick et al. (2015)
Athi-Galana-Sabaki,Athi-Galana-Sabaki ,Kenya,Africa,S13 Athi,9,5,2011,-2.94,38.49,SS,Bulk,67.3,20.3,30.16,,-17,,24.3,< 7 ,modern,1.032,,,,Marwick et al. (2015)
Athi-Galana-Sabaki,Athi-Galana-Sabaki ,Kenya,Africa,S19 Galana,9,8,2011,-3.14,39.85,SS,Bulk,168.5,27.5,16.33,,-21.4,,-94.2,< 7 ,735,0.913,,,,Marwick et al. (2015)
Athi-Galana-Sabaki,Athi-Galana-Sabaki ,Kenya,Africa,S1 Athi,11,1,2011,-1.08,37.25,SS,Bulk,92,8.5,9.22,,-22.9,,-90.4,< 7 ,701.6,0.916,,,,Marwick et al. (2015)
Athi-Galana-Sabaki,Athi-Galana-Sabaki ,Kenya,Africa,S13 Athi,11,17,2011,-2.94,38.49,SS,Bulk,3040,63.3,2.08,,-20.1,,-27.2,< 7 ,161.9,0.98,,,,Marwick et al. (2015)
Athi-Galana-Sabaki,Athi-Galana-Sabaki ,Kenya,Africa,S19 Galana,11,10,2011,-3.14,39.85,SS,Bulk,2826.9,78.3,2.77,,-19.2,,-58,< 7 ,420.7,0.949,,,,Marwick et al. (2015)
Athi-Galana-Sabaki,Athi-Galana-Sabaki ,Kenya,Africa,S1 Athi,4,25,2012,-1.61,37.79,SS,Bulk,4275.6,125.8,2.94,,-19.2,,4,< 7 ,modern,1.012,,,,Marwick et al. (2015)
Athi-Galana-Sabaki,Athi-Galana-Sabaki ,Kenya,Africa,S4 Athi,4,27,2012,-2.99,38.46,SS,Bulk,2452.5,62.3,2.54,,-19.3,,-51.2,< 7 ,361.9,0.956,,,,Marwick et al. (2015)
Athi-Galana-Sabaki,Athi-Galana-Sabaki ,Kenya,Africa,S12 Tsavo,4,28,2012,-2.99,38.46,SS,Bulk,4789.7,59.8,1.25,,-18.2,,-176.8,< 7 ,1502.5,0.829,,,,Marwick et al. (2015)
Athi-Galana-Sabaki,Athi-Galana-Sabaki ,Kenya,Africa,S13 Athi,4,19,2012,-2.94,38.49,SS,Bulk,3624,56.1,1.55,,-20.3,,-4.5,< 7 ,modern,1.003,,,,Marwick et al. (2015)
Betsiboka,Betsiboka ,Madagascar,Africa,B30 Betsiboka,8,14,2010,-16.94,46.95,SS,Bulk,81,0.9,1.15,,-21.8,,-409.7,< 7 ,4176.1,0.595,,,,Marwick et al. (2015)
Betsiboka,Betsiboka ,Madagascar,Africa,B31 Betsiboka,8,17,2010,-16.23,46.55,SS,Bulk,51.6,2.2,4.35,,-23.7,,-63.5,< 7 ,468.3,0.943,,,,Marwick et al. (2015)
Betsiboka,Betsiboka ,Madagascar,Africa,B41  Betsiboka,8,27,2010,-17.69,47.4,SS,Bulk,127.6,1.2,0.91,,-23.6,,-25.2,< 7 ,146.9,0.982,,,,Marwick et al. (2015)
Betsiboka,Betsiboka ,Madagascar,Africa,B36 Mamokomita,8,21,2010,-17.68,46.99,SS,Bulk,9.5,0.4,4.61,,-22.8,,-16.4,< 7 ,74.2,0.991,,,,Marwick et al. (2015)
Betsiboka,Betsiboka ,Madagascar,Africa,B39 Mahajamba,1,31,2012,-17.65,47.69,SS,Bulk,190.4,2.6,1.34,,-22.3,,-96.5,< 7 ,754.9,0.91,,,,Marwick et al. (2015)
Betsiboka,Betsiboka ,Madagascar,Africa,B42 Mavoloa,2,1,2012,-17.69,47.3,SS,Bulk,20.6,0.9,4.28,,-26.3,,-0.8,< 7 ,modern,1.007,,,,Marwick et al. (2015)
Betsiboka,Betsiboka ,Madagascar,Africa,B26 Ikopa,2,22,2012,-17.02,46.76,SS,Bulk,950,13,1.36,,-19.7,,-20,< 7 ,101.9,0.987,,,,Marwick et al. (2015)
Betsiboka,Betsiboka ,Madagascar,Africa,B12 Manjaka,2,3,2012,-18.7,47.49,SS,Bulk,24.4,1.1,4.3,,-22.4,,-62.4,< 7 ,457,0.945,,,,Marwick et al. (2015)
Betsiboka,Betsiboka ,Madagascar,Africa,B15 Ikopa,2,15,2012,-18.68,47.04,SS,Bulk,546,9.8,1.8,,-18.1,,-115.1,< 7 ,921.7,0.892,,,,Marwick et al. (2015)
Betsiboka,Betsiboka ,Madagascar,Africa,B17 Androba,2,17,2012,-18.2,47.04,SS,Bulk,191.5,3.3,1.74,,-20.6,,-42.4,< 7 ,287.9,0.965,,,,Marwick et al. (2015)
Betsiboka,Betsiboka ,Madagascar,Africa,B20 Maintsotady,2,16,2012,-18.3,47.32,SS,Bulk,137.8,2.7,1.97,,-22.4,,-77.4,< 7 ,587.3,0.93,,,,Marwick et al. (2015)
Betsiboka,Betsiboka ,Madagascar,Africa,B30 Betsiboka,2,23,2012,-16.23,46.55,SS,Bulk,3589.5,27.4,0.76,,-20.4,,11.8,< 7 ,modern,1.019,,,,Marwick et al. (2015)
Betsiboka,Betsiboka ,Madagascar,Africa,B32 Betsiboka,2,25,2012,-16.46,47.17,SS,Bulk,1107.3,11.2,1.01,,-20,,-30.8,< 7 ,191,0.977,,,,Marwick et al. (2015)
Betsiboka,Betsiboka ,Madagascar,Africa,B36 Mamokomita,2,20,2012,-17.68,46.99,SS,Bulk,104.8,2,1.87,,-20.6,,-62,< 7 ,453.6,0.945,,,,Marwick et al. (2015)
Betsiboka,Betsiboka ,Madagascar,Africa,B35 Kamolampy,2,21,2012,-17.51,46.98,SS,Bulk,524.4,8.1,1.54,,-19.7,,-16.1,< 7 ,69.8,0.991,,,,Marwick et al. (2015)
Betsiboka,Betsiboka ,Madagascar,Africa,B37 Manankazo,2,20,2012,-17.98,47.03,SS,Bulk,69.7,1.6,2.32,,-20.8,,-88.9,< 7 ,687.8,0.918,,,,Marwick et al. (2015)
Betsiboka,Betsiboka ,Madagascar,Africa,B45 Mahajamba,2,24,2012,-16.25,47.92,SS,Bulk,2295.3,16.9,0.74,,-20,,-91.8,< 7 ,712.9,0.915,,,,Marwick et al. (2015)
Congo,Congo ,DR Congo,Africa,28 Aruwimi,5,23,2010,1.23,23.62,SS,Bulk,60.7,3.7,6.14,,-27.7,,47.2,< 7 ,modern,1.055,,,,Marwick et al. (2015)
Congo,Congo ,DR Congo,Africa,48 Luge,6,4,2010,0.64,24.18,SS,Bulk,7.2,1.9,26.41,,-29.6,,91.6,< 7 ,modern,1.1,,,,Marwick et al. (2015)
Congo,Congo ,DR Congo,Africa,11 Congo,5,9,2010,1.1,23.87,SS,Bulk,32.4,2.9,9.04,,-28.1,,68.8,< 7 ,modern,1.077,,,,Marwick et al. (2015)
Congo,Congo ,DR Congo,Africa,37 Lomani,5,29,2010,0.63,24.26,SS,Bulk,16.7,1.9,11.38,,-28.7,,68.7,< 7 ,modern,1.077,,,,Marwick et al. (2015)
Congo,Congo ,DR Congo,Africa,18 Congo,5,13,2010,2.09,22.65,SS,Bulk,33.2,3.1,9.46,,-28.4,,92.8,< 7 ,modern,1.101,,,,Marwick et al. (2015)
Congo,Congo ,DR Congo,Africa,53 Congo,6,6,2010,0.51,25.19,SS,Bulk,33.8,2.4,6.95,,-27.2,,47.4,< 7 ,modern,1.055,,,,Marwick et al. (2015)
Congo,Congo ,DR Congo,Africa,Maluku,,,2008,-4.05,15.31,SS,<63μm,15.2,1.1,7.43,0.8,-28.3,< 0.3,-69.7,,580,0.937,0.7,10.6,,Spencer et al. (2012)
Congo,Congo ,DR Congo,Africa,Kinshasa,,,2008,-4.18,15.21,SS,<63μm,16.4,1.2,7.01,0.8,-28.8,< 0.3,-69.2,,576,0.937,0.7,10,,Spencer et al. (2012)
Congo,Congo ,DR Congo,Africa,Ile de Mateba,,,2008,-5.57,12.49,SS,<63μm,15.6,1.4,8.78,0.8,-27.6,< 0.3,-69,,575,0.938,0.9,9.8,,Spencer et al. (2012)
Congo,Congo ,DR Congo,Africa,Kimuabi,,,2008,-6.03,12.31,SS,<63μm,16.8,1.4,8.57,0.8,-28.2,< 0.3,-39,,320,0.968,0.8,10.7,,Spencer et al. (2012)
Congo,Congo ,DR Congo,Africa,Luilu,,,2008,-7.04,23.35,SS,<63μm,12,1.2,10.25,0.8,-27.9,< 0.3,-63.9,,530,0.943,0.8,12.8,,Spencer et al. (2012)
Congo,Congo ,DR Congo,Africa,Maluku,,,2008,-4.05,15.31,SS,>63μm,16.4,0.2,5.7,1.6,-26.9,< 0.1,60.6,,modern,1.068,0.4,14.3,,Spencer et al. (2012)
Congo,Congo ,DR Congo,Africa,Kinshasa,,,2008,-4.18,15.21,SS,>63μm,15.6,0.2,6,1.6,-27.2,< 0.1,42.6,,modern,1.05,0.4,15,,Spencer et al. (2012)
Congo,Congo ,DR Congo,Africa,Kimuabi,,,2008,-6.03,12.31,SS,>63μm,16.8,0.3,11.8,1.6,-26.6,< 0.1,23.9,,modern,1.031,0.7,16.9,,Spencer et al. (2012)
Congo,Congo ,DR Congo,Africa,Brazzaville,,,2011 - 2013,-6.05,12.57,SS,Bulk,,,,,-26.4,,-100.8,,794,0.906,,,,Eglinton et al. (2021)
Congo,Congo ,DR Congo,Africa,Luilu,,,2008,-7.04,23.35,SS,>63μm,12,0.1,6.7,1.6,-28.7,< 0.1,95.7,,modern,1.103,0.3,22.3,,Spencer et al. (2012)
Congo,Congo ,DR Congo,Africa,,11,28,2010,4.35,18.58,SS,Bulk,15.8,0.9,5.71,0.06,-27.6,0,-47.3,8.1,330.9,0.96,0.53,11.6,,Hemingway (2017)
Congo,Congo ,DR Congo,Africa,,12,28,2010,4.35,18.58,SS,Bulk,16.5,1.2,7.28,0.15,-27.6,0,-201.4,6.8,1748.3,0.804,0.64,12.1,,Hemingway (2017)
Congo,Congo ,DR Congo,Africa,,1,28,2011,4.35,18.58,SS,Bulk,20.7,1.3,6.27,0.08,-27.5,0.1,-50.7,8.5,358.7,0.956,0.61,10.9,,Hemingway (2017)
Congo,Congo ,DR Congo,Africa,,2,28,2011,4.35,18.58,SS,Bulk,42.1,2.6,6.18,0.02,-25.4,0,-45.9,8.5,318.2,0.961,0.68,9.7,,Hemingway (2017)
Congo,Congo ,DR Congo,Africa,,3,28,2011,4.35,18.58,SS,Bulk,14.7,1,6.82,0,-26.6,0,-208.8,7.7,1822.1,0.797,0.81,9.1,,Hemingway (2017)
Congo,Congo ,DR Congo,Africa,,4,28,2011,4.35,18.58,SS,Bulk,20.6,1.6,7.75,0.04,-26.6,0,-309.3,7.1,2913.3,0.696,0.81,10.3,,Hemingway (2017)
Congo,Congo ,DR Congo,Africa,,5,28,2011,4.35,18.58,SS,Bulk,42.7,2.2,5.15,0.02,-26.2,0,-93.3,8.6,727.5,0.913,0.63,8.7,,Hemingway (2017)
Congo,Congo ,DR Congo,Africa,,6,28,2011,4.35,18.58,SS,Bulk,22.2,1.4,6.3,0.09,-26.8,0.1,-243.9,6.2,2186.6,0.762,0.68,10,,Hemingway (2017)
Congo,Congo ,DR Congo,Africa,,7,28,2011,4.35,18.58,SS,Bulk,19,1.2,6.33,0.14,-26.8,0.1,-140.2,8.2,1154.2,0.866,0.71,9.6,,Hemingway (2017)
Congo,Congo ,DR Congo,Africa,,8,28,2011,4.35,18.58,SS,Bulk,24.2,1.5,6.2,0.02,-25.4,0,-101.9,8.3,804.1,0.905,0.83,8.1,,Hemingway (2017)
Congo,Congo ,DR Congo,Africa,,9,28,2011,4.35,18.58,SS,Bulk,21.4,1.6,7.49,0.04,-24.7,0,-141.9,8.5,1170.1,0.864,0.89,9,,Hemingway (2017)
Congo,Congo ,DR Congo,Africa,,10,28,2011,4.35,18.58,SS,Bulk,28.8,2.2,7.63,0.05,-26.5,0,-209,7.8,1824.1,0.797,0.75,10.8,,Hemingway (2017)
Congo,Congo ,DR Congo,Africa,,11,28,2011,4.35,18.58,SS,Bulk,19.6,1.2,6.12,0.08,-26.6,0,-71.2,8.5,534.1,0.936,0.6,10.9,,Hemingway (2017)
Congo,Congo ,DR Congo,Africa,,12,28,2011,4.35,18.58,SS,Bulk,15.1,1,6.64,0.25,-27.1,0.1,-155.3,8.4,1296.5,0.851,0.64,11.2,,Hemingway (2017)
Congo,Congo ,DR Congo,Africa,,1,28,2012,4.35,18.58,SS,Bulk,23.6,1.5,6.36,0.06,-27.5,0,-45.6,9.1,314.7,0.962,0.66,10.3,,Hemingway (2017)
Congo,Congo ,DR Congo,Africa,,2,28,2012,4.35,18.58,SS,Bulk,17.6,1.2,6.82,0.14,-26.9,0.1,-57.3,8.9,413.8,0.95,0.78,9.4,,Hemingway (2017)
Congo,Congo ,DR Congo,Africa,,3,28,2012,4.35,18.58,SS,Bulk,22.4,1,4.47,0.22,-26.1,0,-111.5,8.9,889.4,0.895,0.56,8.6,,Hemingway (2017)
Congo,Congo ,DR Congo,Africa,,4,28,2012,4.35,18.58,SS,Bulk,17.4,0.9,5.18,0.17,-26.4,0,-90.7,8.7,703.5,0.916,0.66,8.4,,Hemingway (2017)
Congo,Congo ,DR Congo,Africa,,5,28,2012,4.35,18.58,SS,Bulk,16.5,0.9,5.44,0.06,-26.6,0,-142.8,10.1,1177.5,0.864,0.63,9.2,,Hemingway (2017)
Congo,Congo ,DR Congo,Africa,,6,28,2012,4.35,18.58,SS,Bulk,32.7,1.6,4.9,0.18,-27.2,0.1,-39.2,9.9,261,0.968,0.51,10.4,,Hemingway (2017)
Congo,Congo ,DR Congo,Africa,,7,28,2012,4.35,18.58,SS,Bulk,16.3,0.9,5.51,0.14,-26.9,0.1,-110.3,8.4,878.6,0.896,0.64,9.2,,Hemingway (2017)
Congo,Congo ,DR Congo,Africa,,8,28,2012,4.35,18.58,SS,Bulk,18.4,0.9,4.88,0.15,-26.7,0.1,-64.4,9.2,474.5,0.943,0.67,7.8,,Hemingway (2017)
Congo,Congo ,DR Congo,Africa,,10,28,2012,4.35,18.58,SS,Bulk,16.3,1.2,7.35,0.07,-25.2,0.2,-41.8,8.9,282.8,0.965,0.88,8.9,,Hemingway (2017)
Congo,Congo ,DR Congo,Africa,,11,28,2012,4.35,18.58,SS,Bulk,18,1.2,6.66,0.11,-26.9,0.2,-57.7,8.9,417.2,0.949,0.75,9.6,,Hemingway (2017)
Congo,Congo ,DR Congo,Africa,,12,28,2012,4.35,18.58,SS,Bulk,14.7,1,6.8,0.24,-25.6,0.1,-47.7,7.8,332.4,0.959,0.75,9.8,,Hemingway (2017)
Congo,Congo ,DR Congo,Africa,,1,28,2013,4.35,18.58,SS,Bulk,12.6,0.9,7.16,0.21,-26.3,0.2,-47.8,8.5,332.2,0.959,0.8,9.6,,Hemingway (2017)
Congo,Congo ,DR Congo,Africa,,2,28,2013,4.35,18.58,SS,Bulk,17.3,1.2,6.93,0.09,-24.6,0.3,-32.9,9.5,207.5,0.974,0.79,9.4,,Hemingway (2017)
Congo,Congo ,DR Congo,Africa,,3,28,2013,4.35,18.58,SS,Bulk,24.5,1.4,5.71,0.01,-26,0.1,-49.4,8.1,345.8,0.958,0.67,9.1,,Hemingway (2017)
Congo,Congo ,DR Congo,Africa,,4,28,2013,4.35,18.58,SS,Bulk,21.8,1.3,5.96,0.07,-26.3,0.1,-67.3,8.6,498.5,0.94,0.69,9.3,,Hemingway (2017)
Congo,Congo ,DR Congo,Africa,,5,28,2013,4.35,18.58,SS,Bulk,17.1,1.1,6.44,0.18,-26.7,0.2,-70.6,7.9,526.9,0.937,0.7,9.8,,Hemingway (2017)
Congo,Congo ,DR Congo,Africa,,6,28,2013,4.35,18.58,SS,Bulk,33.7,1.1,3.26,0.03,-26.6,0.2,-39.1,9.3,259.2,0.968,0.21,9.7,,Hemingway (2017)
Congo,Congo ,DR Congo,Africa,,7,28,2013,4.35,18.58,SS,Bulk,42.6,1.7,3.99,0.3,-26.5,0.1,-142.3,8.5,1171.9,0.864,0.5,8.6,,Hemingway (2017)
Congo,Congo ,DR Congo,Africa,,8,28,2013,4.35,18.58,SS,Bulk,9.6,0.6,6.27,0.06,-26.2,0,-125.2,8.9,1013.3,0.881,0.79,8.5,,Hemingway (2017)
Congo,Djoué ,DR Congo,Africa,,11,28,2010,-4.31,15.23,SS,Bulk,14.2,0.8,5.65,0.14,-27.2,0,,,,,,12.6,,Hemingway (2017)
Congo,Djoué ,DR Congo,Africa,,12,28,2010,-4.31,15.23,SS,Bulk,13.8,0.7,5.07,0.16,-27.6,0.1,,,,,,11.3,,Hemingway (2017)
Congo,Djoué ,DR Congo,Africa,,1,28,2011,-4.31,15.23,SS,Bulk,10.4,0.9,8.66,0.11,-27.2,0.2,,,,,,17,,Hemingway (2017)
Congo,Djoué ,DR Congo,Africa,,2,28,2011,-4.31,15.23,SS,Bulk,9.4,0.7,7.43,0.04,-27.9,0.2,,,,,,12.2,,Hemingway (2017)
Congo,Djoué ,DR Congo,Africa,,3,28,2011,-4.31,15.23,SS,Bulk,9.5,0.8,8.43,0.17,-28,0.1,,,,,,14.8,,Hemingway (2017)
Congo,Djoué ,DR Congo,Africa,,4,28,2011,-4.31,15.23,SS,Bulk,27.8,1.1,3.95,0.01,-26.5,0.1,,,,,,10.7,,Hemingway (2017)
Congo,Djoué ,DR Congo,Africa,,5,28,2011,-4.31,15.23,SS,Bulk,8.5,0.8,9.36,0.13,-27.6,0.2,,,,,,17.3,,Hemingway (2017)
Congo,Djoué ,DR Congo,Africa,,6,28,2011,-4.31,15.23,SS,Bulk,11.7,1.1,9.43,0.14,-27.5,0.1,,,,,,15.5,,Hemingway (2017)
Congo,Djoué ,DR Congo,Africa,,7,28,2011,-4.31,15.23,SS,Bulk,8.6,1,11.6,0.01,-27.5,0,,,,,,12.3,,Hemingway (2017)
Congo,Djoué ,DR Congo,Africa,,8,28,2011,-4.31,15.23,SS,Bulk,5.9,0.6,10.15,0.04,-28.1,0.1,,,,,,12.1,,Hemingway (2017)
Congo,Djoué ,DR Congo,Africa,,9,28,2011,-4.31,15.23,SS,Bulk,7.9,1,12.7,0.48,-27.7,0.1,,,,,,15.5,,Hemingway (2017)
Congo,Djoué ,DR Congo,Africa,,11,28,2011,-4.31,15.23,SS,Bulk,7.9,0.9,11.42,0.06,-26.9,0.1,,,,,,13.3,,Hemingway (2017)
Congo,Djoué ,DR Congo,Africa,,12,28,2011,-4.31,15.23,SS,Bulk,17.3,1.1,6.37,0.09,-27.3,0.1,,,,,,11.6,,Hemingway (2017)
Congo,Oubangui ,DR Congo,Africa,,4,14,2011,4.35,18.57,SS,Bulk,2.4,0.5,19.3,,-29.2,< 0.2,,,,,2.51,7.7,,Bouillon et al. (2014)
Congo,Oubangui ,DR Congo,Africa,,4,28,2011,4.35,18.57,SS,Bulk,3,0.5,18.5,,-28.8,< 0.2,,,,,2.34,7.9,,Bouillon et al. (2014)
Congo,Oubangui ,DR Congo,Africa,,5,14,2011,4.35,18.57,SS,Bulk,4.5,0.8,18,,-28.9,< 0.2,,,,,2.22,8.1,,Bouillon et al. (2014)
Congo,Oubangui ,DR Congo,Africa,,5,28,2011,4.35,18.57,SS,Bulk,12.3,1.9,15.4,,-27.2,< 0.2,,,,,2.41,6.4,,Bouillon et al. (2014)
Congo,Oubangui ,DR Congo,Africa,,6,16,2011,4.35,18.57,SS,Bulk,8,0.8,10.5,,-29.8,< 0.2,,,,,1.52,6.9,,Bouillon et al. (2014)
Congo,Oubangui ,DR Congo,Africa,,6,28,2011,4.35,18.57,SS,Bulk,8.8,0.8,9.5,,-29.1,< 0.2,,,,,1.42,6.7,,Bouillon et al. (2014)
Congo,Oubangui ,DR Congo,Africa,,7,13,2011,4.35,18.57,SS,Bulk,6.7,0.7,10.2,,-29.2,< 0.2,,,,,1.5,6.8,,Bouillon et al. (2014)
Congo,Oubangui ,DR Congo,Africa,,7,30,2011,4.35,18.57,SS,Bulk,10.6,1,9.9,,-28.5,< 0.2,,,,,1.34,7.4,,Bouillon et al. (2014)
Congo,Oubangui ,DR Congo,Africa,,8,13,2011,4.35,18.57,SS,Bulk,20.3,1.1,5.5,,-28.4,< 0.2,,,,,0.87,6.3,,Bouillon et al. (2014)
Congo,Oubangui ,DR Congo,Africa,,8,30,2011,4.35,18.57,SS,Bulk,30.7,1.4,4.6,,-27,< 0.2,,,,,0.62,7.4,,Bouillon et al. (2014)
Congo,Oubangui ,DR Congo,Africa,,9,10,2011,4.35,18.57,SS,Bulk,32.9,1.6,4.9,,-26.6,< 0.2,,,,,0.53,9.3,,Bouillon et al. (2014)
Congo,Oubangui ,DR Congo,Africa,,9,25,2011,4.35,18.57,SS,Bulk,30.1,1.4,4.7,,-26.4,< 0.2,,,,,0.53,8.8,,Bouillon et al. (2014)
Congo,Oubangui ,DR Congo,Africa,,10,15,2011,4.35,18.57,SS,Bulk,31.2,1.4,4.4,,-26.3,< 0.2,,,,,0.44,9.9,,Bouillon et al. (2014)
Congo,Oubangui ,DR Congo,Africa,,10,29,2011,4.35,18.57,SS,Bulk,26.1,1.2,4.8,,-26.2,< 0.2,,,,,0.47,10.3,,Bouillon et al. (2014)
Congo,Oubangui ,DR Congo,Africa,,11,12,2011,4.35,18.57,SS,Bulk,23.9,1.4,5.8,,-26.7,< 0.2,,,,,0.57,10.2,,Bouillon et al. (2014)
Congo,Oubangui ,DR Congo,Africa,,11,26,2011,4.35,18.57,SS,Bulk,18.7,1.1,5.9,,-27.5,< 0.2,,,,,0.57,10.4,,Bouillon et al. (2014)
Congo,Oubangui ,DR Congo,Africa,,12,10,2011,4.35,18.57,SS,Bulk,20.7,1.3,6.3,,-28,< 0.2,,,,,0.67,9.4,,Bouillon et al. (2014)
Congo,Oubangui ,DR Congo,Africa,,12,24,2011,4.35,18.57,SS,Bulk,15.1,0.8,5.3,,-28.7,< 0.2,,,,,0.78,6.8,,Bouillon et al. (2014)
Congo,Oubangui ,DR Congo,Africa,,1,14,2012,4.35,18.57,SS,Bulk,6.3,0.6,9.6,,-29.9,< 0.2,,,,,1.45,6.6,,Bouillon et al. (2014)
Congo,Oubangui ,DR Congo,Africa,,1,28,2012,4.35,18.57,SS,Bulk,2.7,0.4,13.9,,-31.2,< 0.2,,,,,2.24,6.2,,Bouillon et al. (2014)
Congo,Oubangui ,DR Congo,Africa,,2,11,2012,4.35,18.57,SS,Bulk,2.8,0.4,12.5,,-30.6,< 0.2,,,,,1.95,6.4,,Bouillon et al. (2014)
Congo,Oubangui ,DR Congo,Africa,,2,24,2012,4.35,18.57,SS,Bulk,3.5,0.5,13.9,,-29.5,< 0.2,,,,,2.14,6.5,,Bouillon et al. (2014)
Congo,Oubangui ,DR Congo,Africa,,3,10,2012,4.35,18.57,SS,Bulk,2.4,0.4,18.2,,-29.1,< 0.2,,,,,2.98,6.1,,Bouillon et al. (2014)
Congo,Oubangui ,DR Congo,Africa,,3,31,2012,4.35,18.57,SS,Bulk,2.4,0.5,20.9,,-29.5,< 0.2,,,,,3.48,6,,Bouillon et al. (2014)
Congo,Oubangui ,DR Congo,Africa,Mbali River,3,21,2010,4.91,18.01,SS,Bulk,2.7,0.3,12.3,,-29.4,< 0.2,,,,,1.52,8.1,,Bouillon et al. (2014)
Congo,Oubangui ,DR Congo,Africa,Mbali River,3,21,2010,4.67,18.22,SS,Bulk,3.1,0.4,8.5,,-27.5,< 0.2,,,,,0.72,11.8,,Bouillon et al. (2014)
Congo,Oubangui ,DR Congo,Africa,Mpoko River,3,21,2010,4.32,18.51,SS,Bulk,77,1.7,13.8,,-22.8,< 0.2,,,,,1.89,7.3,,Bouillon et al. (2014)
Congo,Oubangui ,DR Congo,Africa,"Lobaye,ferry point",3,22,2010,4.05,17.34,SS,Bulk,15,1.1,9.7,,-28.1,< 0.2,,,,,0.94,10.3,,Bouillon et al. (2014)
Congo,Oubangui ,DR Congo,Africa,"Lobaye,bridge",3,23,2010,4.17,17.22,SS,Bulk,17.2,1.4,8.5,,-27.8,< 0.2,,,,,0.72,11.8,,Bouillon et al. (2014)
Congo,Oubangui ,DR Congo,Africa,Lobaye,3,21,2011,4.07,17.31,SS,Bulk,14.4,1.3,9.3,,-28.8,< 0.2,,,,,0.77,12.1,,Bouillon et al. (2014)
Congo,Oubangui ,DR Congo,Africa,Lobaye,3,21,2011,4.11,17.29,SS,Bulk,12.6,1.2,9.2,,-29,< 0.2,,,,,0.79,11.7,,Bouillon et al. (2014)
Congo,Oubangui ,DR Congo,Africa,"Lobaye,after confluence with Mbaere",3,22,2011,3.75,17.53,SS,Bulk,10.4,1,9.5,,-29.3,< 0.2,,,,,0.82,11.6,,Bouillon et al. (2014)
Congo,Oubangui ,DR Congo,Africa,Lobaye,3,22,2011,3.8,17.5,SS,Bulk,16.4,1.4,8.7,,-29,< 0.2,,,,,0.83,10.5,,Bouillon et al. (2014)
Congo,Oubangui ,DR Congo,Africa,Lobaye,3,22,2011,3.87,17.48,SS,Bulk,12.8,1.3,10.1,,-29,< 0.2,,,,,0.93,10.9,,Bouillon et al. (2014)
Congo,Oubangui ,DR Congo,Africa,Lobaye,11,20,2012,4.07,17.31,SS,Bulk,8.8,1.1,12.1,,-29,< 0.2,,,,,0.86,14.1,,Bouillon et al. (2014)
Congo,Oubangui ,DR Congo,Africa,Lobaye,11,21,2012,3.93,17.43,SS,Bulk,6.6,1,15.1,,-29.3,< 0.2,,,,,1.68,9,,Bouillon et al. (2014)
Congo,Oubangui ,DR Congo,Africa,Lobaye,11,21,2012,3.87,17.46,SS,Bulk,6.9,1.1,16.2,,-28.8,< 0.2,,,,,3.45,4.7,,Bouillon et al. (2014)
Congo,Oubangui ,DR Congo,Africa,Lobaye,11,22,2012,3.8,17.5,SS,Bulk,12.4,1,8.2,,-29.1,< 0.2,,,,,0.82,10,,Bouillon et al. (2014)
Congo,Oubangui ,DR Congo,Africa,"Lobaye,dowstream of confluence with Mbaere",11,22,2012,3.76,17.53,SS,Bulk,5.2,0.6,12.4,,-29.4,< 0.2,,,,,1.18,10.5,,Bouillon et al. (2014)
Congo,Oubangui ,DR Congo,Africa,"Mbaere,bridge",3,23,2010,3.94,17.03,SS,Bulk,5.5,0.6,8.6,,-29.3,< 0.2,,,,,0.74,11.6,,Bouillon et al. (2014)
Congo,Oubangui ,DR Congo,Africa,Mbaere,3,20,2011,3.9,17.11,SS,Bulk,5.6,1.1,20.2,,-29.7,< 0.2,,,,,1.84,11,,Bouillon et al. (2014)
Congo,Oubangui ,DR Congo,Africa,Mbaere,3,20,2011,3.9,17.16,SS,Bulk,8.6,1.5,17.4,,-30,< 0.2,,,,,1.37,12.7,,Bouillon et al. (2014)
Congo,Oubangui ,DR Congo,Africa,Mbaere,3,23,2011,3.81,17.32,SS,Bulk,6.4,0.9,14.3,,-30.5,< 0.2,,,,,1.16,12.3,,Bouillon et al. (2014)
Congo,Oubangui ,DR Congo,Africa,Mbaere,3,23,2011,3.84,17.26,SS,Bulk,6.6,1.4,20.5,,-30.2,< 0.2,,,,,1.5,13.7,,Bouillon et al. (2014)
Congo,Oubangui ,DR Congo,Africa,Mbaere,11,23,2012,3.9,17.16,SS,Bulk,1.2,0.4,36,,-29.8,< 0.2,,,,,2.43,14.8,,Bouillon et al. (2014)
Congo,Oubangui ,DR Congo,Africa,"Mbaere,after confluence with Bodingue",3,22,2011,3.75,17.51,SS,Bulk,3.9,0.9,23,,-30.5,< 0.2,,,,,1.84,12.5,,Bouillon et al. (2014)
Congo,Oubangui ,DR Congo,Africa,"Mbaere,after confluence with Bodingue",3,23,2011,3.76,17.38,SS,Bulk,5.6,0.9,16.4,,-30.7,< 0.2,,,,,1.31,12.5,,Bouillon et al. (2014)
Congo,Oubangui ,DR Congo,Africa,"Mbaere,after confluence with Bodingue",11,22,2012,3.75,17.51,SS,Bulk,1.1,0.3,30.5,,-30.1,< 0.2,,,,,2.12,14.4,,Bouillon et al. (2014)
Congo,Oubangui ,DR Congo,Africa,lmbalataka-tributary of Mbaere,3,20,2011,3.9,17.11,SS,Bulk,3.5,0.9,26.1,,-29.1,< 0.2,,,,,2.29,11.4,,Bouillon et al. (2014)
Congo,Oubangui ,DR Congo,Africa,Kele-tributary of Mbaere,3,20,2011,3.9,17.16,SS,Bulk,4.4,1.8,41.4,,-30.5,< 0.2,,,,,3.11,13.3,,Bouillon et al. (2014)
Congo,Oubangui ,DR Congo,Africa,Kele-tributary of Mbaere,11,23,2012,3.9,17.16,SS,Bulk,0.7,0.4,55.1,,-30.7,< 0.2,,,,,5.15,10.7,,Bouillon et al. (2014)
Congo,Oubangui ,DR Congo,Africa,Bodingue,3,23,2011,3.76,17.37,SS,Bulk,2.1,0.6,26.7,,-31.2,< 0.2,,,,,1.96,13.6,,Bouillon et al. (2014)
Congo,Oubangui ,DR Congo,Africa,Mamboussou-right bank tributary of Lobaye,3,21,2011,4.08,17.31,SS,Bulk,38.3,3.2,8.4,,-29.2,< 0.2,,,,,0.8,10.5,,Bouillon et al. (2014)
Congo,Oubangui ,DR Congo,Africa,Mamboussou-right bank tributary of Lobaye,11,20,2012,4.08,17.31,SS,Bulk,28.2,3.3,11.8,,-29.1,< 0.2,,,,,0.92,12.8,,Bouillon et al. (2014)
Congo,Oubangui ,DR Congo,Africa,lbeleke-right bank tributary of Lobaye,3,21,2011,4.03,17.33,SS,Bulk,10.4,1.9,17.9,,-30,< 0.2,,,,,1.85,9.7,,Bouillon et al. (2014)
Congo,Oubangui ,DR Congo,Africa,lbeleke-right bank tributary of Lobaye,11,24,2012,4.03,17.33,SS,Bulk,14.1,2.2,15.4,,-30.2,< 0.2,,,,,1.45,10.6,,Bouillon et al. (2014)
Congo,Oubangui ,DR Congo,Africa,Lube-left bank tributary of Lobaye,3,21,2011,4.07,17.32,SS,Bulk,44.4,2.1,4.8,,-25.8,< 0.2,,,,,0.51,9.4,,Bouillon et al. (2014)
Congo,Oubangui ,DR Congo,Africa,Unnamed left bank tributary of the Lobaye,11,20,2012,4.07,17.32,SS,Bulk,35.9,1.4,3.8,,-25.8,< 0.2,,,,,0.34,11.2,,Bouillon et al. (2014)
Congo,Oubangui ,DR Congo,Africa,Ngilingala-left bank tributary of the Lobaye,11,21,2012,4.01,17.39,SS,Bulk,34.2,1.3,3.7,,-26.3,< 0.2,,,,,0.34,10.8,,Bouillon et al. (2014)
Congo,Oubangui ,DR Congo,Africa,Unnamed left bank tributary of Lobaye,11,21,2012,3.97,17.41,SS,Bulk,9.4,0.7,8,,-29.3,< 0.2,,,,,0.56,14.3,,Bouillon et al. (2014)
Congo,Oubangui ,DR Congo,Africa,Loame lleft bank tributarv of LobaveI,11,21,2012,3.84,17.49,SS,Bulk,36.2,1.4,3.9,,-27.5,< 0.2,,,,,0.63,6.2,,Bouillon et al. (2014)
Rianila,Rianila ,Madagascar,Africa,R11 Satilampy,7,24,2010,-18.76,48.88,SS,Bulk,15.9,1.3,8.08,,-26.8,,-244.3,< 7 ,2191.9,0.761,,,,Marwick et al. (2015)
Rianila,Rianila ,Madagascar,Africa,R1 Saharandra,1,22,2012,-18.94,48.42,SS,Bulk,11.3,1.4,12.53,,-28,,-193.4,< 7 ,1666,0.813,,,,Marwick et al. (2015)
Rianila,Rianila ,Madagascar,Africa,R3 Faramboa,1,23,2012,-18.97,48.73,SS,Bulk,103.2,5,4.8,,-27.3,,-11.9,< 7 ,modern,0.996,,,,Marwick et al. (2015)
Rianila,Rianila ,Madagascar,Africa,R8 Vohitra,1,25,2012,-18.74,48.97,SS,Bulk,45.7,2.8,6.06,,-27.2,,-26.4,< 7 ,154.9,0.981,,,,Marwick et al. (2015)
Rianila,Rianila ,Madagascar,Africa,R9 Rianila,1,25,2012,-18.74,48.99,SS,Bulk,42.3,2.3,5.45,,-27.5,,21.3,< 7 ,modern,1.029,,,,Marwick et al. (2015)
Rianila,Rianila ,Madagascar,Africa,R11 Satilampy,1,29,2012,-18.76,48.88,SS,Bulk,15.4,1.7,11.17,,-27.6,,-303.2,< 7 ,2842.3,0.702,,,,Marwick et al. (2015)
Rianila,Rianila ,Madagascar,Africa,R12 Rianila,1,28,2012,-18.65,48.98,SS,Bulk,6.6,0.4,6.51,,-26.8,,-252.3,< 7 ,2275.7,0.753,,,,Marwick et al. (2015)
Sanaga,Sanaga ,Cameroon,Africa,Sanaga,3,31,1995,,,SS,Bulk,5.8,0.2,3.6,,-26.8,0.1,,,,,,,,Bird et al. (1998)
Sanaga,Sanaga ,Cameroon,Africa,Sanaga,5,5,1995,,,SS,Bulk,9,0.6,6.2,,-25.6,0.1,,,,,,,,Bird et al. (1998)
Sanaga,Sanaga ,Cameroon,Africa,Sanaga,6,1,1995,,,SS,Bulk,13.9,0.5,3.3,,-22.5,0.1,,,,,,,,Bird et al. (1998)
Sanaga,Sanaga ,Cameroon,Africa,Sanaga,6,28,1995,,,SS,Bulk,12.5,0.4,3.1,,-21.4,0.1,,,,,,,,Bird et al. (1998)
Sanaga,Sanaga ,Cameroon,Africa,Sanaga,8,17,1995,,,SS,Bulk,21.7,0.7,3.4,,-22.2,0.1,,,,,,,,Bird et al. (1998)
Sanaga,Sanaga ,Cameroon,Africa,Sanaga,9,5,1995,,,SS,Bulk,21.6,0.7,3.3,,-21.2,0.1,,,,,,,,Bird et al. (1998)
Sanaga,Sanaga ,Cameroon,Africa,Sanaga,12,22,1995,,,SS,Bulk,11.6,1.6,13.5,,-27.1,0.1,,,,,,,,Bird et al. (1998)
Sanaga,Sanaga ,Cameroon,Africa,Sanaga,2,3,1996,,,SS,Bulk,5,0.5,10.5,,-24.4,0.1,,,,,,,,Bird et al. (1998)
Sanaga,Sanaga ,Cameroon,Africa,Sanaga,3,2,1996,,,SS,Bulk,5.4,1,18.2,,-26.1,0.1,,,,,,,,Bird et al. (1998)
Sanaga,Sanaga ,Cameroon,Africa,Mbam,3,31,1995,,,SS,Bulk,32.3,1.4,4.2,,-26.6,0.1,,,,,,,,Bird et al. (1998)
Sanaga,Sanaga ,Cameroon,Africa,Mbam,5,5,1995,,,SS,Bulk,50.8,5.3,10.4,,-23.8,0.1,,,,,,,,Bird et al. (1998)
Sanaga,Sanaga ,Cameroon,Africa,Mbam,6,1,1995,,,SS,Bulk,65.6,3.3,5.1,,-22.5,0.1,,,,,,,,Bird et al. (1998)
Sanaga,Sanaga ,Cameroon,Africa,Mbam,6,28,1995,,,SS,Bulk,78.7,6,7.6,,-24.6,0.1,,,,,,,,Bird et al. (1998)
Sanaga,Sanaga ,Cameroon,Africa,Mbam,8,17,1995,,,SS,Bulk,120.5,6.5,5.4,,-24.8,0.1,,,,,,,,Bird et al. (1998)
Sanaga,Sanaga ,Cameroon,Africa,Mbam,9,5,1995,,,SS,Bulk,109,4.5,4.1,,-23.3,0.1,,,,,,,,Bird et al. (1998)
Sanaga,Sanaga ,Cameroon,Africa,Mbam,12,22,1995,,,SS,Bulk,11.4,1.9,17,,-25.8,0.1,,,,,,,,Bird et al. (1998)
Sanaga,Sanaga ,Cameroon,Africa,Mbam,2,3,1996,,,SS,Bulk,21.2,3.2,15,,-25.9,0.1,,,,,,,,Bird et al. (1998)
Sanaga,Sanaga ,Cameroon,Africa,Mbam,3,2,1996,,,SS,Bulk,23.4,2.8,12,,-26,0.1,,,,,,,,Bird et al. (1998)
Tana,Chania ,Kenya,Africa,Chania river-Aberdares N.P,9,2,2009,-0.46,36.7,SS,Bulk,1.8,0.2,12.93,0.26,-23.7,< 0.2,,,,,,,,Tamooh et al. (2012)
Tana,Chania ,Kenya,Africa,Chania River-Nyeri Town,10,16,2009,-0.42,36.94,SS,Bulk,224.4,10.6,4.73,0.09,-26.2,< 0.2,,,,,,,,Tamooh et al. (2012)
Tana,Chania ,Kenya,Africa,Chania river-Aberdares N.P,6,9,2010,-0.46,36.7,SS,Bulk,3.3,1.3,37.92,0.76,-25,< 0.2,,,,,,,,Tamooh et al. (2012)
Tana,Chania-Thika ,Kenya,Africa,Chania-Thika river-Thika,10,14,2009,-1.03,37.24,SS,Bulk,5.6,0.4,7.02,0.14,-24,< 0.2,,,,,,,,Tamooh et al. (2012)
Tana,Gathiba ,Kenya,Africa,Gathiba River-Mt.Kenya Forest,10,4,2009,-0.36,37.31,SS,Bulk,4,1,25.02,0.5,-28.7,< 0.2,,,,,,,,Tamooh et al. (2012)
Tana,Giinch ,Kenya,Africa,Giinchi River-chogoria close to Mt.Kenya,10,7,2009,-0.25,37.6,SS,Bulk,6.2,0.3,5.31,0.11,-31.8,< 0.2,,,,,,,,Tamooh et al. (2012)
Tana,Giinchi  ,Kenya,Africa,Giinchi River-chogoria close to Mt.Kenya,6,21,2010,-0.25,37.6,SS,Bulk,16.1,1.8,11.26,0.23,-27.1,< 0.2,,,,,,,,Tamooh et al. (2012)
Tana,Gikururu ,Kenya,Africa,Gikururu river-Aberdares N.P,9,3,2009,-0.47,36.71,SS,Bulk,6.2,0.8,13.28,0.27,-24.2,< 0.2,,,,,,,,Tamooh et al. (2012)
Tana,Gikururu ,Kenya,Africa,Gikururu river-Aberdares N.P,6,9,2010,-0.47,36.71,SS,Bulk,15.7,2.6,16.73,0.33,-24.6,< 0.2,,,,,,,,Tamooh et al. (2012)
Tana,Gura ,Kenya,Africa,Gura River-Othaya,10,16,2009,-0.5,36.94,SS,Bulk,36.8,3.2,8.72,0.17,-22.6,< 0.2,,,,,,,,Tamooh et al. (2012)
Tana,Gura ,Kenya,Africa,Gura River-Othaya,6,6,2010,-0.5,36.94,SS,Bulk,6.8,0.7,10.57,0.21,-24.6,< 0.2,,,,,,,,Tamooh et al. (2012)
Tana,Honi ,Kenya,Africa,Honi River-Aberdares N. P,9,15,2009,-0.36,36.67,SS,Bulk,3,0.4,13.75,0.28,-24.6,< 0.2,,,,,,,,Tamooh et al. (2012)
Tana,Honi ,Kenya,Africa,Honi River-Aberdares N. P,6,7,2010,-0.36,36.67,SS,Bulk,2.5,0.5,20.38,0.41,-25.8,< 0.2,,,,,,,,Tamooh et al. (2012)
Tana,Karuru ,Kenya,Africa,Karuru river-Aberdares N.P,9,3,2009,-0.53,36.72,SS,Bulk,2.4,0.4,16.26,0.33,-22.9,< 0.2,,,,,,,,Tamooh et al. (2012)
Tana,Karuru ,Kenya,Africa,Karuru river-Aberdares N.P,6,10,2010,-0.53,36.72,SS,Bulk,6.3,0.8,12.26,0.25,-25.3,< 0.2,,,,,,,,Tamooh et al. (2012)
Tana,Karute ,Kenya,Africa,Karute River-Mt. Kenya forest,10,4,2009,-0.37,37.31,SS,Bulk,3,0.8,27.78,0.56,-28.5,< 0.2,,,,,,,,Tamooh et al. (2012)
Tana,Karute ,Kenya,Africa,Karute River-Mt. Kenya forest,6,14,2010,-0.37,37.31,SS,Bulk,3.4,0.8,24.04,0.48,-26.8,< 0.2,,,,,,,,Tamooh et al. (2012)
Tana,Kazita ,Kenya,Africa,Kazita River-Tharaka,10,22,2009,-0.15,37.97,SS,Bulk,481,8.7,1.82,0.04,-23.2,< 0.2,,,,,,,,Tamooh et al. (2012)
Tana,Kinaini ,Kenya,Africa,Kinaini river-Aberdares N.P,9,9,2009,-0.39,36.82,SS,Bulk,31.2,2.4,7.65,0.15,-26.5,< 0.2,,,,,,,,Tamooh et al. (2012)
Tana,Kinaini ,Kenya,Africa,Kinaini river-Aberdares N.P,6,8,2010,-0.39,36.82,SS,Bulk,23.2,1.9,8.11,0.16,-26.2,< 0.2,,,,,,,,Tamooh et al. (2012)
Tana,Kiringa ,Kenya,Africa,Kiringa river-Kirinyaga close to Mt kenya,10,5,2009,-0.5,37.32,SS,Bulk,33.3,3.5,10.42,0.21,-26.6,< 0.2,,,,,,,,Tamooh et al. (2012)
Tana,Kiringa ,Kenya,Africa,Kiringa river-Kirinyaga close to Mt kenya,6,13,2010,-0.5,37.32,SS,Bulk,13.8,1,6.99,0.14,-26.1,< 0.2,,,,,,,,Tamooh et al. (2012)
Tana,Maara ,Kenya,Africa,Maara river-chogoria close to Mt. Kenya,10,7,2009,-0.24,37.6,SS,Bulk,9.8,1.5,15.16,0.3,-28.4,< 0.2,,,,,,,,Tamooh et al. (2012)
Tana,Maara ,Kenya,Africa,Maara river down-Tharaka,10,19,2009,-0.34,37.87,SS,Bulk,5904,85.5,1.45,0.03,-22.1,< 0.2,,,,,,,,Tamooh et al. (2012)
Tana,Maara ,Kenya,Africa,Maara river down-Tharaka,6,23,2010,-0.34,37.87,SS,Bulk,20.9,1.3,6.09,0.12,-25.3,< 0.2,,,,,,,,Tamooh et al. (2012)
Tana,Magura ,Kenya,Africa,Magura river-Aberdares N.P,9,3,2009,-0.49,36.71,SS,Bulk,6.7,1.1,16.61,0.33,-23.6,< 0.2,,,,,,,,Tamooh et al. (2012)
Tana,Magura ,Kenya,Africa,Magura river-Aberdares N.P,6,10,2010,-0.49,36.71,SS,Bulk,12.7,3.6,28.2,0.56,-24.8,< 0.2,,,,,,,,Tamooh et al. (2012)
Tana,Mathioya ,Kenya,Africa,Mathioya river-Muran'ga,10,15,2009,-0.71,37.18,SS,Bulk,1886,58.7,3.11,0.06,-24.9,< 0.2,,,,,,,,Tamooh et al. (2012)
Tana,Mathioya ,Kenya,Africa,Mathioya river-Muran'ga,6,12,2010,-0.71,37.18,SS,Bulk,40.2,1.5,3.83,0.08,-24.3,< 0.2,,,,,,,,Tamooh et al. (2012)
Tana,Murera ,Kenya,Africa,murera river-meru N.Park,10,23,2009,0.27,38.13,SS,Bulk,5.6,0.8,14,0.28,-28.4,< 0.2,,,,,,,,Tamooh et al. (2012)
Tana,Muringato ,Kenya,Africa,Muringato River-Aberdares N. P,9,15,2009,-0.37,36.88,SS,Bulk,68.8,4.1,5.92,0.12,-24.5,< 0.2,,,,,,,,Tamooh et al. (2012)
Tana,Mutonga ,Kenya,Africa,Mutonga river-Tharaka,10,19,2009,-0.31,37.87,SS,Bulk,1460,32.2,2.21,0.04,-23.8,< 0.2,,,,,,,,Tamooh et al. (2012)
Tana,Mutundu  ,Kenya,Africa,Mutundu River-Meru N.P,10,27,2009,0.22,38.13,SS,Bulk,16.8,1.3,7.53,0.15,-23.4,< 0.2,,,,,,,,Tamooh et al. (2012)
Tana,Nithi  ,Kenya,Africa,Nithi tributary-Mt Kenya N.P,10,6,2009,-0.15,37.44,SS,Bulk,3.8,0.5,14.16,0.28,-29.5,< 0.2,,,,,,,,Tamooh et al. (2012)
Tana,Nithi ,Kenya,Africa,Nithi tributary-Mt Kenya N.P,6,22,2010,-0.15,37.44,SS,Bulk,1,0.7,77.34,1.55,-25.7,< 0.2,,,,,,,,Tamooh et al. (2012)
Tana,Nyamidi ,Kenya,Africa,Nyamidi River-Kerogoya,10,1,2009,-0.55,37.39,SS,Bulk,3,0.5,16.9,0.34,-28.9,< 0.2,,,,,,,,Tamooh et al. (2012)
Tana,Nyamidi ,Kenya,Africa,Nyamidi River-Kerogoya,6,15,2010,-0.55,37.39,SS,Bulk,9.2,0.7,8.09,0.16,-26.2,< 0.2,,,,,,,,Tamooh et al. (2012)
Tana,Nyanjara ,Kenya,Africa,Nyanjara river-Embu manyatta,10,3,2009,-0.38,37.46,SS,Bulk,13,2.5,19.32,0.39,-27.7,< 0.2,,,,,,,,Tamooh et al. (2012)
Tana,Nyanjara ,Kenya,Africa,Nyanjara river-Embu manyatta,6,19,2010,-0.38,37.46,SS,Bulk,16.7,2.4,14.31,0.29,-25.9,< 0.2,,,,,,,,Tamooh et al. (2012)
Tana,Rojewero ,Kenya,Africa,Rojewero river-Meru N.P,10,24,2009,-0.07,38.42,SS,Bulk,95.3,3.9,4.11,0.08,-24.2,< 0.2,,,,,,,,Tamooh et al. (2012)
Tana,Rojewero ,Kenya,Africa,Rojewero river-Meru N.P,7,6,2010,-0.1,38.01,SS,Bulk,105,3.2,3.02,0.06,-23.7,< 0.2,,,,,,,,Tamooh et al. (2012)
Tana,Rupingazi ,Kenya,Africa,Rupingazi River-Embu Town,10,2,2009,-0.55,37.45,SS,Bulk,5,0.6,11.02,0.22,-25.8,< 0.2,,,,,,,,Tamooh et al. (2012)
Tana,Rupingazi ,Kenya,Africa,Rupingazi River-B-Embu manyatta,10,3,2009,-0.38,37.45,SS,Bulk,2.6,0.4,14.92,0.3,-29.1,< 0.2,,,,,,,,Tamooh et al. (2012)
Tana,Sagana ,Kenya,Africa,Sagana River-Makutano,10,15,2009,-0.79,37.27,SS,Bulk,39.6,1.5,3.92,0.08,-19.9,< 0.2,,,,,,,,Tamooh et al. (2012)
Tana,Tana ,Kenya,Africa,Tana Irira,7,3,2010,-0.31,37.87,SS,Bulk,75.3,5.1,6.75,,-25.2,,-65,< 7 ,481.7,0.942,,,,Marwick et al. (2015)
Tana,Tana ,Kenya,Africa,Tana Usueni,7,6,2010,-0.1,38.01,SS,Bulk,62,1,1.69,,-22.5,,-71.2,< 7 ,534.7,0.936,,,,Marwick et al. (2015)
Tana,Tana ,Kenya,Africa,Muringato Aberdares,6,11,2010,-0.37,36.88,SS,Bulk,157.5,12.6,8.01,,-25.2,,18.6,< 7 ,modern,1.026,,,,Marwick et al. (2015)
Tana,Tana ,Kenya,Africa,Kazita Marimanti,7,2,2010,-0.34,37.87,SS,Bulk,17.6,0.6,3.51,,-23.8,,-20.7,< 7 ,110,0.986,,,,Marwick et al. (2015)
Tana,Tana ,Kenya,Africa,Rupingazi Embu,6,15,2010,-0.83,37.67,SS,Bulk,4.5,0.6,13.34,,-25.1,,-7.1,< 7 ,modern,1,,,,Marwick et al. (2015)
Tana,Tana ,Kenya,Africa,Chania Nyeri,6,5,2010,-0.5,37.32,SS,Bulk,24.8,1.5,6.11,,-25.1,,6,< 7 ,modern,1.013,,,,Marwick et al. (2015)
Tana,Tana ,Kenya,Africa,Mutundu Meru NP,7,4,2010,0.22,38.13,SS,Bulk,18,1.2,6.52,,-21.4,,-13.2,< 7 ,modern,0.994,,,,Marwick et al. (2015)
Tana,Tana ,Kenya,Africa,Murera Meru NP,7,4,2010,-0.15,37.97,SS,Bulk,16.6,0.8,5.05,,-26.1,,16.6,< 7 ,modern,1.024,,,,Marwick et al. (2015)
Tana,Tana ,Kenya,Africa,Mutonga ,6,22,2010,-1.03,37.24,SS,Bulk,18.4,0.7,3.99,,-25,,-2.1,< 7 ,modern,1.005,,,,Marwick et al. (2015)
Tana,Tana ,Kenya,Africa,Tana Garsen,7,22,2010,-0.15,39.33,SS,Bulk,398,5.2,1.31,,-22.5,,-11.7,< 7 ,modern,0.996,,,,Marwick et al. (2015)
Tana,Tana ,Kenya,Africa,Tana Garissa,7,16,2010,-0.79,37.27,SS,Bulk,192,3.3,1.69,,-22.9,,-25.6,< 7 ,150,0.982,,,,Marwick et al. (2015)
Tana,Tana ,Kenya,Africa,Tana Bura,7,19,2010,-1.1,39.94,SS,Bulk,273.3,3.3,1.21,,-22.2,,-32.4,< 7 ,206.7,0.975,,,,Marwick et al. (2015)
Tana,Tana ,Kenya,Africa,Tana Saka,7,17,2010,-0.87,37.59,SS,Bulk,116,2.6,2.23,,-22.9,,13.6,< 7 ,modern,1.021,,,,Marwick et al. (2015)
Tana,Tana ,Kenya,Africa,Maara Chogoria-Mount Kenya,6,22,2010,-0.38,37.45,SS,Bulk,11.9,1.4,11.58,,-27.1,,49.1,< 7 ,modern,1.057,,,,Marwick et al. (2015)
Tana,Tana ,Kenya,Africa,Tana Chalaluma,7,22,2010,-0.09,39.11,SS,Bulk,471,6.4,1.36,,-21.7,,-17,< 7 ,79.1,0.99,,,,Marwick et al. (2015)
Tana,Tana ,Kenya,Africa,Tana Kora Bridge,7,6,2010,-0.08,38.41,SS,Bulk,79.3,2.2,2.81,,-23.9,,1.5,< 7 ,modern,1.009,,,,Marwick et al. (2015)
Tana,Tana ,Kenya,Africa,Tana river between xxx and Katse,,,2008,,,SS,Bulk,42.2,0.8,2,,-21.5,< 0.2,-87.8,,682.1,0.919,,,,Bouillon et al. (2009)
Tana,Tana ,Kenya,Africa,Tana river-500 m below Adamsons Falls,,,2008,,,SS,Bulk,59.6,1.2,2.03,,-22.2,< 0.2,-34.8,,228,0.972,,,,Bouillon et al. (2009)
Tana,Tana ,Kenya,Africa,Tana river-Sankuri,,,2008,,,SS,Bulk,175.9,2.8,1.58,,-22.8,< 0.2,-71.8,,541.9,0.935,,,,Bouillon et al. (2009)
Tana,Tana ,Kenya,Africa,Tana river-Nanigi,,,2008,,,SS,Bulk,253.1,3.6,1.42,,-22.9,< 0.2,-100.1,,791.1,0.906,,,,Bouillon et al. (2009)
Tana,Tana ,Kenya,Africa,Tana river-Masalani,,,2008,,,SS,Bulk,321.5,4.4,1.37,,-22.6,< 0.2,-89.3,,695.3,0.917,,,,Bouillon et al. (2009)
Tana,Tana ,Kenya,Africa,Tana river-TR primate reserve,,,2008,,,SS,Bulk,352.1,4.6,1.31,,-22.9,< 0.2,-115.9,,933.3,0.89,,,,Bouillon et al. (2009)
Tana,Tana ,Kenya,Africa,Tana river-Chalaluma,6,30,2010,,,SS,Bulk,402.8,4.5,1.11,,-22.2,< 0.2,-103.5,,821.7,0.903,,,,Bouillon et al. (2009)
Tana,Tana ,Kenya,Africa,Satima springs-stream 1 A,9,14,2009,-0.34,36.65,SS,Bulk,3,0.5,17,0.34,-30.3,< 0.2,,,,,,,,Tamooh et al. (2012)
Tana,Tana ,Kenya,Africa,Kamburu dam-Tana entrance,9,17,2009,-0.83,37.67,SS,Bulk,81.6,3,3.67,0.07,-25.4,< 0.2,,,,,,,,Tamooh et al. (2012)
Tana,Tana ,Kenya,Africa,Kamburu dam- exit point,9,17,2009,-0.81,37.68,SS,Bulk,81.6,3.3,4.03,0.08,-25.9,< 0.2,,,,,,,,Tamooh et al. (2012)
Tana,Tana ,Kenya,Africa,Kamburu dam-exit point-10 m depth,9,17,2009,-0.81,37.68,SS,Bulk,99.1,1.6,1.65,0.03,-21.9,< 0.2,,,,,,,,Tamooh et al. (2012)
Tana,Tana ,Kenya,Africa,Kamburu dam-exit point-19 m depth,9,17,2009,-0.81,37.68,SS,Bulk,103.1,1.8,1.77,0.04,-22.1,< 0.2,,,,,,,,Tamooh et al. (2012)
Tana,Tana ,Kenya,Africa,Tana river-masinga bridge,9,18,2009,-0.87,37.59,SS,Bulk,144,2.5,1.71,0.03,-23.7,< 0.2,,,,,,,,Tamooh et al. (2012)
Tana,Tana ,Kenya,Africa,Tana river-Irira bridge-Ishiara,10,18,2009,-0.47,37.91,SS,Bulk,4486,108.6,2.42,0.05,-23.1,< 0.2,,,,,,,,Tamooh et al. (2012)
Tana,Tana ,Kenya,Africa,Tana river-usueni bridge,10,21,2009,-0.15,38.2,SS,Bulk,1740,25.5,1.47,0.03,-23.9,< 0.2,,,,,,,,Tamooh et al. (2012)
Tana,Tana ,Kenya,Africa,Tana River-Kora bridge,10,24,2009,-0.08,38.41,SS,Bulk,603,12.8,2.12,0.04,-22.8,< 0.2,,,,,,,,Tamooh et al. (2012)
Tana,Tana ,Kenya,Africa,Tana river-Ura river junction,10,26,2009,-0.05,38.31,SS,Bulk,87.6,2.7,3.04,0.06,-23.8,< 0.2,,,,,,,,Tamooh et al. (2012)
Tana,Tana ,Kenya,Africa,Tana river-Saka,11,1,2009,-0.15,39.33,SS,Bulk,6778,90.6,1.34,0.03,-21.7,< 0.2,,,,,,,,Tamooh et al. (2012)
Tana,Tana ,Kenya,Africa,Tana River-Garissa bridge,11,2,2009,-0.46,39.64,SS,Bulk,7058,118.6,1.68,0.03,-21.1,< 0.2,,,,,,,,Tamooh et al. (2012)
Tana,Tana ,Kenya,Africa,Tana River-Sankuri,11,3,2009,-0.3,39.55,SS,Bulk,5112,115.5,2.31,0.05,-21.3,< 0.2,,,,,,,,Tamooh et al. (2012)
Tana,Tana ,Kenya,Africa,Tana River-Balambala,11,4,2009,-0.09,39.11,SS,Bulk,6075,119.8,1.97,0.04,-21.4,< 0.2,,,,,,,,Tamooh et al. (2012)
Tana,Tana ,Kenya,Africa,Tana River-Jara,11,6,2009,-0.71,39.81,SS,Bulk,4870,44.2,0.91,0.02,-21.6,< 0.2,,,,,,,,Tamooh et al. (2012)
Tana,Tana ,Kenya,Africa,Tana River-Bura Bridge,11,6,2009,-1.1,39.94,SS,Bulk,5640,103.8,1.84,0.04,-21.9,< 0.2,,,,,,,,Tamooh et al. (2012)
Tana,Tana ,Kenya,Africa,Tana River-Garsen bridge,11,7,2009,-2.29,40.13,SS,Bulk,5098,88.8,1.74,0.03,-21.6,< 0.2,,,,,,,,Tamooh et al. (2012)
Tana,Tana ,Kenya,Africa,Tana River-Tana Primate,11,8,2009,-1.85,40.12,SS,Bulk,5212,102.9,1.97,0.04,-21.3,< 0.2,,,,,,,,Tamooh et al. (2012)
Tana,Tana ,Kenya,Africa,Tana River-Hola,11,9,2009,-1.49,40.04,SS,Bulk,5230,112.5,2.15,0.04,-22.3,< 0.2,,,,,,,,Tamooh et al. (2012)
Tana,Tana ,Kenya,Africa,Kamburu dam-Tana entrance,6,30,2010,-0.83,37.67,SS,Bulk,65.7,1.6,2.48,0.05,-24.3,< 0.2,,,,,,,,Tamooh et al. (2012)
Tana,Tana ,Kenya,Africa,Sagana River-Makutano,6,12,2010,-0.79,37.27,SS,Bulk,88.7,7.3,8.24,0.16,-23.3,< 0.2,,,,,,,,Tamooh et al. (2012)
Tana,Tana ,Kenya,Africa,Tana river-masinga bridge,7,1,2010,-0.87,37.59,SS,Bulk,81.7,1.9,2.32,0.05,-21.8,< 0.2,,,,,,,,Tamooh et al. (2012)
Tana,Tana ,Kenya,Africa,Tana river-Ura river junction,6,24,2010,-0.05,38.31,SS,Bulk,59.6,1.7,2.81,0.06,-23,< 0.2,,,,,,,,Tamooh et al. (2012)
Tana,Tana ,Kenya,Africa,Tana River-Sankuri,7,5,2010,-0.3,39.55,SS,Bulk,143.5,2.7,1.86,0.04,-22.8,< 0.2,,,,,,,,Tamooh et al. (2012)
Tana,Tana ,Kenya,Africa,Tana River-Balambala,7,17,2010,-0.09,39.11,SS,Bulk,100.3,3.7,3.68,0.07,-23.2,< 0.2,,,,,,,,Tamooh et al. (2012)
Tana,Tana ,Kenya,Africa,Tana River-Jara,6,15,2010,-0.71,39.81,SS,Bulk,180,3.9,2.17,0.04,-22.9,< 0.2,,,,,,,,Tamooh et al. (2012)
Tana,Tana ,Kenya,Africa,Tana River-Tana Primate,7,18,2010,-1.85,40.12,SS,Bulk,302.7,3.9,1.29,0.03,-23,< 0.2,,,,,,,,Tamooh et al. (2012)
Tana,Tana ,Kenya,Africa,Tana River-Hola,7,21,2010,-1.49,40.04,SS,Bulk,314,5.6,1.77,0.04,-21.7,< 0.2,,,,,,,,Tamooh et al. (2012)
Tana,Thambana ,Kenya,Africa,Thambana river-Manyatta embu,10,2,2009,-0.4,37.47,SS,Bulk,7.4,0.7,10.02,0.2,-26.4,< 0.2,,,,,,,,Tamooh et al. (2012)
Tana,Thambana ,Kenya,Africa,Thambana river-Manyatta embu,6,19,2010,-0.4,37.47,SS,Bulk,44.4,4.4,9.95,0.2,-24.8,< 0.2,,,,,,,,Tamooh et al. (2012)
Tana,Thanandu ,Kenya,Africa,Thanandu River-Tharaka,10,20,2009,-0.1,38.01,SS,Bulk,3688,50.6,1.37,0.03,-22.2,< 0.2,,,,,,,,Tamooh et al. (2012)
Tana,Thanandu ,Kenya,Africa,Thanandu River-Tharaka,7,2,2010,-0.15,37.97,SS,Bulk,15,0.6,4.27,0.09,-23.4,< 0.2,,,,,,,,Tamooh et al. (2012)
Tana,Thiba ,Kenya,Africa,Thiba river-Kerogoya kutus,9,30,2009,-0.57,37.32,SS,Bulk,6,0.5,8.22,0.16,-27.5,< 0.2,,,,,,,,Tamooh et al. (2012)
Tana,Thiba ,Kenya,Africa,Thiba river-B-Mt. Kenya Forest,10,5,2009,-0.4,37.31,SS,Bulk,2.2,0.7,32.07,0.64,-29.3,< 0.2,,,,,,,,Tamooh et al. (2012)
Tana,Thiba ,Kenya,Africa,Thiba river-Kerogoya kutus,6,14,2010,-0.57,37.32,SS,Bulk,38.1,3.9,10.26,0.21,-23.5,< 0.2,,,,,,,,Tamooh et al. (2012)
Tana,Thiba ,Kenya,Africa,Thiba River-Mwea,7,1,2010,-2.4,40.35,SS,Bulk,42.8,1.7,4.06,0.08,-23.6,< 0.2,,,,,,,,Tamooh et al. (2012)
Tana,Thiba ,Kenya,Africa,Thiba river-B-Mt. Kenya Forest,6,13,2010,-0.4,37.31,SS,Bulk,9.9,1.3,13.27,0.27,-27,< 0.2,,,,,,,,Tamooh et al. (2012)
Tana,Thuchi  ,Kenya,Africa,Thuchi River-Ishiara,10,17,2009,-0.45,37.79,SS,Bulk,333,12.4,3.72,0.07,-27.2,< 0.2,,,,,,,,Tamooh et al. (2012)
Tana,Ura ,Kenya,Africa,Ura river-Meru N.P,10,26,2009,0.02,38.07,SS,Bulk,33.2,1.4,4.19,0.08,-23.9,< 0.2,,,,,,,,Tamooh et al. (2012)
Tana,Ura ,Kenya,Africa,Ura river-Meru N.P,7,5,2010,-0.07,38.42,SS,Bulk,8.7,0.4,5.01,0.1,-23.4,< 0.2,,,,,,,,Tamooh et al. (2012)
Zambezi,Zambezi ,Zambia-Mozambique,Africa,ZBZ20 Zambezi,4,27,2012,-18.55,36.19,SS,Bulk,69.5,2.6,3.8,,-23.8,,9.5,< 7 ,modern,1.017,,,,Marwick et al. (2015)
Zambezi,Zambezi ,Zambia-Mozambique,Africa,ZBZ7 Zambezi,2,12,2012,-17.89,25.84,SS,Bulk,7.5,0.6,8.06,,-26,,22.2,< 7 ,modern,1.03,,,,Marwick et al. (2015)
Zambezi,Zambezi ,Zambia-Mozambique,Africa,SH2 Shire,4,22,2012,-17.67,35.34,SS,Bulk,6.2,0.7,11.02,,-26.5,,9.3,< 7 ,modern,1.017,,,,Marwick et al. (2015)
Zambezi,Zambezi ,Zambia-Mozambique,Africa,K1-2 Kariba,2,16,2012,-17.27,27.47,SS,Bulk,2.3,0.5,22.83,,-29.5,,14.2,< 7 ,modern,1.022,,,,Marwick et al. (2015)
Zambezi,Zambezi ,Zambia-Mozambique,Africa,KAF10 Kafue,2,20,2012,-15.95,28.86,SS,Bulk,22.3,1.4,6.21,,-24.6,,43.9,< 7 ,modern,1.052,,,,Marwick et al. (2015)
Zambezi,Zambezi ,Zambia-Mozambique,Africa,ZBZ13 Zambezi,4,10,2012,-15.63,30.41,SS,Bulk,20.4,1.1,5.33,,-27.9,,-8,< 7 ,modern,1,,,,Marwick et al. (2015)
Zambezi,Zambezi ,Zambia-Mozambique,Africa,LUA5 Luangwa,2,24,2012,-15.62,30.42,SS,Bulk,937,14.1,1.51,,-20.2,,5.8,< 7 ,modern,1.013,,,,Marwick et al. (2015)
Zambezi,Zambezi ,Zambia-Mozambique,Africa,ITT2 Itezhi,3,29,2012,-15.76,25.99,SS,Bulk,3.2,0.6,19.91,,-29.2,,-8.2,< 7 ,modern,0.999,,,,Marwick et al. (2015)
Brahmaputra,Brahmaputra ,Bangladesh,Asia,BGP 3 Brahmaputra-Aricha Ghat,8,1,1996,,,SS,Bulk,289,2.1,0.72,0.07,-22.9,0.1,,,,,,,0.36,"Aucour et al. (2006), Galy et al. (2008)"
Brahmaputra,Brahmaputra ,Bangladesh,Asia,BGP 18 Brahmaputra-Chilmari,8,5,1996,,,SS,Bulk,439,2.6,0.59,0.06,-23,0.1,,,,,,,0.32,"Aucour et al. (2006), Galy et al. (2008)"
Brahmaputra,Brahmaputra ,India,Asia,BR 2 Brahmaputra-Guwahati,10,25,1999,26.19,91.74,PSD,Bulk,,,0.46,0.03,-24.9,0.25,,,,,,,0.24,Galy et al. (2008)
Brahmaputra,Brahmaputra ,India,Asia,BR 3 Brahmaputra-Guwahati,10,25,1999,26.19,91.74,PSD,Bulk,800,3.9,0.49,0.03,-24.5,0.25,,,,,,,0.27,Galy et al. (2008)
Brahmaputra,Brahmaputra ,India,Asia,BR 4 Brahmaputra-Guwahati,10,25,1999,26.19,91.74,PSD,Bulk,1800,5.4,0.3,0.03,-24.7,0.25,,,,,,,0.23,Galy et al. (2008)
Brahmaputra,Brahmaputra ,India,Asia,BR 6 Brahmaputra-Guwahati,10,25,1999,26.19,91.74,PSD,Bulk,800,5.9,0.74,0.03,-24.7,0.25,,,,,,,0.31,Galy et al. (2008)
Brahmaputra,Brahmaputra ,India,Asia,BR 7 Brahmaputra-Guwahati,10,25,1999,26.19,91.74,PSD,Bulk,2500,5.3,0.21,0.03,-25.3,0.25,,,,,,,0.21,Galy et al. (2008)
Brahmaputra,Brahmaputra ,India,Asia,BR 8 Brahmaputra-Guwahati,10,25,1999,26.19,91.74,PSD,Bulk,1200,5.5,0.46,0.03,-25.5,0.25,,,,,,,0.25,Galy et al. (2008)
Brahmaputra,Brahmaputra ,India,Asia,BR 52 Brahmaputra-Guwahati,7,26,2001,26.19,91.74,PSD,Bulk,,,0.29,0.03,-23.7,0.25,,,,,,,0.21,Galy et al. (2008)
Brahmaputra,Brahmaputra ,India,Asia,BR 53 Brahmaputra-Guwahati,7,26,2001,26.19,91.74,PSD,Bulk,,,0.37,0.03,-23.8,0.25,,,,,,,0.21,Galy et al. (2008)
Brahmaputra,Brahmaputra ,India,Asia,BR 54 Brahmaputra-Guwahati,7,26,2001,26.19,91.74,PSD,Bulk,,,0.67,0.03,-23.9,0.25,,,,,,,0.31,Galy et al. (2008)
Brahmaputra,Brahmaputra ,India,Asia,BR 55 Brahmaputra-Guwahati,7,26,2001,26.19,91.74,PSD,Bulk,,,0.62,0.03,-23.9,0.25,,,,,,,0.31,Galy et al. (2008)
Brahmaputra,Brahmaputra ,India,Asia,BR 65 Brahmaputra-Tezpur bg.,7,29,2001,26.61,92.85,SS,Bulk,,,0.82,0.03,-24.3,0.25,,,,,,,0.29,Galy et al. (2008)
Brahmaputra,Brahmaputra ,India,Asia,BR 73 Brahmaputra-Dhubri,7,30,2001,26.02,90,SS,Bulk,,,0.68,0.03,-23.5,0.25,,,,,,,0.32,Galy et al. (2008)
Brahmaputra,Brahmaputra ,Bangladesh,Asia,BR 401 Brhamaputra-Sirajganj,7,11,2002,24.47,89.73,PSD,Bulk,4340,11.3,0.26,0.03,-23.3,0.25,,,,,,,0.22,"Galy et al. (2007, 2008)"
Brahmaputra,Brahmaputra ,Bangladesh,Asia,BR 402 Brhamaputra-Sirajganj,7,11,2002,24.47,89.73,PSD,Bulk,,,0.5,0.03,-22.5,0.25,,,,,,,0.31,"Galy et al. (2007, 2008)"
Brahmaputra,Brahmaputra ,Bangladesh,Asia,BR 205 Brhamaputra-Sirajganj,7,15,2002,24.4,89.8,PSD,Bulk,1180,6.7,0.57,0.03,-23,0.25,,,,,,,0.3,"Galy et al. (2007, 2008)"
Brahmaputra,Brahmaputra ,Bangladesh,Asia,BR 207 Brhamaputra-Sirajganj,7,15,2002,24.38,89.8,PSD,Bulk,,,0.25,0.03,-23.6,0.25,,,,,,,0.22,"Galy et al. (2007, 2008)"
Brahmaputra,Brahmaputra ,Bangladesh,Asia,BR 204 Brhamaputra-Sirajganj,7,15,2002,24.4,89.8,PSD,Bulk,,,0.53,0.03,-23.4,0.25,,,,,,,0.26,"Galy et al. (2007, 2008)"
Brahmaputra,Brahmaputra ,Bangladesh,Asia,BR 201 Brhamaputra-Sirajganj,7,15,2002,24.39,89.8,PSD,Bulk,,,0.52,0.03,-23.6,0.25,,,,,,,0.25,"Galy et al. (2007, 2008)"
Brahmaputra,Brahmaputra ,Bangladesh,Asia,BR 202 Brhamaputra-Sirajganj,7,15,2002,24.39,89.8,PSD,Bulk,1440,4.2,0.29,0.03,-23,0.25,,,,,,,0.2,"Galy et al. (2007, 2008)"
Brahmaputra,Brahmaputra ,Bangladesh,Asia,BR 203 Brhamaputra-Sirajganj,7,15,2002,24.38,89.8,PSD,Bulk,5890,8.2,0.14,0.03,-23.3,0.25,,,,,,,0.18,"Galy et al. (2007, 2008)"
Brahmaputra,Brahmaputra ,Bangladesh,Asia,BR 409 Brhamaputra-Sirajganj,7,12,2004,24.47,89.73,PSD,Bulk,1320,7.1,0.54,0.03,-23.1,0.25,,,,,,,0.31,"Galy et al. (2007, 2008)"
Brahmaputra,Brahmaputra ,Bangladesh,Asia,BR 408 Brhamaputra-Sirajganj,7,12,2004,24.47,89.73,PSD,Bulk,1820,8,0.44,0.03,-23,0.25,,,,,,,0.28,"Galy et al. (2007, 2008)"
Brahmaputra,Brahmaputra ,Bangladesh,Asia,BR 406 Brhamaputra-Sirajganj,7,12,2004,24.46,89.73,PSD,Bulk,3130,10,0.32,0.03,-22,0.25,,,,,,,0.23,"Galy et al. (2007, 2008)"
Brahmaputra,Brahmaputra ,Bangladesh,Asia,BR 405 Brhamaputra-Sirajganj,7,12,2004,24.46,89.73,PSD,Bulk,6000,13.2,0.22,0.03,-23.2,0.25,,,,,,,0.21,"Galy et al. (2007, 2008)"
Brahmaputra,Brahmaputra ,Bangladesh,Asia,BR 407 Brhamaputra-Sirajganj,7,12,2004,24.47,89.73,PSD,Bulk,6390,16.6,0.26,0.03,,0.25,,,,,,,0.21,Galy et al. (2007)
Brahmaputra,Brahmaputra ,Bangladesh,Asia,BR 454* Brahmaputra-Sirajganj,7,23,2004,24.47,89.73,PSD,Bulk,6200,18,0.29,0.03,-23.6,0.25,-429,3,4515.5,0.57,,,0.21,"Galy et al. (2007, 2008), Galy and Eglinton (2011)"
Brahmaputra,Brahmaputra ,Bangladesh,Asia,BR 455 Brhamaputra-Sirajganj,7,23,2004,24.47,89.73,PSD,Bulk,2450,12.3,0.5,0.03,-23.9,0.25,,,,,,,0.28,"Galy et al. (2007, 2008)"
Brahmaputra,Brahmaputra ,Bangladesh,Asia,BR 456* Brahmaputra-Sirajganj,7,23,2004,24.47,89.73,PSD,Bulk,2940,13.2,0.45,0.03,-23.5,0.25,-403,8,4103.5,0.6,,,0.27,"Galy et al. (2007, 2008), Galy and Eglinton (2011)"
Brahmaputra,Brahmaputra ,Bangladesh,Asia,BR 457* Brahmaputra-Sirajganj,7,23,2004,24.48,89.73,PSD,Bulk,1340,9.2,0.69,0.03,-23.9,0.25,-348,4,3337.8,0.66,,,0.35,"Galy et al. (2007, 2008), Galy and Eglinton (2011)"
Brahmaputra,Brahmaputra ,Bangladesh,Asia,BR 459 Brhamaputra-Sirajganj,7,23,2004,24.47,89.73,SS,Bulk,,,0.64,0.03,-23.9,0.25,,,,,,,0.36,"Galy et al. (2007, 2008)"
Brahmaputra,Brahmaputra ,Bangladesh,Asia,BR 500* Brahmaputra-Sirajganj,7,21,2005,24.48,89.74,PSD,Bulk,,,0.58,0.03,-23.5,0.25,-481,2,5253,0.52,,,0.3,"Galy et al. (2007, 2008), Galy and Eglinton (2011)"
Brahmaputra,Brahmaputra ,Bangladesh,Asia,BR 502 Brhamaputra-Sirajganj,7,22,2005,24.48,89.74,PSD,Bulk,770,4.5,0.59,0.03,-23.9,0.25,,,,,,,0.32,"Galy et al. (2007, 2008)"
Brahmaputra,Brahmaputra ,Bangladesh,Asia,BR 501 Brhamaputra-Sirajganj,7,22,2005,24.48,89.74,PSD,Bulk,1990,10.1,0.51,0.03,-23.7,0.25,,,,,,,0.28,"Galy et al. (2007, 2008)"
Brahmaputra,Brahmaputra ,Bangladesh,Asia,BR 504 Brhamaputra-Sirajganj,7,22,2005,24.48,89.74,PSD,Bulk,2290,8.5,0.37,0.03,-24.3,0.25,,,,,,,0.24,"Galy et al. (2007, 2008)"
Brahmaputra,Brahmaputra ,Bangladesh,Asia,BR 505 Brhamaputra-Sirajganj,7,22,2005,24.47,89.73,PSD,Bulk,2130,8.5,0.4,0.03,-23.9,0.25,,,,,,,0.26,"Galy et al. (2007, 2008)"
Brahmaputra,Brahmaputra ,Bangladesh,Asia,BR 506 Brhamaputra-Sirajganj,7,22,2005,24.47,89.73,PSD,Bulk,1570,7.7,0.49,0.03,-23.4,0.25,,,,,,,0.28,"Galy et al. (2007, 2008)"
Brahmaputra,Brahmaputra ,Bangladesh,Asia,BR 507 Brhamaputra-Sirajganj,7,22,2005,24.47,89.73,PSD,Bulk,1380,7.3,0.53,0.03,-23.6,0.25,,,,,,,0.31,"Galy et al. (2007, 2008)"
Brahmaputra,Brahmaputra ,Bangladesh,Asia,BR 508 Brhamaputra-Sirajganj,7,22,2005,24.47,89.73,PSD,Bulk,770,4.9,0.64,0.03,-24.1,0.25,,,,,,,0.35,"Galy et al. (2007, 2008)"
Brahmaputra,Brahmaputra ,Bangladesh,Asia,AR 15 Brahmaputra-Tezpur,2,11,2006,24.48,89.73,SS,Bulk,,,0.71,0.03,,,-245,5,2204.6,0.76,,,,Galy and Eglinton (2011)
Brahmaputra,Brahmaputra ,Bangladesh,Asia,BR 704 Brahmaputra-Sirajganj,8,16,2007,24.48,89.74,PSD,Bulk,,,0.48,0.03,,,-439,5,4657.7,0.56,,,,Galy and Eglinton (2011)
Brahmaputra,Brahmaputra ,Bangladesh,Asia,BR 705 Brahmaputra-Sirajganj,8,16,2007,24.48,89.74,PSD,Bulk,,,0.53,0.03,,,-452,4,4802.4,0.55,,,,Galy and Eglinton (2011)
Brahmaputra,Brahmaputra ,Bangladesh,Asia,BR 709* Brahmaputra-Sirajganj,8,16,2007,24.48,89.74,PSD,Bulk,,,0.68,0.02,,,-364,3,3585,0.64,,,,Galy and Eglinton (2011)
Brahmaputra,Brahmaputra ,Bangladesh,Asia,BR 708 A Brahmaputra-Jamuna bridge,8,16,2007,24.4,89.79,SS,Bulk,,,0.45,0.03,,,-483,5,5253,0.52,,,,Galy and Eglinton (2011)
Brahmaputra,Brahmaputra ,Bangladesh,Asia,BR 708 B Brahmaputra-Jamuna bridge,8,16,2007,24.4,89.79,SS,Bulk,,,0.34,0.03,,,-474,6,5100,0.53,,,,Galy and Eglinton (2011)
Brahmaputra,Brahmaputra ,Bangladesh,Asia,BR 708 C Brahmaputra-Jamuna bridge,8,16,2007,24.4,89.79,SS,Bulk,,,0.22,0.03,,,-365,3,3585,0.64,,,,Galy and Eglinton (2011)
Brahmaputra,Brahmaputra ,India,Asia,BGP 54-Brahmaputra,3,,1997,26.19,91.74,SS,Bulk,34,2.6,7.6,0.76,-32.1,0.1,,,,,,,,Aucour et al. (2006)
Brahmaputra,Brahmaputra ,India,Asia,BGP 85-Brahmaputra,3,,1997,26.19,91.74,SS,Bulk,6,0.1,1.2,0.12,-22.6,0.1,,,,,,,,Aucour et al. (2006)
Brahmaputra,Brahmaputra ,Bangladesh,Asia,Jamuna Bridge,,,2007,24.41,89.8,SS,Bulk,,,,,-23.7,,-359.9,,3528,0.645,,,,Eglinton et al. (2021)
Changjiang,Changjiang ,China,Asia,Qu Malai,7,11,2016,34.03,95.82,SS,Bulk,,,,,-23.3,<0.2,-259.8,<5,2352.5,0.746,,,,Shan et al. (2021)
Changjiang,Changjiang ,China,Asia,Yu Shu,8,10,2016,33.01,97.25,SS,Bulk,,,,,-24,<0.2,-216.4,<5,1894.8,0.79,,,,Shan et al. (2021)
Changjiang,Changjiang ,China,Asia,De Ge,9,14,2016,31.63,98.58,SS,Bulk,,,,,-22.8,<0.2,-344.2,<5,3325,0.661,,,,Shan et al. (2021)
Changjiang,Changjiang ,China,Asia,Li Jiang,10,14,2016,27.01,100.08,SS,Bulk,,,,,-24.1,<0.2,-261.8,<5,2374.2,0.744,,,,Shan et al. (2021)
Changjiang,Changjiang ,China,Asia,Yi Bin,11,15,2016,28.76,104.65,SS,Bulk,,,,,-27.1,<0.2,-371.5,<5,3666.5,0.634,,,,Shan et al. (2021)
Changjiang,Changjiang ,China,Asia,Chong Qing,3,26,2016,29.57,106.58,SS,Bulk,,,,,-25.8,<0.2,-366.9,<5,3608,0.638,,,,Shan et al. (2021)
Changjiang,Changjiang ,China,Asia,Yi Chang,3,29,2016,30.69,111.28,SS,Bulk,,,,,-25.6,<0.2,-403.9,<5,4091.7,0.601,,,,Shan et al. (2021)
Changjiang,Changjiang ,China,Asia,Yue Yang,4,1,2016,29.47,113.17,SS,Bulk,,,,,-24.7,<0.2,-396.1,<5,3987.3,0.609,,,,Shan et al. (2021)
Changjiang,Changjiang ,China,Asia,Wu Han,4,2,2016,30.58,114.31,SS,Bulk,,,,,-26.2,<0.2,-218.3,<5,1914.3,0.788,,,,Shan et al. (2021)
Changjiang,Changjiang ,China,Asia,Nan Jing,3,29,2016,32.13,118.79,SS,Bulk,,,,,-25.2,<0.2,-352.7,<5,3429.8,0.652,,,,Shan et al. (2021)
Changjiang,Changjiang ,China,Asia,Datong,1,,2009,30.77,117.63,ISD,Bulk,83,0.8,1.01,0.1,-24.7,,-111,,887.8,0.895,0.14,7.2,,Wang et al. (2012)
Changjiang,Changjiang ,China,Asia,Datong,7,,2009,30.77,117.63,ISD,Bulk,159,2.6,1.65,0.13,-23.1,,-103,,815.9,0.903,0.2,8.3,,Wang et al. (2012)
Changjiang,Changjiang ,China,Asia,Datong,10,,2009,30.77,117.63,ISD,Bulk,125,1.6,1.27,0.08,-25.5,,-129,,1052.1,0.877,0.21,6,,Wang et al. (2012)
Changjiang,Changjiang ,China,Asia,Datong,7,,2015,30.77,117.63,SS,Bulk,,,1.12,,-24.2,,-384,,3840,0.62,,,,Wang et al. (2016)
Changjiang,Changjiang ,China,Asia,Nanjing CJSS0710,10,25,2007,32.09,118.72,SS,Bulk,,,1.62,0.1,-25.5,0.1,-551.9,< 27.6,6504.2,0.445,0.18,8.3,0.43,Li et al. (2015a)
Changjiang,Changjiang ,China,Asia,Nanjing CJSS0711,11,21,2007,32.09,118.72,SS,Bulk,,,2.01,0.12,-25.2,0.1,-455.3,< 22.8,4935,0.541,0.34,5.4,0.43,Li et al. (2015a)
Changjiang,Changjiang ,China,Asia,Nanjing CJSS0712,12,26,2007,32.09,118.72,SS,Bulk,,,2.26,0.14,-26,0.1,-523.7,< 26.2,6014,0.473,0.29,7.1,0.44,Li et al. (2015a)
Changjiang,Changjiang ,China,Asia,Nanjing CJSS0801,1,22,2008,32.09,118.72,SS,Bulk,,,1.84,0.11,-25.2,0.1,-473.3,< 23.7,5206.8,0.523,0.24,7.1,0.42,Li et al. (2015a)
Changjiang,Changjiang ,China,Asia,Nanjing CJSS0802,2,27,2008,32.09,118.72,SS,Bulk,,,2.07,0.12,-25.9,0.1,-427,< 21.3,4529.6,0.569,0.27,7.1,0.37,Li et al. (2015a)
Changjiang,Changjiang ,China,Asia,Nanjing CJSS0803,3,25,2008,32.09,118.72,SS,Bulk,,,1.83,0.11,-26,0.1,-491.4,< 24.6,5488.1,0.505,0.22,7.7,0.39,Li et al. (2015a)
Changjiang,Changjiang ,China,Asia,Nanjing CJSS0804,4,24,2008,32.09,118.72,SS,Bulk,,,1.59,0.1,-25.7,0.1,-501.5,< 25.1,5648.8,0.495,0.19,7.7,0.39,Li et al. (2015a)
Changjiang,Changjiang ,China,Asia,Nanjing CJSS0805,5,26,2008,32.09,118.72,SS,Bulk,,,2.51,0.15,-25.9,0.1,-498.5,< 24.9,5600.2,0.498,0.33,7.1,0.46,Li et al. (2015a)
Changjiang,Changjiang ,China,Asia,Nanjing CJSS0806,6,26,2008,32.09,118.72,SS,Bulk,,,1.29,0.08,-25.2,0.1,-552.9,< 27.6,6522.2,0.444,0.14,8.3,0.37,Li et al. (2015a)
Changjiang,Changjiang ,China,Asia,Nanjing CJSS0807,7,25,2008,32.09,118.72,SS,Bulk,,,1.66,0.1,-25.3,0.1,-572,< 28.6,6873.6,0.425,0.17,9.2,0.32,Li et al. (2015a)
Changjiang,Changjiang ,China,Asia,Nanjing CJSS0808,8,26,2008,32.09,118.72,SS,Bulk,,,1.24,0.07,-24.9,0.1,-606.2,< 30.3,7543.4,0.391,0.12,9.2,0.34,Li et al. (2015a)
Changjiang,Changjiang ,China,Asia,Nanjing CJSS0809,9,25,2008,32.09,118.72,SS,Bulk,,,1.47,0.09,-24.9,0.1,-571,< 28.5,6854.7,0.426,0.18,7.7,0.36,Li et al. (2015a)
Changjiang,Changjiang ,China,Asia,Xuliujing-Lower,,,2003,31.46,120.55,SS,Bulk,101.8,1.2,1.2,< 0.02,-24.5,< 0.2,,,,,,,,Wu et al. (2015)
Changjiang,Changjiang ,China,Asia,Xuliujing-Lower,,,2004,31.46,120.55,SS,Bulk,78.8,0.9,1.2,< 0.02,-25.7,< 0.2,,,,,,,,Wu et al. (2015)
Changjiang,Changjiang ,China,Asia,Xuliujing-Lower,,,2005,31.46,120.55,SS,Bulk,103.1,1.3,1.3,< 0.02,-26,< 0.2,,,,,,,,Wu et al. (2015)
Changjiang,Changjiang ,China,Asia,Xuliujing-Lower,,,2006,31.46,120.55,SS,Bulk,43.9,0.5,1.2,< 0.02,-25.4,< 0.2,,,,,,,,Wu et al. (2015)
Changjiang,Changjiang ,China,Asia,Xuliujing-Lower,,,2007,31.46,120.55,SS,Bulk,39.5,0.6,1.6,< 0.02,-26,< 0.2,,,,,,,,Wu et al. (2015)
Changjiang,Changjiang ,China,Asia,Xuliujing-Lower,,,2008,31.46,120.55,SS,Bulk,27.6,0.5,1.7,< 0.02,-26.3,< 0.2,,,,,,,,Wu et al. (2015)
Changjiang,Changjiang ,China,Asia,Xuliujing-Lower,,,2009,31.46,120.55,SS,Bulk,35.3,0.6,1.6,< 0.02,-25.8,< 0.2,,,,,,,,Wu et al. (2015)
Changjiang,Changjiang ,China,Asia,Xuliujing-Lower,,,2010,31.46,120.55,SS,Bulk,45.5,0.6,1.4,< 0.02,-25.5,< 0.2,,,,,,,,Wu et al. (2015)
Changjiang,Changjiang ,China,Asia,Xuliujing-Lower,,,2011,31.46,120.55,SS,Bulk,43.9,0.5,1.2,< 0.02,-25.9,< 0.2,,,,,,,,Wu et al. (2015)
Changjiang,Changjiang ,China,Asia,Xuliujing-Lower,,,2003,31.46,120.55,SS,Bulk,110.8,1.1,1,< 0.02,-24.6,< 0.2,,,,,,,,Wu et al. (2015)
Changjiang,Changjiang ,China,Asia,Xuliujing-Lower,,,2003,31.46,120.55,SS,Bulk,98.2,1.3,1.3,< 0.02,-24.5,< 0.2,,,,,,,,Wu et al. (2015)
Changjiang,Changjiang ,China,Asia,Xuliujing-Lower,,,2004,31.46,120.55,SS,Bulk,62.3,0.7,1.2,< 0.02,-25.4,< 0.2,,,,,,,,Wu et al. (2015)
Changjiang,Changjiang ,China,Asia,Xuliujing-Lower,,,2004,31.46,120.55,SS,Bulk,103.5,1.1,1.1,< 0.02,-26.1,< 0.2,,,,,,,,Wu et al. (2015)
Changjiang,Changjiang ,China,Asia,Xuliujing-Lower,,,2005,31.46,120.55,SS,Bulk,47.5,0.7,1.5,< 0.02,-26.4,< 0.2,,,,,,,,Wu et al. (2015)
Changjiang,Changjiang ,China,Asia,Xuliujing-Lower,,,2005,31.46,120.55,SS,Bulk,158.7,1.7,1.1,< 0.02,-25.7,< 0.2,,,,,,,,Wu et al. (2015)
Changjiang,Changjiang ,China,Asia,Xuliujing-Lower,,,2006,31.46,120.55,SS,Bulk,44,0.6,1.3,< 0.02,-25.5,< 0.2,,,,,,,,Wu et al. (2015)
Changjiang,Changjiang ,China,Asia,Xuliujing-Lower,,,2006,31.46,120.55,SS,Bulk,43.7,0.5,1.1,< 0.02,-25.4,< 0.2,,,,,,,,Wu et al. (2015)
Changjiang,Changjiang ,China,Asia,Xuliujing-Lower,,,2007,31.46,120.55,SS,Bulk,24.4,0.4,1.8,< 0.02,-26.2,< 0.2,,,,,,,,Wu et al. (2015)
Changjiang,Changjiang ,China,Asia,Xuliujing-Lower,,,2007,31.46,120.55,SS,Bulk,54.6,0.7,1.3,< 0.02,-25.8,< 0.2,,,,,,,,Wu et al. (2015)
Changjiang,Changjiang ,China,Asia,Xuliujing-Lower,,,2008,31.46,120.55,SS,Bulk,29.6,0.6,1.9,< 0.02,-26.4,< 0.2,,,,,,,,Wu et al. (2015)
Changjiang,Changjiang ,China,Asia,Xuliujing-Lower,,,2008,31.46,120.55,SS,Bulk,25.5,0.4,1.6,< 0.02,-26.2,< 0.2,,,,,,,,Wu et al. (2015)
Changjiang,Changjiang ,China,Asia,Xuliujing-Lower,,,2009,31.46,120.55,SS,Bulk,36.8,0.7,1.8,< 0.02,-25.9,< 0.2,,,,,,,,Wu et al. (2015)
Changjiang,Changjiang ,China,Asia,Xuliujing-Lower,,,2009,31.46,120.55,SS,Bulk,33.9,0.5,1.5,< 0.02,-25.8,< 0.2,,,,,,,,Wu et al. (2015)
Changjiang,Changjiang ,China,Asia,Xuliujing-Lower,,,2010,31.46,120.55,SS,Bulk,40.5,0.6,1.6,< 0.02,-25.6,< 0.2,,,,,,,,Wu et al. (2015)
Changjiang,Changjiang ,China,Asia,Xuliujing-Lower,,,2010,31.46,120.55,SS,Bulk,51.6,0.6,1.1,< 0.02,-25.4,< 0.2,,,,,,,,Wu et al. (2015)
Changjiang,Changjiang ,China,Asia,Xuliujing-Lower,,,2011,31.46,120.55,SS,Bulk,27.8,0.3,1.2,< 0.02,-26.1,< 0.2,,,,,,,,Wu et al. (2015)
Changjiang,Changjiang ,China,Asia,Xuliujing-Lower,,,2011,31.46,120.55,SS,Bulk,65.3,0.8,1.2,< 0.02,-25.6,< 0.2,,,,,,,,Wu et al. (2015)
Changjiang,Changjiang ,China,Asia,Shigu-Jinsha,9,9,2009,26.53,99.57,SS,Bulk,,,0.09,0.01,-23.7,0.1,,,,,,,,Li et al. (2015b)
Changjiang,Changjiang ,China,Asia,Nanxi-Jinsha,9,21,2009,28.5,104.58,SS,Bulk,,,0.71,0.08,-24.2,0.1,,,,,,,,Li et al. (2015b)
Changjiang,Changjiang ,China,Asia,Jiangjin-Changjiang,9,25,2009,29.17,106.14,SS,Bulk,,,0.11,0.01,-24.6,0.1,,,,,,,,Li et al. (2015b)
Changjiang,Changjiang ,China,Asia,Wanzhou-Changjiang,9,30,2009,30.46,108.03,SS,Bulk,,,0.57,0.06,-24.9,0.1,,,,,,,,Li et al. (2015b)
Changjiang,Changjiang ,China,Asia,Honghu-Middle,10,6,2009,29.47,113.29,SS,Bulk,,,0.1,0.01,-24.8,0.1,,,,,,,,Li et al. (2015b)
Changjiang,Changjiang ,China,Asia,Huangshi-Middle,10,7,2009,30.08,115.16,SS,Bulk,,,0.08,0.08,-24.1,0.1,,,,,,,,Li et al. (2015b)
Changjiang,Changjiang ,China,Asia,Anqing-Lower,10,8,2009,30.29,117.05,SS,Bulk,,,0.81,0.08,-24.8,0.1,,,,,,,,Li et al. (2015b)
Changjiang,Changjiang ,China,Asia,Xuliujing-Lower,10,12,2009,31.46,120.55,SS,Bulk,,,0.64,0.06,-25,0.1,,,,,,,,Li et al. (2015b)
Changjiang,Changjiang ,China,Asia,Upper reach-North tributaries,,,1997,,,SS,Bulk,59.7,0.5,0.8,< 0.02,-25.4,< 0.2,,,,,0.07,10.7,,Wu et al. (2007)
Changjiang,Changjiang ,China,Asia,Upper reach-South tributaries,,,1997,,,SS,Bulk,36.7,0.5,1.4,< 0.02,-26.8,< 0.2,,,,,0.17,8.3,,Wu et al. (2007)
Changjiang,Changjiang ,China,Asia,Upper reach-Main channel,,,1997,,,SS,Bulk,70.7,0.8,1.2,< 0.02,-25.5,< 0.2,,,,,0.08,14.9,,Wu et al. (2007)
Changjiang,Changjiang ,China,Asia,Middle reach-North tributaries,,,1997,,,SS,Bulk,25.7,0.2,0.9,< 0.02,-26.8,< 0.2,,,,,0.12,7.6,,Wu et al. (2007)
Changjiang,Changjiang ,China,Asia,Middle reach-South tributaries,,,1997,,,SS,Bulk,50.8,0.7,1.3,< 0.02,-25.1,< 0.2,,,,,0.13,9.8,,Wu et al. (2007)
Changjiang,Changjiang ,China,Asia,Middle reach-Main channel,,,1997,,,SS,Bulk,115,1.5,1.3,< 0.02,-25.4,< 0.2,,,,,0.08,15.8,,Wu et al. (2007)
Changjiang,Changjiang ,China,Asia,Lower reach-Main channel,,,1997,,,SS,Bulk,68.9,0.7,1,< 0.02,-25.7,< 0.2,,,,,0.07,13.5,,Wu et al. (2007)
Changjiang,Changjiang ,China,Asia,Upper reach Shigu,10,,2009,26.53,99.57,SS,Bulk,318.4,1,0.31,,-23.7,,-436.5,,4550,0.568,,,,Wu et al. (2018)
Changjiang,Changjiang ,China,Asia,Upper reach Nanxi,10,,2009,28.5,104.58,PSD,Bulk,317.9,1.7,0.52,,-25,,-383,,3820,0.621,,,,Wu et al. (2018)
Changjiang,Changjiang ,China,Asia,Upper reach Nanxi,10,,2009,28.5,104.58,PSD,Bulk,331.7,1.7,0.51,,-25,,-334.6,,3210,0.67,,,,Wu et al. (2018)
Changjiang,Changjiang ,China,Asia,Upper reach Nanxi,10,,2009,28.5,104.58,PSD,Bulk,341.8,1.6,0.46,,-25.5,,-392,,3940,0.612,,,,Wu et al. (2018)
Changjiang,Changjiang ,China,Asia,Upper reach Nanxi,10,,2009,28.5,104.58,PSD,Bulk,327.8,1.6,0.5,,-25.1,,-519,,5820,0.484,,,,Wu et al. (2018)
Changjiang,Changjiang ,China,Asia,Upper reach Jiangjin,10,,2009,29.17,106.14,PSD,Bulk,443.6,1.8,0.4,,-24.6,,-405,,4110,0.599,,,,Wu et al. (2018)
Changjiang,Changjiang ,China,Asia,Upper reach Jiangjin,10,,2009,29.17,106.14,PSD,Bulk,485.7,1.9,0.4,,-24.5,,-427,,4410,0.577,,,,Wu et al. (2018)
Changjiang,Changjiang ,China,Asia,Upper reach Jiangjin,10,,2009,29.17,106.14,PSD,Bulk,476.9,1.9,0.4,,-24.6,,-368.5,,3630,0.636,,,,Wu et al. (2018)
Changjiang,Changjiang ,China,Asia,Upper reach Jiangjin,10,,2009,29.17,106.14,PSD,Bulk,561.3,2.2,0.4,,-24.6,,-485.3,,5280,0.518,,,,Wu et al. (2018)
Changjiang,Changjiang ,China,Asia,Upper reach Yichang,10,,2009,30.41,111.16,PSD,Bulk,22.7,0.1,0.52,,-25.7,,-164.6,,1390,0.841,,,,Wu et al. (2018)
Changjiang,Changjiang ,China,Asia,Upper reach Yichang,10,,2009,30.41,111.16,PSD,Bulk,21.1,0.3,1.22,,-24.6,,-172.9,,1470,0.833,,,,Wu et al. (2018)
Changjiang,Changjiang ,China,Asia,Upper reach Yichang,10,,2009,30.41,111.16,PSD,Bulk,21.5,0.2,1.01,,-26.2,,-186.6,,1600,0.819,,,,Wu et al. (2018)
Changjiang,Changjiang ,China,Asia,Middle reach Huangshi,10,,2009,30.08,115.16,PSD,Bulk,42.4,0.4,0.97,,-24.9,,-288.3,,2670,0.717,,,,Wu et al. (2018)
Changjiang,Changjiang ,China,Asia,Middle reach Huangshi,10,,2009,30.08,115.16,PSD,Bulk,60.6,0.3,0.52,,-24.8,,-425.4,,4390,0.579,,,,Wu et al. (2018)
Changjiang,Changjiang ,China,Asia,Lower reach Wuhu,10,,2009,31.25,118.2,PSD,Bulk,69,0.7,0.98,,-25.7,,-244.6,,2190,0.761,,,,Wu et al. (2018)
Changjiang,Changjiang ,China,Asia,Lower reach Wuhu,10,,2009,31.25,118.2,PSD,Bulk,57.3,0.5,0.91,,-25.7,,-244.8,,2200,0.761,,,,Wu et al. (2018)
Changjiang,Changjiang ,China,Asia,Lower reach Wuhu,10,,2009,31.25,118.2,PSD,Bulk,61,0.5,0.9,,-25.5,,-216.7,,1900,0.789,,,,Wu et al. (2018)
Changjiang,Changjiang ,China,Asia,Lower reach Wuhu,10,,2009,31.25,118.2,PSD,Bulk,55.5,0.4,0.75,,-25.9,,-260,,2360,0.745,,,,Wu et al. (2018)
Changjiang,Changjiang ,China,Asia,Lower reach Xuliujing,10,,2009,31.46,120.55,PSD,Bulk,27.2,0.2,0.75,,-26,,-234.9,,2090,0.771,,,,Wu et al. (2018)
Changjiang,Changjiang ,China,Asia,Lower reach Xuliujing,10,,2009,31.46,120.55,PSD,Bulk,33.7,0.3,0.78,,-25.4,,-259.1,,2350,0.746,,,,Wu et al. (2018)
Changjiang,Changjiang ,China,Asia,Lower reach Xuliujing,10,,2009,31.46,120.55,PSD,Bulk,36,0.3,0.78,,-25.7,,-249.8,,2250,0.756,,,,Wu et al. (2018)
Changjiang,Changjiang ,China,Asia,Lower reach Xuliujing,10,,2009,31.46,120.55,PSD,Bulk,40.7,0.3,0.8,,-25.6,,-248.5,,2240,0.757,,,,Wu et al. (2018)
Changjiang,Changjiang ,China,Asia,Upper reach Fujiang,8,,2010,29.42,107.24,PSD,Bulk,307.1,4,1.3,,-24.8,,-352.2,,3430,0.653,,,,Wu et al. (2018)
Changjiang,Changjiang ,China,Asia,Upper reach Fujiang,8,,2010,29.42,107.24,PSD,Bulk,374,4.1,1.1,,-24.2,,,,,,,,,Wu et al. (2018)
Changjiang,Changjiang ,China,Asia,Upper reach Fujiang,8,,2010,29.42,107.24,PSD,Bulk,384,4.2,1.1,,-24.5,,,,,,,,,Wu et al. (2018)
Changjiang,Changjiang ,China,Asia,Upper reach Fujiang,8,,2010,29.42,107.24,PSD,Bulk,423,4.7,1.1,,-24.5,,,,,,,,,Wu et al. (2018)
Changjiang,Changjiang ,China,Asia,Upper reach Fujiang,8,,2010,29.42,107.24,PSD,Bulk,401,4.4,1.1,,-24.3,,,,,,,,,Wu et al. (2018)
Changjiang,Changjiang ,China,Asia,Upper reach Fujiang,8,,2010,29.42,107.24,PSD,Bulk,363.5,4.4,1.2,,-24.5,,,,,,,,,Wu et al. (2018)
Changjiang,Changjiang ,China,Asia,Upper reach Yichang,8,,2010,29.42,107.24,PSD,Bulk,365.2,3.7,1,,-24.5,,-301.2,,2820,0.704,,,,Wu et al. (2018)
Changjiang,Changjiang ,China,Asia,Upper reach Yichang,8,,2010,29.42,107.24,PSD,Bulk,356.2,3.9,1.1,,-24.2,,,,,,,,,Wu et al. (2018)
Changjiang,Changjiang ,China,Asia,Upper reach Yichang,8,,2010,29.42,107.24,PSD,Bulk,307.8,2.5,0.8,,-24.6,,,,,,,,,Wu et al. (2018)
Changjiang,Changjiang ,China,Asia,Upper reach Yichang,8,,2010,29.42,107.24,PSD,Bulk,353.9,3.9,1.1,,-24.2,,,,,,,,,Wu et al. (2018)
Changjiang,Changjiang ,China,Asia,Upper reach Yichang,8,,2010,29.42,107.24,PSD,Bulk,373.9,3.7,1,,-24.4,,,,,,,,,Wu et al. (2018)
Changjiang,Changjiang ,China,Asia,Upper reach Yichang,8,,2010,29.42,107.24,PSD,Bulk,369.5,4.1,1.1,,-24.6,,,,,,,,,Wu et al. (2018)
Changjiang,Changjiang ,China,Asia,Middle reach Chenglingji,8,,2010,29.41,113.11,PSD,Bulk,252.8,3,1.2,,-24.5,,-294.1,,2740,0.711,,,,Wu et al. (2018)
Changjiang,Changjiang ,China,Asia,Middle reach Chenglingji,8,,2010,29.41,113.11,PSD,Bulk,236.7,2.4,1,,-24.7,,,,,,,,,Wu et al. (2018)
Changjiang,Changjiang ,China,Asia,Middle reach Wuhan,8,,2010,30.35,114.17,PSD,Bulk,159.7,1.9,1.2,,-25.2,,-293.2,,2030,0.712,,,,Wu et al. (2018)
Changjiang,Changjiang ,China,Asia,Middle reach Wuhan,8,,2010,30.35,114.17,PSD,Bulk,172,2.1,1.2,,-25.2,,,,,,,,,Wu et al. (2018)
Changjiang,Changjiang ,China,Asia,Lower reach Jiujiang,8,,2010,29.43,115.58,PSD,Bulk,157.3,1.6,1,,-25.6,,-274.6,,1570,0.731,,,,Wu et al. (2018)
Changjiang,Changjiang ,China,Asia,Lower reach Jiujiang,8,,2010,29.43,115.58,PSD,Bulk,173.7,2.1,1.2,,-25.1,,,,,,,,,Wu et al. (2018)
Changjiang,Changjiang ,China,Asia,Lower reach Jiangyin,8,,2010,31.52,120.32,SS,Bulk,136.5,1.6,1.2,,-25.1,,-313.2,,2960,0.692,,,,Wu et al. (2018)
Changjiang,Changjiang ,China,Asia,Tributary Dongtinghu,8,,2010,29.22,113.06,SS,Bulk,14.8,1.3,8.9,,-29.2,,-113.6,,910,0.893,,,,Wu et al. (2018)
Changjiang,Changjiang ,China,Asia,Tributary Hanjiang,8,,2010,,,SS,Bulk,123.1,1.6,1.3,,-24.5,,-228,,2020,0.778,,,,Wu et al. (2018)
Changjiang,Changjiang ,China,Asia,Tributary Poyanghu,8,,2010,,,SS,Bulk,28.6,0.9,3.2,,-30.4,,-183.5,,1570,0.822,,,,Wu et al. (2018)
Changjiang,Changjiang ,China,Asia,,4,,1997,,,SS,Bulk,80.6,1,1.2,,-25.6,,,,,,,,,Wu et al. (2018)
Changjiang,Changjiang ,China,Asia,Upper reach,4,,1997,,,SS,Bulk,81.2,1.1,1.2,,-25.5,,,,,,,,,Wu et al. (2018)
Changjiang,Changjiang ,China,Asia,Middle reach,4,,1997,,,SS,Bulk,97.6,1.1,1.1,,-25.7,,,,,,,,,Wu et al. (2018)
Changjiang,Changjiang ,China,Asia,Lower reach,4,,1997,,,SS,Bulk,67.1,0.7,1,,-25.6,,,,,,,,,Wu et al. (2018)
Changjiang,Changjiang ,China,Asia,Upper reach,4,,2003,,,SS,Bulk,41,0.4,1.2,,-24.6,,,,,,,,,Wu et al. (2018)
Changjiang,Changjiang ,China,Asia,Middle reach,4,,2003,,,SS,Bulk,93.9,0.9,1,,-24.8,,,,,,,,,Wu et al. (2018)
Changjiang,Changjiang ,China,Asia,Lower reach,4,,2003,,,SS,Bulk,82.2,0.8,0.9,,-24.9,,,,,,,,,Wu et al. (2018)
Changjiang,Changjiang ,China,Asia,Middle reach,11,,2006,,,SS,Bulk,19.3,0.5,3.8,,,,,,,,,,,Wu et al. (2018)
Changjiang,Changjiang ,China,Asia,Lower reach,11,,2006,,,SS,Bulk,49.9,0.8,1.8,,,,,,,,,,,Wu et al. (2018)
Changjiang,Changjiang ,China,Asia,Middle reach,1,,2008,,,SS,Bulk,21.6,0.4,2.5,,-25.3,,,,,,,,,Wu et al. (2018)
Changjiang,Changjiang ,China,Asia,Lower reach,1,,2008,,,SS,Bulk,74.7,1,1.4,,-24.9,,,,,,,,,Wu et al. (2018)
Changjiang,Changjiang ,China,Asia,Upper reach,10,,2009,,,SS,Bulk,316.3,1.5,0.5,,-22.9,,,,,,,,,Wu et al. (2018)
Changjiang,Changjiang ,China,Asia,Middle reach,10,,2009,,,SS,Bulk,33.7,0.3,1.1,,-24.3,,,,,,,,,Wu et al. (2018)
Changjiang,Changjiang ,China,Asia,Lower reach,10,,2009,,,SS,Bulk,47.6,0.5,1,,-25.3,,,,,,,,,Wu et al. (2018)
Changjiang,Changjiang ,China,Asia,Middle reach,6,,2010,,,SS,Bulk,30.8,0.6,2.3,,-26.9,,,,,,,,,Wu et al. (2018)
Changjiang,Changjiang ,China,Asia,Lower reach,6,,2010,,,SS,Bulk,47.8,0.7,1.7,,-26.2,,,,,,,,,Wu et al. (2018)
Changjiang,Changjiang ,China,Asia,Middle reach,7,,2010,,,SS,Bulk,266.8,3.1,1.2,,-24.8,,,,,,,,,Wu et al. (2018)
Changjiang,Changjiang ,China,Asia,Lower reach,7,,2010,,,SS,Bulk,146.9,1.6,1.1,,-25.3,,,,,,,,,Wu et al. (2018)
Changjiang,Changjiang ,China,Asia,Zhenjiang,,,2007 - 2009,31.78,120.93,SS,Bulk,,,,,-25.1,,-303.3,,2864,0.702,,,,Eglinton et al. (2021)
Changjiang,Ganjiang ,China,Asia,Tributary Ganjiang,10,,2009,32.14,119.23,SS,Bulk,10,1.1,10.7,,-26.2,,-77.4,,590,0.929,,,,Wu et al. (2018)
Changjiang,Hanjiang ,China,Asia,Tributary Hanjiang,10,,2009,31.25,118.2,SS,Bulk,84.8,0.8,0.9,,-25.8,,-180.3,,1540,0.826,,,,Wu et al. (2018)
Changjiang,Jialingjiang ,China,Asia,Tributary Jialingjiang,10,,2009,29.17,106.14,SS,Bulk,31,0.3,0.9,,-25.2,,-236.5,,2110,0.769,,,,Wu et al. (2018)
Changjiang,Minjiang ,China,Asia,Sanping station 12 Tributary,6,25,2005,31.5,103.58,SS,Bulk,695,4.2,0.6,0.02,-23.9,0.09,-463.6,4.5,4949.8,0.54,,,,Wang et al. (2019)
Changjiang,Minjiang ,China,Asia,Sanping station 17 Tributary,7,2,2005,31.5,103.58,SS,Bulk,12870,388.2,3.02,0.08,-25.7,0.08,-66.2,0.4,497,0.94,,,,Wang et al. (2019)
Changjiang,Minjiang ,China,Asia,Sanping station 34 Tributary,7,4,2006,31.5,103.58,SS,Bulk,2690,27.2,1.01,0.03,-21.2,0.08,-523.2,5.6,5896,0.48,,,,Wang et al. (2019)
Changjiang,Minjiang ,China,Asia,Sanping station 25 Tributary,4,1,2006,31.5,103.58,SS,Bulk,255,2,2.03,0.05,-24.6,0.08,-265,2,2418.8,0.74,,,,Wang et al. (2019)
Changjiang,Minjiang ,China,Asia,Sanping station 40 Tributary,9,8,2006,31.5,103.58,SS,Bulk,610,7.6,1.25,0.03,-23.9,0.08,-324.6,2.7,3098,0.68,,,,Wang et al. (2019)
Changjiang,Minjiang ,China,Asia,Sanping station 51 Tributary,6,1,2007,31.5,103.58,SS,Bulk,3110,33,1.06,0.03,-24.2,0.08,-175.7,1.2,1496.8,0.83,,,,Wang et al. (2019)
Changjiang,Minjiang ,China,Asia,Sanping station 3 Tributary,7,24,2007,31.5,103.58,SS,Bulk,4030,49.3,1.22,,-24,,-265.1,,2418.8,0.74,,,,Wang et al. (2019)
Changjiang,Minjiang ,China,Asia,Sanping station 1-2008 Tributary,5,7,2008,31.5,103.58,SS,Bulk,180,1.1,0.62,0.02,-23.8,0.11,-394.3,3.7,3970.7,0.61,,,,Wang et al. (2019)
Changjiang,Minjiang ,China,Asia,Sanping station 3-2008 Tributary,5,9,2008,31.5,103.58,SS,Bulk,480,2.2,0.46,0.02,-22.7,0.13,-543.2,6.8,6237.9,0.46,,,,Wang et al. (2019)
Changjiang,Minjiang ,China,Asia,Sanping station 4-2008 Tributary,5,10,2008,31.5,103.58,SS,Bulk,170,1.3,0.8,,-24,,-394.3,,3970.7,0.61,,,,Wang et al. (2019)
Changjiang,Minjiang ,China,Asia,Sanping station 6-2008 Tributary,5,15,2008,31.5,103.58,SS,Bulk,1050,9.8,0.94,0.02,-24,0.08,-344.6,2.8,3337.8,0.66,,,,Wang et al. (2019)
Changjiang,Minjiang ,China,Asia,Sanping station 7-2008 Tributary,5,17,2008,31.5,103.58,SS,Bulk,780,10.5,1.34,0.04,-24.5,0.08,-245.3,1.7,2204.6,0.76,,,,Wang et al. (2019)
Changjiang,Minjiang ,China,Asia,Sanping station 8-2008 Tributary,5,19,2008,31.5,103.58,SS,Bulk,450,4.7,1.04,0.03,-24.5,0.08,-364.5,3,3585,0.64,,,,Wang et al. (2019)
Changjiang,Minjiang ,China,Asia,Sanping station 9-2008 Tributary,5,20,2008,31.5,103.58,SS,Bulk,670,4.8,0.71,0.02,-24.1,0.09,-443.9,4.2,4657.7,0.56,,,,Wang et al. (2019)
Changjiang,Minjiang ,China,Asia,Sanping station 10-2008 Tributary,5,28,2008,31.5,103.58,SS,Bulk,350,2.8,0.8,0.02,-23.5,0.1,-414.1,3.7,4238.5,0.59,,,,Wang et al. (2019)
Changjiang,Minjiang ,China,Asia,Sanping station 78 Tributary,8,30,2008,31.5,103.58,SS,Bulk,3350,28.5,0.78,0.02,-22.9,0.08,-394.3,3.4,3970.7,0.61,,,,Wang et al. (2019)
Changjiang,Minjiang ,China,Asia,Sanping station 10-13 Tributary,6,8,2010,31.5,103.58,SS,Bulk,350,2.5,0.73,0.02,-22.1,0.08,-543.3,1.1,6237.9,0.46,,,,Wang et al. (2019)
Changjiang,Minjiang ,China,Asia,Sanping station 5 Tributary,8,19,2009,31.5,103.58,SS,Bulk,2070,23.5,1.17,0.03,-24.3,0.08,-265.3,0.5,2418.8,0.74,,,,Wang et al. (2019)
Changjiang,Minjiang ,China,Asia,Zagunao station 8 Tributary,7,7,2005,31.44,103.17,SS,Bulk,2000,19.8,0.99,0.03,-20.7,0.08,-413.9,3.8,4238.5,0.59,,,,Wang et al. (2019)
Changjiang,Minjiang ,China,Asia,Zagunao station 15 Tributary,10,3,2005,31.44,103.17,SS,Bulk,770,4,0.52,0.02,-19.3,0.15,-731.8,15.3,10517.9,0.27,,,,Wang et al. (2019)
Changjiang,Minjiang ,China,Asia,Zagunao station 16 Tributary,4,1,2006,31.44,103.17,SS,Bulk,1720,9.6,0.56,0.02,-20.8,0.1,-582.8,7.6,6968.6,0.42,,,,Wang et al. (2019)
Changjiang,Minjiang ,China,Asia,Zagunao station 33 Tributary,5,18,2008,31.44,103.17,SS,Bulk,200,1.8,0.91,0.03,-21,0.13,-473.7,4.7,5100,0.53,,,,Wang et al. (2019)
Changjiang,Minjiang ,China,Asia,Zagunao station 35 Tributary,5,25,2009,31.44,103.17,SS,Bulk,380,2.4,0.63,0.02,-19.6,0.16,-612.8,8.7,7563.9,0.39,,,,Wang et al. (2019)
Changjiang,Minjiang ,China,Asia,Zagunao station 36 Tributary,5,27,2010,31.44,103.17,SS,Bulk,780,8.8,1.12,0.03,-22.5,0.09,-265.4,1.9,2418.8,0.74,,,,Wang et al. (2019)
Changjiang,Minjiang ,China,Asia,Zagunao station 50 Tributary,6,28,2005,31.44,103.17,SS,Bulk,570,4.4,0.76,0.02,-22.1,0.1,-523.2,5.8,5896,0.48,,,,Wang et al. (2019)
Changjiang,Minjiang ,China,Asia,Zagunao station 52 Tributary,6,29,2005,31.44,103.17,SS,Bulk,2020,17.5,0.86,0.02,-23.2,0.08,-413.9,3.6,4238.5,0.59,,,,Wang et al. (2019)
Changjiang,Minjiang ,China,Asia,Zagunao station 02 Tributary,6,29,2005,31.44,103.17,SS,Bulk,4520,19.9,0.44,0.01,-22,0.09,-483.4,1.1,5253,0.52,,,,Wang et al. (2019)
Changjiang,Minjiang ,China,Asia,HS12 Tributary,6,6,2006,32.06,103,SS,Bulk,208,3.7,1.77,0.05,-26.2,0.08,-417,3.8,4280.3,0.587,,,,Wang et al. (2019)
Changjiang,Minjiang ,China,Asia,HS15 Tributary,5,24,2007,32.06,103,SS,Bulk,14333.5,142,0.99,0.03,-25.7,0.08,-226.9,0.5,2012,0.778,,,,Wang et al. (2019)
Changjiang,Minjiang ,China,Asia,HS22 Tributary,8,7,2008,32.06,103,SS,Bulk,361.5,2.6,0.73,0.02,-24.3,0.09,-358,3.1,3504.1,0.646,,,,Wang et al. (2019)
Changjiang,Minjiang ,China,Asia,HS24 Tributary,5,9,2009,32.06,103,SS,Bulk,960,10.4,1.08,0.03,-25.2,0.08,-280.4,2.2,2586.2,0.725,,,,Wang et al. (2019)
Changjiang,Minjiang ,China,Asia,HS11-2-j Tributary,6,5,2011,32.06,103,SS,Bulk,703,5.7,0.81,0.02,-25.1,0.08,-277.5,2.1,2552.3,0.728,,,,Wang et al. (2019)
Changjiang,Minjiang ,China,Asia,HS11-8-j Tributary,9,7,2011,32.06,103,SS,Bulk,570.2,5.1,0.89,0.02,-25.5,0.08,-215.1,1.6,1886.5,0.791,,,,Wang et al. (2019)
Changjiang,Minjiang ,China,Asia,SB23 Tributary,5,24,2007,31.83,103.66,SS,Bulk,2255.5,23.7,1.05,0.03,-25.6,0.08,-332.7,2.7,3193.9,0.672,,,,Wang et al. (2019)
Changjiang,Minjiang ,China,Asia,SB26 Tributary,5,24,2007,31.83,103.66,SS,Bulk,6040.5,46.4,0.77,0.02,-24.5,0.08,-380.2,3.4,3786.9,0.624,,,,Wang et al. (2019)
Changjiang,Minjiang ,China,Asia,SB31 Tributary,7,22,2007,31.83,103.66,SS,Bulk,1393,7.1,0.51,0.01,-23.4,0.09,-557.3,6.8,6489.7,0.446,,,,Wang et al. (2019)
Changjiang,Minjiang ,China,Asia,SB40 Tributary,5,13,2008,31.83,103.66,SS,Bulk,360,2.9,0.82,0.02,-24.9,0.08,-359.9,3.1,3527.6,0.645,,,,Wang et al. (2019)
Changjiang,Minjiang ,China,Asia,SB45 Tributary,6,20,2008,31.83,103.66,SS,Bulk,175.5,6.7,3.81,0.1,-25.9,0.08,10.6,-0.1,modern,1.018,,,,Wang et al. (2019)
Changjiang,Minjiang ,China,Asia,ZJG05 Main,7,5,2005,32.29,103.73,SS,Bulk,1374,21.5,1.57,0.04,-26.1,0.08,-227.1,1.6,2016.2,0.778,,,,Wang et al. (2019)
Changjiang,Minjiang ,China,Asia,ZJG20 Main,5,23,2007,32.29,103.73,SS,Bulk,9570.5,102.5,1.07,0.03,-22,0.08,-415.2,3.8,4253.6,0.589,,,,Wang et al. (2019)
Changjiang,Minjiang ,China,Asia,ZJG22 Main,5,24,2007,32.29,103.73,SS,Bulk,38825.5,943,2.43,0.06,-24.9,0.08,-366.3,0.8,3609.5,0.638,,,,Wang et al. (2019)
Changjiang,Minjiang ,China,Asia,ZJG27 Main,5,3,2008,32.29,103.73,SS,Bulk,389.5,5.2,1.33,0.04,-26,0.08,-134.5,0.9,1104,0.872,,,,Wang et al. (2019)
Changjiang,Minjiang ,China,Asia,ZJG29 Main,5,26,2008,32.29,103.73,SS,Bulk,360.5,4.2,1.17,0.03,-24.9,0.08,-205.9,1.5,1795.3,0.8,,,,Wang et al. (2019)
Changjiang,Minjiang ,China,Asia,ZJG44 Main,9,15,2009,32.29,103.73,SS,Bulk,392,4.3,1.1,0.03,-25.9,0.08,-243.8,1.8,2187.1,0.762,,,,Wang et al. (2019)
Changjiang,Minjiang ,China,Asia,ZJG10-43 Main,8,15,2010,32.29,103.73,SS,Bulk,316.9,2,0.63,0.02,-24.6,0.08,-403.2,0.9,4087.9,0.601,,,,Wang et al. (2019)
Changjiang,Minjiang ,China,Asia,ZJG11-5-jj Main,5,31,2011,32.29,103.73,SS,Bulk,2549.9,18.7,0.73,0.02,-25.8,0.08,-255.2,0.5,2307.8,0.75,,,,Wang et al. (2019)
Changjiang,Minjiang ,China,Asia,WZ10-16 Main,4,19,2010,31.45,103.55,SS,Bulk,1469,6.3,0.43,0.01,-23.7,0.08,-425.4,0.9,4392.6,0.579,,,,Wang et al. (2019)
Changjiang,Minjiang ,China,Asia,WZ10-26 Main,5,27,2010,31.45,103.55,SS,Bulk,1567.6,7.9,0.51,0.01,-24.1,0.08,-422.8,0.9,4356.6,0.581,,,,Wang et al. (2019)
Changjiang,Minjiang ,China,Asia,WZ10-37 Main,7,17,2010,31.45,103.55,SS,Bulk,773.2,4.9,0.64,0.02,-24.9,0.08,-369.1,0.8,3642.3,0.635,,,,Wang et al. (2019)
Changjiang,Minjiang ,China,Asia,WZ10-41 Main,7,19,2010,31.45,103.55,SS,Bulk,732.1,6,0.83,0.02,-25.7,0.08,-279,0.6,2569.4,0.726,,,,Wang et al. (2019)
Changjiang,Minjiang ,China,Asia,WZ11-29 Main,7,2,2011,31.45,103.55,SS,Bulk,8094.2,84.8,1.05,0.03,-26.8,0.08,-143.1,0.3,1181.3,0.863,,,,Wang et al. (2019)
Changjiang,Wujiang ,China,Asia,Tributary Wujiang,10,,2009,30.46,108.03,SS,Bulk,8.4,0.3,3.2,,-25.9,,-222.1,,1960,0.783,,,,Wu et al. (2018)
Changjiang,Xiangjiang ,China,Asia,Tributary Xiangjiang,10,,2009,29.22,113.06,SS,Bulk,3,0.3,9.5,,-28.5,,,,,,,,,Wu et al. (2018)
Changjiang,Yalongjiang ,China,Asia,Tributary Yalongjiang,10,,2009,26.54,102.53,SS,Bulk,14,0.2,1.3,,-24.5,,-344.9,,3340,0.66,,,,Wu et al. (2018)
Ganges,Ganges ,Bangladesh,Asia,BGP 7 Ganga-Rajshahi,8,2,1993,24.36,88.61,SS,Bulk,1100,7.8,0.71,0.03,-21.7,0.25,,,,,,,0.36,Galy et al. (2008)
Ganges,Ganges ,Bangladesh,Asia,MO 315 Kali ,8,7,1998,27.9,84.49,SS,Bulk,,,0.27,0.03,-25,0.25,,,,,,,0.23,Galy et al. (2008)
Ganges,Ganges ,India,Asia,BR 104 Ganga-Manihari,6,8,2001,25.32,87.6,PSD,Bulk,3100,13,0.42,0.03,-22.3,0.25,,,,,,,0.21,Galy et al. (2008)
Ganges,Ganges ,India,Asia,BR 105 Ganga-Manihari,6,8,2001,25.32,87.6,PSD,Bulk,,,0.26,0.03,-22.7,0.25,,,,,,,0.16,Galy et al. (2008)
Ganges,Ganges ,India,Asia,BR 107 Ganga-Manihari,6,8,2001,25.3,87.6,PSD,Bulk,2300,12.2,0.53,0.03,-22.7,0.25,,,,,,,0.24,Galy et al. (2008)
Ganges,Ganges ,India,Asia,BR 108 Ganga-Manihari,6,8,2001,25.3,87.6,PSD,Bulk,1200,7.3,0.61,0.03,-22.4,0.25,,,,,,,0.28,Galy et al. (2008)
Ganges,Ganges ,India,Asia,BR 109 Ganga-Manihari,6,8,2001,25.3,87.6,PSD,Bulk,1100,6.3,0.57,0.03,-21.8,0.25,,,,,,,0.29,Galy et al. (2008)
Ganges,Ganges ,Nepal,Asia,PB 82 Trisuli ,7,14,2001,27.81,84.84,SS,Bulk,,,0.52,0.03,-24.4,0.25,,,,,,,0.35,Galy et al. (2008)
Ganges,Ganges ,Bhutan,Asia,BR 59 Siang ,7,28,2001,28.08,95.34,SS,Bulk,,,0.33,0.03,-23.7,0.25,,,,,,,0.25,Galy et al. (2008)
Ganges,Ganges ,India,Asia,BR 61 Subansiri  ,7,28,2001,27.45,94.26,SS,Bulk,,,0.77,0.03,-26.3,0.25,,,,,,,0.27,Galy et al. (2008)
Ganges,Ganges ,India,Asia,BR 63 Jia Bhareli ,7,29,2001,26.81,92.88,SS,Bulk,,,1.16,0.03,-24.5,0.25,,,,,,,0.21,Galy et al. (2008)
Ganges,Ganges ,India,Asia,BR 69 Puthimari  ,7,30,2001,26.37,91.65,SS,Bulk,,,1.5,0.03,-23.6,0.25,,,,,,,0.27,Galy et al. (2008)
Ganges,Ganges ,India,Asia,BR 71 Manas ,7,30,2001,26.5,90.92,SS,Bulk,,,0.45,0.03,-24.5,0.25,,,,,,,0.24,Galy et al. (2008)
Ganges,Ganges ,India,Asia,BR 102 Kosi-Confluence,8,5,2001,25.42,87.23,PSD,Bulk,,,0.14,0.03,-23.5,0.25,,,,,,,0.21,Galy et al. (2008)
Ganges,Ganges ,India,Asia,BR 113 Gandak-Hajipur,8,5,2001,25.69,85.19,PSD,Bulk,1200,7.1,0.59,0.03,-23.9,0.25,,,,,,,0.3,Galy et al. (2008)
Ganges,Ganges ,India,Asia,BR 114 Gandak-Hajipur,8,5,2001,25.69,85.19,PSD,Bulk,,,0.32,0.03,-23.8,0.25,,,,,,,0.26,Galy et al. (2008)
Ganges,Ganges ,India,Asia,BR 118 Ganga-Patna,8,8,2001,25.63,85.15,PSD,Bulk,3100,6.5,0.21,0.03,-22.6,0.25,,,,,,,0.14,Galy et al. (2008)
Ganges,Ganges ,India,Asia,BR 119 Ganga-Patna,8,8,2001,25.63,85.15,PSD,Bulk,1100,5.8,0.53,0.03,-21.9,0.25,,,,,,,0.26,Galy et al. (2008)
Ganges,Ganges ,India,Asia,BR 120 Ganga-Patna,8,8,2001,25.63,85.15,PSD,Bulk,1200,6.7,0.56,0.03,-22.2,0.25,,,,,,,0.24,Galy et al. (2008)
Ganges,Ganges ,India,Asia,BR 121 Ganga-Patna,8,8,2001,25.62,85.15,PSD,Bulk,1100,5.9,0.54,0.03,-22,0.25,,,,,,,0.26,Galy et al. (2008)
Ganges,Ganges ,India,Asia,BR 122 Ganga-Patna,8,8,2001,25.62,85.15,PSD,Bulk,1000,5.6,0.56,0.03,-22.1,0.25,,,,,,,0.27,Galy et al. (2008)
Ganges,Ganges ,India,Asia,BR 125 Ganga-Patna,8,8,2001,25.62,85.15,PSD,Bulk,500,4.8,0.96,0.03,-22,0.25,,,,,,,0.38,Galy et al. (2008)
Ganges,Ganges ,India,Asia,BR 137 Ganga-Varanasi,8,10,2001,25.3,83.01,PSD,Bulk,1500,5.4,0.36,0.03,-21.3,0.25,,,,,,,0.18,Galy et al. (2008)
Ganges,Ganges ,India,Asia,BR 138 Ganga-Varanasi,8,10,2001,25.3,83.01,PSD,Bulk,1100,5.9,0.54,0.03,-21.3,0.25,,,,,,,0.24,Galy et al. (2008)
Ganges,Ganges ,India,Asia,BR 139 Ganga-Varanasi,8,10,2001,25.3,83.01,PSD,Bulk,700,5,0.72,0.03,-21.2,0.25,,,,,,,0.3,Galy et al. (2008)
Ganges,Ganges ,India,Asia,BR 140 Ganga-Varanasi,8,10,2001,25.3,83.01,PSD,Bulk,400,2.9,0.73,0.03,-21.2,0.25,,,,,,,0.31,Galy et al. (2008)
Ganges,Ganges ,Bangladesh,Asia,BR 208* Ganges-Harding Bridge,7,15,2002,24.06,89.03,PSD,Bulk,740,4.6,0.62,0.03,-22.1,0.25,-320,3,3098,0.68,,,0.33,"Galy et al. (2007, 2008), Galy and Eglinton (2011)"
Ganges,Ganges ,Bangladesh,Asia,BR 210* Ganges-Harding Bridge,7,15,2002,24.06,89.03,PSD,Bulk,1250,5.9,0.47,0.03,-22.4,0.25,-372,3,3711.5,0.63,,,0.27,"Galy et al. (2007, 2008), Galy and Eglinton (2011)"
Ganges,Ganges ,Bangladesh,Asia,BR 209 Ganges-Harding bridge,7,16,2002,24.06,89.03,PSD,Bulk,710,4.8,0.67,0.03,-22.3,0.25,,,,,,,0.34,"Galy et al. (2007, 2008)"
Ganges,Ganges ,Bangladesh,Asia,BR 211 Ganges-Harding bridge,7,16,2002,24.06,89.03,PSD,Bulk,750,4.7,0.62,0.03,-22.4,0.25,,,,,,,0.33,"Galy et al. (2007, 2008)"
Ganges,Ganges ,Bangladesh,Asia,BR 212 Ganges-Harding bridge,7,16,2002,24.06,89.03,PSD,Bulk,570,3.8,0.66,0.03,-22,0.25,,,,,,,0.37,"Galy et al. (2007, 2008)"
Ganges,Ganges ,India,Asia,BR 303 Ganga-Patna,7,5,2004,25.62,85.15,PSD,Bulk,200,0.4,0.2,0.03,-26.4,0.25,,,,,,,0.12,Galy et al. (2008)
Ganges,Ganges ,India,Asia,BR 304 Ganga-Patna,7,5,2004,25.62,85.15,PSD,Bulk,200,0.4,0.21,0.03,-26.2,0.25,,,,,,,0.12,Galy et al. (2008)
Ganges,Ganges ,Bangladesh,Asia,BR 411* Ganges-Harding Bridge,7,13,2004,24.02,89.04,PSD,Bulk,2930,6.4,0.22,0.03,-21.4,0.25,-303,3,2865.2,0.7,,,0.2,"Galy et al. (2007, 2008), Galy and Eglinton (2011)"
Ganges,Ganges ,Bangladesh,Asia,BR 412 Ganges-Harding bridge,7,13,2004,24.02,89.04,PSD,Bulk,1480,5.6,0.38,0.03,-21.2,0.25,,,,,,,0.27,"Galy et al. (2007, 2008)"
Ganges,Ganges ,Bangladesh,Asia,BR 413* Ganges-Harding Bridge,7,13,2004,24.02,89.04,PSD,Bulk,1310,5.5,0.42,0.03,-20.6,0.25,-293,5,2751.2,0.71,,,0.28,"Galy et al. (2007, 2008), Galy and Eglinton (2011)"
Ganges,Ganges ,Bangladesh,Asia,BR 414* Ganges-Harding Bridge,7,13,2004,24.02,89.04,PSD,Bulk,1020,4.7,0.46,0.03,-20.9,0.25,-264,5,2418.8,0.74,,,0.32,"Galy et al. (2007, 2008), Galy and Eglinton (2011)"
Ganges,Ganges ,Bangladesh,Asia,BR 415* Ganges-Harding Bridge,7,13,2004,24.02,89.03,PSD,Bulk,770,4.1,0.53,0.03,-21.1,0.25,-269,3,2418.8,0.74,,,0.37,"Galy et al. (2007, 2008), Galy and Eglinton (2011)"
Ganges,Ganges ,Bangladesh,Asia,PB 2 Narayani-Jomsom,7,5,2005,,,SS,Bulk,,,0.5,0.03,,,-927,1,21361.8,0.07,,,,Galy and Eglinton (2011)
Ganges,Ganges ,Nepal,Asia,PB 41 Narayani-Beni,7,10,2005,27.7,84.43,SS,Bulk,,,0.33,0.03,,,-800,9,12928.6,0.2,,,,Galy and Eglinton (2011)
Ganges,Ganges ,Nepal,Asia,PB 60* Narayani-Beni,7,10,2005,27.7,84.43,SS,Bulk,,,0.34,0.03,-24.5,0.25,-612,6,7563.9,0.39,,,0.26,"Galy et al. (2008), Galy and Eglinton (2011)"
Ganges,Ganges ,Nepal,Asia,PB 54* Narayani-Beni,7,11,2005,27.7,84.43,PSD,Bulk,10200,18.4,0.18,0.03,-24.2,0.25,-675,4,8905.9,0.33,,,0.18,"Galy et al. (2008), Galy and Eglinton (2011)"
Ganges,Ganges ,Nepal,Asia,PB 56* Narayani-Beni,7,11,2005,27.7,84.43,PSD,Bulk,5600,11.8,0.21,0.03,-24.3,0.25,-634,4,7986.8,0.37,,,0.21,"Galy et al. (2008), Galy and Eglinton (2011)"
Ganges,Ganges ,Nepal,Asia,PB 58* Narayani-Beni,7,11,2005,27.7,84.43,PSD,Bulk,2900,9.6,0.33,0.03,-23.9,0.25,-616,6,7563.9,0.39,,,0.3,"Galy et al. (2008), Galy and Eglinton (2011)"
Ganges,Ganges ,India,Asia,PB 61 Kali-Confluence,7,11,2005,27.74,84.42,SS,Bulk,4400,14.5,0.33,0.03,-24.9,0.25,,,,,,,0.23,Galy et al. (2008)
Ganges,Ganges ,Nepal,Asia,PB 66 Kosi-Chatra,7,13,2005,26.85,87.15,PSD,Bulk,3400,11.9,0.35,0.03,-25.4,0.25,,,,,,,0.29,Galy et al. (2008)
Ganges,Ganges ,Nepal,Asia,PB 67 Kosi-Chatra,7,13,2005,26.85,87.15,PSD,Bulk,2800,11.2,0.4,0.03,-25.4,0.25,,,,,,,0.32,Galy et al. (2008)
Ganges,Ganges ,India,Asia,PB 72 Karnala Nadi-Highway bg.,7,13,2005,26.88,86.14,SS,Bulk,1100,9.1,0.83,0.03,-25.5,0.25,,,,,,,0.33,Galy et al. (2008)
Ganges,Ganges ,India,Asia,PB 73 Karnala Nadi-Highway bg.,7,13,2005,26.88,86.14,SS,Bulk,5300,10.6,0.2,0.03,-25.6,0.25,,,,,,,0.1,Galy et al. (2008)
Ganges,Ganges ,Nepal,Asia,PB 76 Rapti-Bahlubang,7,14,2005,27.84,82.54,SS,Bulk,2600,7,0.27,0.03,-24.4,0.25,,,,,,,0.21,Galy et al. (2008)
Ganges,Ganges ,Nepal,Asia,LO 753* Karnali-Chisapani,7,15,2005,28.64,81.28,SS,Bulk,,,0.38,0.03,-25.4,0.25,-227,4,1995.9,0.78,,,,Galy and Eglinton (2011)
Ganges,Ganges ,Nepal,Asia,PB 65* Kosi-Chatara,7,15,2005,26.85,87.15,PSD,Bulk,5700,18.2,0.32,0.03,-25.2,0.25,-238,5,2099.5,0.77,,,0.29,"Galy et al. (2008), Galy and Eglinton (2011)"
Ganges,Ganges ,Nepal,Asia,PB 68* Kosi-Chatara,7,15,2005,26.85,87.15,PSD,Bulk,2600,10.9,0.42,0.03,-25.5,0.25,-191,6,1692.7,0.81,,,0.31,"Galy et al. (2008), Galy and Eglinton (2011)"
Ganges,Ganges ,Nepal,Asia,PB 69* Kosi-Chatara,7,15,2005,26.85,87.15,SS,Bulk,,,0.35,0.03,-25.1,0.25,-167,6,1400.6,0.84,,,,Galy and Eglinton (2011)
Ganges,Ganges ,Nepal,Asia,PB 79* Karnali-Chisapani,7,15,2005,28.64,81.28,SS,Bulk,1300,5.3,0.41,0.03,-25.6,0.25,-180,5,1496.8,0.83,,,0.2,"Galy et al. (2008), Galy and Eglinton (2011)"
Ganges,Ganges ,Bangladesh,Asia,BR 511 Ganges-Harding bridge,7,23,2005,24.04,89.04,PSD,Bulk,2440,7.8,0.32,0.03,-21.4,0.25,,,,,,,0.23,"Galy et al. (2007, 2008)"
Ganges,Ganges ,Bangladesh,Asia,BR 512 Ganges-Harding bridge,7,23,2005,24.04,89.03,PSD,Bulk,1810,7.6,0.42,0.03,-21,0.25,,,,,,,0.26,"Galy et al. (2007, 2008)"
Ganges,Ganges ,Bangladesh,Asia,BR 513 Ganges-Harding bridge,7,23,2005,24.04,89.03,PSD,Bulk,1710,7.7,0.45,0.03,-21,0.25,,,,,,,0.27,"Galy et al. (2007, 2008)"
Ganges,Ganges ,Bangladesh,Asia,BR 514 Ganges-Harding bridge,7,23,2005,24.04,89.03,PSD,Bulk,1420,8.1,0.57,0.03,-20.6,0.25,,,,,,,0.31,"Galy et al. (2007, 2008)"
Ganges,Ganges ,Bangladesh,Asia,BR 515 Ganges-Harding bridge,7,23,2005,24.04,89.03,PSD,Bulk,940,6.7,0.71,0.03,-20.7,0.25,,,,,,,0.36,"Galy et al. (2007, 2008)"
Ganges,Ganges ,Bangladesh,Asia,BR 517 Ganges-Harding bridge,7,23,2005,24.04,89.04,PSD,Bulk,1810,8.5,0.47,0.03,-20.8,0.25,,,,,,,0.27,"Galy et al. (2007, 2008)"
Ganges,Ganges ,Bangladesh,Asia,BR 518 Ganges-Harding bridge,7,23,2005,24.04,89.04,PSD,Bulk,1530,8.1,0.53,0.03,-20.9,0.25,,,,,,,0.3,"Galy et al. (2007, 2008)"
Ganges,Ganges ,Bangladesh,Asia,BR 519 Ganges-Harding bridge,7,23,2005,24.04,89.04,PSD,Bulk,660,5.4,0.82,0.03,-20.8,0.25,,,,,,,0.39,"Galy et al. (2007, 2008)"
Ganges,Ganges ,Bangladesh,Asia,BR 522* Ganges-Harding Bridge,7,23,2005,24.03,89.04,SS,Bulk,,,0.7,0.03,-20,0.25,-226,3,1995.9,0.78,,,0.38,"Galy et al. (2007, 2008), Galy and Eglinton (2011)"
Ganges,Ganges ,Nepal,Asia,PB 55 Narayani-Narayanghat,11,7,2005,27.7,84.43,PSD,Bulk,9100,18.2,0.2,0.03,-24.3,0.25,,,,,,,0.2,Galy et al. (2008)
Ganges,Ganges ,Nepal,Asia,PB 57 Narayani-Narayanghat,11,7,2005,27.7,84.43,PSD,Bulk,4800,11.5,0.24,0.03,-24.3,0.25,,,,,,,0.22,Galy et al. (2008)
Ganges,Ganges ,Nepal,Asia,LO 742* Narayani-Narayanghat,8,8,2007,26.85,87.15,SS,Bulk,,,0.39,0.03,-23.9,0.25,-690,2,9408.1,0.31,,,,Galy and Eglinton (2011)
Ganges,Ganges ,Nepal,Asia,LO 757 Narayani-Narayanghat,8,8,2007,26.85,87.15,PSD,Bulk,,,0.28,0.03,-24.4,0.25,-515,14,5730.3,0.49,,,,Galy and Eglinton (2011)
Ganges,Ganges ,Nepal,Asia,LO 754 Narayani-Narayanghat,8,12,2007,26.85,87.15,PSD,Bulk,,,0.22,0.03,-23.9,0.25,-569,9,6779.6,0.43,,,,Galy and Eglinton (2011)
Ganges,Ganges ,Nepal,Asia,LO 755 Narayani-Narayanghat,8,12,2007,26.85,87.15,PSD,Bulk,,,0.3,0.03,-24,0.25,-523,9,5896,0.48,,,,Galy and Eglinton (2011)
Ganges,Ganges ,Nepal,Asia,LO 756 Narayani-Narayanghat,8,12,2007,26.85,87.15,PSD,Bulk,,,0.21,0.03,-24,0.25,-551,7,6414.4,0.45,,,,Galy and Eglinton (2011)
Ganges,Ganges ,Nepal,Asia,LO 748 Karnali-Kotillaghat,8,16,2007,28.64,81.28,PSD,Bulk,,,0.27,0.03,-25.9,0.25,-303,9,2865.2,0.7,,,,Galy and Eglinton (2011)
Ganges,Ganges ,Nepal,Asia,LO 749 Karnali-Kotillaghat,8,16,2007,28.64,81.28,PSD,Bulk,,,0.28,0.03,-26.5,0.25,-249,9,2204.6,0.76,,,,Galy and Eglinton (2011)
Ganges,Ganges ,Nepal,Asia,LO 750 Karnali-Kotillaghat,8,16,2007,28.64,81.28,PSD,Bulk,,,0.33,0.03,-25.8,0.25,-278,11,2528.1,0.73,,,,Galy and Eglinton (2011)
Ganges,Ganges ,Nepal,Asia,LO 762 Kosi-Chatara,8,16,2007,26.85,87.15,SS,Bulk,,,0.42,0.03,-25.5,0.25,-293,7,2751.2,0.71,,,,Galy and Eglinton (2011)
Ganges,Ganges ,Nepal,Asia,LO 765* Kosi-Chatara,8,16,2007,26.85,87.15,SS,Bulk,,,0.34,0.03,-26,0.25,-195,4,1692.7,0.81,,,,Galy and Eglinton (2011)
Ganges,Ganges ,Bangladesh,Asia,BR 711* Ganges-Harding Bridge,8,17,2007,24.04,89.04,SS,Bulk,,,0.55,0.02,,,-224,4,1995.9,0.78,,,,Galy and Eglinton (2011)
Ganges,Ganges ,Bangladesh,Asia,BR 713 Ganges-Harding Bridge,8,17,2007,24.04,89.04,PSD,Bulk,,,0.25,0.03,,,-207,3,1792.5,0.8,,,,Galy and Eglinton (2011)
Ganges,Ganges ,Bangladesh,Asia,BR 714 Ganges-Harding Bridge,8,17,2007,24.04,89.04,PSD,Bulk,,,0.23,0.03,,,-188,4,1594.2,0.82,,,,Galy and Eglinton (2011)
Ganges,Ganges ,Bangladesh,Asia,BR 715 Ganges-Harding Bridge,8,17,2007,24.04,89.04,PSD,Bulk,,,0.35,0.03,,,-233,10,2099.5,0.77,,,,Galy and Eglinton (2011)
Ganges,Ganges ,Bangladesh,Asia,BR 716 Ganges-Harding Bridge,8,17,2007,24.04,89.04,PSD,Bulk,,,0.59,0.03,,,-247,5,2204.6,0.76,,,,Galy and Eglinton (2011)
Ganges,Ganges ,Bangladesh,Asia,BR 718 C Ganges-Harding Bridge,8,17,2007,24.04,89.04,SS,Bulk,,,0.11,0.02,,,-391,5,3970.7,0.61,,,,Galy and Eglinton (2011)
Ganges,Ganges ,Bangladesh,Asia,BGP 7-Ganga,8,,1996,,,PSD,Bulk,1128,7.1,0.63,0.06,-21.7,0.1,,,,,0.05,11.9,0.18,Aucour et al. (2006)
Ganges,Ganges ,Nepal,Asia,MO 301 Trisuli-Benighat,,,,,,SS,Bulk,,,0.31,0.03,-24.7,0.25,,,,,,,0.29,Galy et al. (2008)
Ganges,Ganges ,Bangladesh,Asia,MO 305 Seti ,,,,,,SS,Bulk,,,0.2,0.03,-22.4,0.25,,,,,,,0.28,Galy et al. (2008)
Ganges,Ganges ,Nepal,Asia,MO 331 Narayani-Narayanghat,,,,,,SS,Bulk,,,0.22,0.03,-24.4,0.25,,,,,,,0.23,Galy et al. (2008)
Ganges,Ganges ,Bangladesh,Asia,Harding Bridge,,,2007,24.05,89.03,SS,Bulk,,,,,-21.7,,-224,,1981,0.781,,,,Eglinton et al. (2021)
Ganges,Ganges ,Bangladesh,Asia,Padma-Mawa,,,2007,23.46,90.25,SS,Bulk,,,,,-22.9,,-340.7,,3291,0.664,,,,Eglinton et al. (2021)
Ganges,Narayani,Nepal,Asia,Narayani,6,17,2010,27.9,84.49,SS,Bulk,820.9,6.9,0.84,0.01,-24.2,0.17,-188.6,6.9,3711.5,0.817,,,,Märki et al. (2021)
Ganges,Narayani,Nepal,Asia,Narayani,6,28,2010,28.05,84.08,SS,Bulk,4302.2,26.2,0.61,0.01,-24.4,0.17,-198.4,7.4,3712.5,0.807,,,,Märki et al. (2021)
Ganges,Narayani,Nepal,Asia,Narayani,7,2,2010,27.69,84.4,SS,Bulk,3758.3,14.8,0.4,0.01,-23.9,0.17,-327.8,14.5,3713.5,0.677,,,,Märki et al. (2021)
Ganges,Narayani,Nepal,Asia,Narayani,7,7,2010,27.7,84.42,SS,Bulk,2289.9,6.6,0.29,0.01,-24.7,0.17,-421.8,21.7,3714.5,0.582,,,,Märki et al. (2021)
Ganges,Narayani,Nepal,Asia,Narayani,7,13,2010,27.7,84.42,SS,Bulk,1939.2,5,0.26,0.01,-24.4,0.17,-570,39.5,3715.5,0.433,,,,Märki et al. (2021)
Ganges,Narayani,Nepal,Asia,Narayani,7,19,2010,27.7,84.42,SS,Bulk,3624.9,9.3,0.26,0.01,-25.1,0.17,-654.3,56.4,3716.5,0.348,,,,Märki et al. (2021)
Ganges,Narayani,Nepal,Asia,Narayani,7,31,2010,27.7,84.42,SS,Bulk,8038.3,15.9,0.2,0.01,-24.7,0.17,-552.5,36.8,3717.5,0.451,,,,Märki et al. (2021)
Ganges,Narayani,Nepal,Asia,Narayani,8,4,2010,27.7,84.42,SS,Bulk,2026.3,1.8,0.09,0.01,-26.2,0.17,-663.7,58.8,3718.5,0.339,,,,Märki et al. (2021)
Ganges,Narayani,Nepal,Asia,Narayani,8,8,2010,27.7,84.42,SS,Bulk,1376.7,5.2,0.37,0.01,-25.3,0.17,-488.4,28.4,3719.5,0.515,,,,Märki et al. (2021)
Ganges,Narayani,Nepal,Asia,Narayani,8,12,2010,27.7,84.42,SS,Bulk,1928,4.2,0.22,0.01,-25.1,0.17,-569.6,39.4,3720.5,0.434,,,,Märki et al. (2021)
Ganges,Narayani,Nepal,Asia,Narayani,8,16,2010,27.7,84.42,SS,Bulk,3066.4,9.9,0.32,0.01,-25.1,0.17,-453.6,24.7,3721.5,0.55,,,,Märki et al. (2021)
Ganges,Narayani,Nepal,Asia,Narayani,8,20,2010,27.7,84.42,SS,Bulk,3615.4,12,0.33,0.01,-24.5,0.17,-500.8,29.9,3722.5,0.503,,,,Märki et al. (2021)
Ganges,Narayani,Nepal,Asia,Narayani,8,24,2010,27.7,84.42,SS,Bulk,4090,11.7,0.29,0.01,-24.9,0.17,-598,44.3,3723.5,0.405,,,,Märki et al. (2021)
Ganges,Narayani,Nepal,Asia,Narayani,8,28,2010,27.7,84.42,SS,Bulk,3600.7,7.4,0.21,0.01,-25,0.17,-566.1,38.9,3724.5,0.437,,,,Märki et al. (2021)
Ganges,Narayani,Nepal,Asia,Narayani,9,1,2010,27.7,84.42,SS,Bulk,2126.6,5.2,0.24,0.01,-24.3,0.17,-695.9,68.2,3725.5,0.306,,,,Märki et al. (2021)
Ganges,Narayani,Nepal,Asia,Narayani,9,5,2010,27.7,84.42,SS,Bulk,1661.1,5.4,0.33,0.01,-25.2,0.17,-713.7,74.2,3726.5,0.288,,,,Märki et al. (2021)
Ganges,Narayani,Nepal,Asia,Narayani,9,8,2010,27.7,84.42,SS,Bulk,2417.6,7.8,0.32,0.01,-24.9,0.17,-384.6,18.6,3727.5,0.62,,,,Märki et al. (2021)
Ganges,Narayani,Nepal,Asia,Narayani,9,13,2010,27.7,84.42,SS,Bulk,3721.5,9,0.24,0.01,-25.7,0.17,-441.8,23.6,3728.5,0.562,,,,Märki et al. (2021)
Ganges,Narayani,Nepal,Asia,Narayani,9,18,2010,27.7,84.42,SS,Bulk,1553.6,4.1,0.27,0.01,-25.2,0.17,-372.6,17.7,3729.5,0.632,,,,Märki et al. (2021)
Ganges,Narayani,Nepal,Asia,Narayani,9,23,2010,27.7,84.42,SS,Bulk,554,1.3,0.24,0.01,-24.8,0.17,-596,43.9,3730.5,0.407,,,,Märki et al. (2021)
Ganges,Narayani,Nepal,Asia,Narayani,6,2,2015,27.73,84.43,SS,Bulk,260.7,1.6,0.63,0.01,-24.8,0.17,-669.6,60.3,3731.5,0.333,,,,Märki et al. (2021)
Ganges,Narayani,Nepal,Asia,Narayani,6,4,2015,27.73,84.43,SS,Bulk,598.4,4.3,0.72,0.01,-23.6,0.17,-439.4,23.3,3732.5,0.565,,,,Märki et al. (2021)
Ganges,Narayani,Nepal,Asia,Narayani,6,6,2015,27.73,84.43,SS,Bulk,343.3,1.8,0.52,0.01,-24.4,0.17,-616,47.8,3733.5,0.387,,,,Märki et al. (2021)
Ganges,Narayani,Nepal,Asia,Narayani,6,8,2015,27.73,84.43,SS,Bulk,573.6,1.3,0.22,0.01,-23.7,0.17,-516.8,31.8,3734.5,0.487,,,,Märki et al. (2021)
Ganges,Narayani,Nepal,Asia,Narayani,6,12,2015,27.73,84.43,SS,Bulk,1720.2,7.7,0.45,0.01,-24.3,0.17,-460.9,25.4,3735.5,0.543,,,,Märki et al. (2021)
Ganges,Narayani,Nepal,Asia,Narayani,6,13,2015,27.73,84.43,SS,Bulk,2656.9,26.3,0.99,0.01,-25,0.17,-125.7,4.3,3736.5,0.881,,,,Märki et al. (2021)
Ganges,Narayani,Nepal,Asia,Narayani,6,16,2015,27.73,84.43,SS,Bulk,412.4,3,0.73,0.01,-25.6,0.17,-369,17.4,3737.5,0.636,,,,Märki et al. (2021)
Ganges,Narayani,Nepal,Asia,Narayani,6,19,2015,27.73,84.43,SS,Bulk,2162.3,8.9,0.41,0.01,-25.5,0.17,-260.8,10.5,3738.5,0.745,,,,Märki et al. (2021)
Ganges,Narayani,Nepal,Asia,Narayani,6,22,2015,27.73,84.43,SS,Bulk,2293.1,8,0.35,0.01,-25.7,0.17,-328.3,14.5,3739.5,0.677,,,,Märki et al. (2021)
Ganges,Narayani,Nepal,Asia,Narayani,6,24,2015,27.73,84.43,SS,Bulk,2427.6,13.7,0.57,0.01,-25.1,0.17,-215.3,8.2,3740.5,0.791,,,,Märki et al. (2021)
Ganges,Narayani,Nepal,Asia,Narayani,6,26,2015,27.73,84.43,SS,Bulk,1544,5.7,0.37,0.01,-24.9,0.17,-440.4,23.4,3741.5,0.564,,,,Märki et al. (2021)
Ganges,Narayani,Nepal,Asia,Narayani,6,28,2015,27.73,84.43,SS,Bulk,2416.3,6.5,0.27,0.01,-24.7,0.17,-380.9,18.3,3742.5,0.624,,,,Märki et al. (2021)
Ganges,Narayani,Nepal,Asia,Narayani,6,29,2015,27.73,84.43,SS,Bulk,16193.5,69.6,0.43,0.01,-24.1,0.17,-321.9,14.1,3743.5,0.684,,,,Märki et al. (2021)
Ganges,Narayani,Nepal,Asia,Narayani,6,30,2015,27.73,84.43,SS,Bulk,7279.2,10.9,0.15,0.01,-24,0.17,-517.8,32,3744.5,0.486,,,,Märki et al. (2021)
Ganges,Narayani,Nepal,Asia,Narayani,7,1,2015,27.73,84.43,SS,Bulk,3759.7,17.7,0.47,0.01,-24.2,0.17,-711.3,73.3,3745.5,0.291,,,,Märki et al. (2021)
Ganges,Narayani,Nepal,Asia,Narayani,7,4,2015,27.73,84.43,SS,Bulk,4905.1,6.9,0.14,0.01,-23.8,0.17,-574.4,40.2,3746.5,0.429,,,,Märki et al. (2021)
Ganges,Narayani,Nepal,Asia,Narayani,7,8,2015,27.73,84.43,SS,Bulk,2125,5.9,0.28,0.01,-25.5,0.17,-443.4,23.7,3747.5,0.561,,,,Märki et al. (2021)
Ganges,Narayani,Nepal,Asia,Narayani,7,13,2015,27.73,84.43,SS,Bulk,1893.5,4.2,0.22,0.01,-24.3,0.17,-636.9,52.2,3748.5,0.366,,,,Märki et al. (2021)
Ganges,Narayani,Nepal,Asia,Narayani,7,15,2015,27.73,84.43,SS,Bulk,1219.4,3,0.25,0.01,-24.6,0.17,-665.6,59.3,3749.5,0.337,,,,Märki et al. (2021)
Ganges,Narayani,Nepal,Asia,Narayani,7,17,2015,27.73,84.43,SS,Bulk,3359,18.5,0.55,0.01,-26.2,0.17,-285.6,11.9,3750.5,0.72,,,,Märki et al. (2021)
Ganges,Narayani,Nepal,Asia,Narayani,7,21,2015,27.73,84.43,SS,Bulk,1178.2,3.7,0.31,0.01,-25.9,0.17,-412.6,20.9,3751.5,0.592,,,,Märki et al. (2021)
Ganges,Narayani,Nepal,Asia,Narayani,7,24,2015,27.73,84.43,SS,Bulk,1293.9,7.6,0.59,0.01,-24.5,0.17,-227.1,8.7,3752.5,0.779,,,,Märki et al. (2021)
Ganges,Narayani,Nepal,Asia,Narayani,7,26,2015,27.73,84.43,SS,Bulk,1736.2,8.7,0.5,0.01,-24.5,0.17,-226.1,8.7,3753.5,0.78,,,,Märki et al. (2021)
Ganges,Narayani,Nepal,Asia,Narayani,7,29,2015,27.73,84.43,SS,Bulk,1098.7,4.4,0.4,0.01,-26.2,0.17,-321.4,14.1,3754.5,0.684,,,,Märki et al. (2021)
Ganges,Narayani,Nepal,Asia,Narayani,8,2,2015,27.73,84.43,SS,Bulk,2131,5.5,0.26,0.01,-25.3,0.17,-469.2,26.3,3755.5,0.535,,,,Märki et al. (2021)
Ganges,Narayani,Nepal,Asia,Narayani,8,5,2015,27.73,84.43,SS,Bulk,891,5.9,0.66,0.01,-25.6,0.17,-332.3,14.8,3756.5,0.673,,,,Märki et al. (2021)
Ganges,Narayani,Nepal,Asia,Narayani,8,10,2015,27.73,84.43,SS,Bulk,991.5,3.9,0.39,0.01,-24.5,0.17,-732.5,81.5,3757.5,0.27,,,,Märki et al. (2021)
Ganges,Narayani,Nepal,Asia,Narayani,8,12,2015,27.73,84.43,SS,Bulk,1830.5,8.4,0.46,0.01,-25.6,0.17,-280.7,11.6,3758.5,0.725,,,,Märki et al. (2021)
Ganges,Narayani,Nepal,Asia,Narayani,8,22,2015,27.73,84.43,SS,Bulk,2957.5,6.8,0.23,0.01,-24.6,0.17,-464.2,25.8,3759.5,0.54,,,,Märki et al. (2021)
Ganges,Narayani,Nepal,Asia,Narayani,8,24,2015,27.73,84.43,SS,Bulk,1906.5,4.2,0.22,0.01,-25,0.17,-396.8,19.6,3760.5,0.608,,,,Märki et al. (2021)
Ganges,Narayani,Nepal,Asia,Narayani,8,26,2015,27.73,84.43,SS,Bulk,1247.2,3.4,0.27,0.01,-26.1,0.17,-403.7,20.2,3761.5,0.601,,,,Märki et al. (2021)
Ganges,Narayani,Nepal,Asia,Narayani,8,28,2015,27.73,84.43,SS,Bulk,973.4,2.6,0.27,0.01,-25.4,0.17,-420.6,21.6,3762.5,0.584,,,,Märki et al. (2021)
Ganges,Narayani,Nepal,Asia,Narayani,8,30,2015,27.73,84.43,SS,Bulk,1171.1,3.7,0.32,0.01,-25.7,0.17,-422.6,21.8,3763.5,0.582,,,,Märki et al. (2021)
Ganges,Narayani,Nepal,Asia,Narayani,9,3,2015,27.73,84.43,SS,Bulk,1393,4.9,0.35,0.01,-26.2,0.17,-307.5,13.2,3764.5,0.698,,,,Märki et al. (2021)
Ganges,Narayani,Nepal,Asia,Narayani,9,6,2015,27.73,84.43,SS,Bulk,973.5,3,0.31,0.01,-25.8,0.17,-408.7,20.6,3765.5,0.596,,,,Märki et al. (2021)
Ganges,Narayani,Nepal,Asia,Narayani,9,9,2015,27.73,84.43,SS,Bulk,413.5,1.7,0.4,0.01,-25.5,0.17,-532.7,33.9,3766.5,0.471,,,,Märki et al. (2021)
Ganges,Narayani,Nepal,Asia,Narayani,9,18,2015,27.73,84.43,SS,Bulk,352,1.2,0.35,0.01,-26.4,0.17,-482.1,27.7,3767.5,0.522,,,,Märki et al. (2021)
Ganges,Narayani,Nepal,Asia,Narayani,9,20,2015,27.73,84.43,SS,Bulk,929.7,2.4,0.26,0.01,-25.5,0.17,-474.2,26.8,3768.5,0.53,,,,Märki et al. (2021)
Ganges,Narayani,Nepal,Asia,Narayani,9,22,2015,27.73,84.43,SS,Bulk,1550.5,4.7,0.3,0.01,-26.2,0.17,-338.2,15.2,3769.5,0.667,,,,Märki et al. (2021)
Ganges,Narayani,Nepal,Asia,Narayani,9,25,2015,27.73,84.43,SS,Bulk,894.8,3.8,0.43,0.01,-26.8,0.17,-324.3,14.3,3770.5,0.681,,,,Märki et al. (2021)
Ganges,Narayani,Nepal,Asia,Narayani,9,28,2015,27.73,84.43,SS,Bulk,660.5,1.7,0.26,0.01,-25.4,0.17,-550.5,36.5,3771.5,0.453,,,,Märki et al. (2021)
Ganges,Narayani,Nepal,Asia,Narayani,6,19,2016,27.73,84.43,SS,Bulk,2465,9.6,0.39,0.01,-24.9,0.17,-277.9,11.5,3772.5,0.728,,,,Märki et al. (2021)
Ganges,Narayani,Nepal,Asia,Narayani,6,21,2016,27.73,84.43,SS,Bulk,2640,10.8,0.41,0.01,-24.7,0.17,-281.8,11.7,3773.5,0.724,,,,Märki et al. (2021)
Ganges,Narayani,Nepal,Asia,Narayani,6,23,2016,27.73,84.43,SS,Bulk,3000,8.1,0.27,0.01,-24.3,0.17,-411.2,20.8,3774.5,0.594,,,,Märki et al. (2021)
Ganges,Narayani,Nepal,Asia,Narayani,6,25,2016,27.73,84.43,SS,Bulk,2295,7.1,0.31,0.01,-25,0.17,-372.4,17.7,3775.5,0.633,,,,Märki et al. (2021)
Ganges,Narayani,Nepal,Asia,Narayani,6,27,2016,27.73,84.43,SS,Bulk,3220,8.4,0.26,0.01,-26.1,0.17,-329.5,14.6,3776.5,0.676,,,,Märki et al. (2021)
Ganges,Narayani,Nepal,Asia,Narayani,7,1,2016,27.73,84.43,SS,Bulk,5330,17.1,0.32,0.01,-24.8,0.17,-382.1,18.4,3777.5,0.623,,,,Märki et al. (2021)
Ganges,Narayani,Nepal,Asia,Narayani,7,3,2016,27.73,84.43,SS,Bulk,3415,7.2,0.21,0.01,-24.7,0.17,-465.2,25.9,3778.5,0.539,,,,Märki et al. (2021)
Ganges,Narayani,Nepal,Asia,Narayani,7,5,2016,27.73,84.43,SS,Bulk,7015,26,0.37,0.01,-25.8,0.17,-204.1,7.6,3779.5,0.802,,,,Märki et al. (2021)
Ganges,Narayani,Nepal,Asia,Narayani,7,7,2016,27.73,84.43,SS,Bulk,6195,13,0.21,0.01,-24,0.17,-495.5,29.2,3780.5,0.509,,,,Märki et al. (2021)
Ganges,Narayani,Nepal,Asia,Narayani,7,9,2016,27.73,84.43,SS,Bulk,7885,21.3,0.27,0.01,-25.5,0.17,-370.8,17.5,3781.5,0.634,,,,Märki et al. (2021)
Ganges,Narayani,Nepal,Asia,Narayani,7,13,2016,27.73,84.43,SS,Bulk,5280,11.1,0.21,0.01,-24.5,0.17,-464.4,25.8,3782.5,0.54,,,,Märki et al. (2021)
Ganges,Narayani,Nepal,Asia,Narayani,7,15,2016,27.73,84.43,SS,Bulk,8050,15.3,0.19,0.01,-23.4,0.17,-706.6,71.7,3783.5,0.296,,,,Märki et al. (2021)
Ganges,Narayani,Nepal,Asia,Narayani,7,17,2016,27.73,84.43,SS,Bulk,12160,23.1,0.19,0.01,-25.2,0.17,-412.2,20.9,3784.5,0.593,,,,Märki et al. (2021)
Ganges,Narayani,Nepal,Asia,Narayani,7,19,2016,27.73,84.43,SS,Bulk,9040,11.8,0.13,0.01,-25.1,0.17,-647.1,54.6,3785.5,0.356,,,,Märki et al. (2021)
Ganges,Narayani,Nepal,Asia,Narayani,7,21,2016,27.73,84.43,SS,Bulk,7335,9.5,0.13,0.01,-24.8,0.17,-556.3,37.3,3786.5,0.447,,,,Märki et al. (2021)
Ganges,Narayani,Nepal,Asia,Narayani,7,23,2016,27.73,84.43,SS,Bulk,6085,8.5,0.14,0.01,-24.4,0.17,-562.3,38.2,3787.5,0.441,,,,Märki et al. (2021)
Ganges,Narayani,Nepal,Asia,Narayani,7,25,2016,27.73,84.43,SS,Bulk,6145,9.2,0.15,0.01,-26,0.17,-467.6,26.1,3788.5,0.537,,,,Märki et al. (2021)
Ganges,Narayani,Nepal,Asia,Narayani,7,29,2016,27.73,84.43,SS,Bulk,7655,14.5,0.19,0.01,-25.4,0.17,-405.2,20.3,3789.5,0.6,,,,Märki et al. (2021)
Ganges,Narayani,Nepal,Asia,Narayani,7,31,2016,27.73,84.43,SS,Bulk,6780,8.1,0.12,0.01,-25.7,0.17,-715.4,74.8,3790.5,0.287,,,,Märki et al. (2021)
Ganges,Narayani,Nepal,Asia,Narayani,8,2,2016,27.73,84.43,SS,Bulk,8160,24.5,0.3,0.01,-24.5,0.17,-662.9,58.5,3791.5,0.34,,,,Märki et al. (2021)
Ganges,Narayani,Nepal,Asia,Narayani,8,28,2016,27.73,84.43,SS,Bulk,1005,1.7,0.17,0.01,-24.5,0.17,-572.9,39.9,3792.5,0.431,,,,Märki et al. (2021)
Ganges,Narayani,Nepal,Asia,Narayani,8,30,2016,27.73,84.43,SS,Bulk,2325,4.2,0.18,0.01,-24.9,0.17,-387.5,18.8,3793.5,0.617,,,,Märki et al. (2021)
Ganges,Narayani,Nepal,Asia,Narayani,9,1,2016,27.73,84.43,SS,Bulk,4495,10.3,0.23,0.01,-25,0.17,-458.6,25.2,3794.5,0.546,,,,Märki et al. (2021)
Ganges,Narayani,Nepal,Asia,Narayani,9,3,2016,27.73,84.43,SS,Bulk,14600,45.3,0.31,0.01,-26.4,0.17,-226.9,8.7,3795.5,0.779,,,,Märki et al. (2021)
Ganges,Narayani,Nepal,Asia,Narayani,9,7,2016,27.73,84.43,SS,Bulk,5985,13.8,0.23,0.01,-25.3,0.17,-728.8,80,3796.5,0.273,,,,Märki et al. (2021)
Ganges,Narayani,Nepal,Asia,Narayani,9,9,2016,27.73,84.43,SS,Bulk,3480,5.6,0.16,0.01,-26.2,0.17,-475.3,27,3797.5,0.529,,,,Märki et al. (2021)
Ganges,Narayani,Nepal,Asia,Narayani,9,11,2016,27.73,84.43,SS,Bulk,5175,6.7,0.13,0.01,-26.2,0.17,-502.8,30.1,3798.5,0.501,,,,Märki et al. (2021)
Ganges,Narayani,Nepal,Asia,Narayani,9,13,2016,27.73,84.43,SS,Bulk,2490,3.5,0.14,0.01,-25.7,0.17,-543.2,35.4,3799.5,0.461,,,,Märki et al. (2021)
Ganges,Narayani,Nepal,Asia,Narayani,9,15,2016,27.73,84.43,SS,Bulk,2320,7.2,0.31,0.01,-25.4,0.17,-191.3,7,3800.5,0.815,,,,Märki et al. (2021)
Ganges,Narayani,Nepal,Asia,Narayani,9,17,2016,27.73,84.43,SS,Bulk,7525,7.5,0.1,0.01,-26.8,0.17,-571,39.6,3801.5,0.432,,,,Märki et al. (2021)
Ganges,Narayani,Nepal,Asia,Narayani,9,19,2016,27.73,84.43,SS,Bulk,2070,3.3,0.16,0.01,-26.8,0.17,-510.4,31,3802.5,0.494,,,,Märki et al. (2021)
Ganges,Narayani,Nepal,Asia,Narayani,9,21,2016,27.73,84.43,SS,Bulk,3545,7.8,0.22,0.01,-25.4,0.17,-311.2,13.4,3803.5,0.694,,,,Märki et al. (2021)
Ganges,Narayani,Nepal,Asia,Narayani,9,23,2016,27.73,84.43,SS,Bulk,1655,4.5,0.27,0.01,-25.7,0.17,-325.4,14.4,3804.5,0.68,,,,Märki et al. (2021)
Ganges,Narayani,Nepal,Asia,Narayani,9,25,2016,27.73,84.43,SS,Bulk,1150,2.1,0.18,0.01,-25.8,0.17,-527.6,33.2,3805.5,0.476,,,,Märki et al. (2021)
Ganges,Narayani,Nepal,Asia,Narayani,9,27,2016,27.73,84.43,SS,Bulk,2130,3.6,0.17,0.01,-25.4,0.17,-437.4,23.1,3806.5,0.567,,,,Märki et al. (2021)
Ganges,Narayani,Nepal,Asia,Narayani,9,29,2016,27.73,84.43,SS,Bulk,815,1.5,0.19,0.01,-25.8,0.17,-534.4,34.2,3807.5,0.469,,,,Märki et al. (2021)
Ganges,Narayani,Nepal,Asia,Narayani,6,7,2017,27.73,84.43,SS,Bulk,301.9,1.9,0.62,0.01,-25,0.17,-383.3,18.5,3808.5,0.622,,,,Märki et al. (2021)
Ganges,Narayani,Nepal,Asia,Narayani,6,10,2017,27.73,84.43,SS,Bulk,623.6,3.6,0.57,0.01,-22.4,0.17,-238.1,9.3,3809.5,0.768,,,,Märki et al. (2021)
Ganges,Narayani,Nepal,Asia,Narayani,6,13,2017,27.73,84.43,SS,Bulk,343.4,1.4,0.42,0.01,-22.9,0.17,-501.3,29.9,3810.5,0.503,,,,Märki et al. (2021)
Ganges,Narayani,Nepal,Asia,Narayani,6,16,2017,27.73,84.43,SS,Bulk,1137.8,6.5,0.57,0.01,-23.5,0.17,-323.3,14.2,3811.5,0.682,,,,Märki et al. (2021)
Ganges,Narayani,Nepal,Asia,Narayani,6,19,2017,27.73,84.43,SS,Bulk,577.5,2.6,0.45,0.01,-23.3,0.17,-391,19.1,3812.5,0.614,,,,Märki et al. (2021)
Ganges,Narayani,Nepal,Asia,Narayani,6,22,2017,27.73,84.43,SS,Bulk,1432.9,13.7,0.96,0.01,-24.4,0.17,-94.9,3.1,3813.5,0.912,,,,Märki et al. (2021)
Ganges,Narayani,Nepal,Asia,Narayani,6,28,2017,27.73,84.43,SS,Bulk,4352.1,22.2,0.51,0.01,-23.3,0.17,-161.4,5.7,3814.5,0.845,,,,Märki et al. (2021)
Ganges,Narayani,Nepal,Asia,Narayani,7,1,2017,27.73,84.43,SS,Bulk,4118.9,8.6,0.21,0.01,-23.5,0.17,-399.5,19.8,3815.5,0.605,,,,Märki et al. (2021)
Ganges,Narayani,Nepal,Asia,Narayani,7,4,2017,27.73,84.43,SS,Bulk,9030,13.2,0.15,0.01,-26.6,0.17,-655.1,56.5,3816.5,0.348,,,,Märki et al. (2021)
Ganges,Narayani,Nepal,Asia,Narayani,7,13,2017,27.73,84.43,SS,Bulk,2622.1,4.7,0.18,0.01,-23.7,0.17,-642.9,53.6,3817.5,0.36,,,,Märki et al. (2021)
Ganges,Narayani,Nepal,Asia,Narayani,7,19,2017,27.73,84.43,SS,Bulk,1658.3,4.3,0.26,0.01,-24,0.17,-510.5,31,3818.5,0.494,,,,Märki et al. (2021)
Ganges,Narayani,Nepal,Asia,Narayani,7,26,2017,27.73,84.43,SS,Bulk,2036.7,5.3,0.26,0.01,-22.8,0.17,-631.9,51.1,3819.5,0.371,,,,Märki et al. (2021)
Ganges,Narayani,Nepal,Asia,Narayani,7,29,2017,27.73,84.43,SS,Bulk,1795.9,8.2,0.46,0.01,-24.3,0.17,-236.9,9.2,3820.5,0.769,,,,Märki et al. (2021)
Ganges,Narayani,Nepal,Asia,Narayani,8,1,2017,27.73,84.43,SS,Bulk,2004.2,4.6,0.23,0.01,-24.1,0.17,-687.8,65.6,3821.5,0.315,,,,Märki et al. (2021)
Ganges,Narayani,Nepal,Asia,Narayani,8,7,2017,27.73,84.43,SS,Bulk,3927.2,7.3,0.19,0.01,-24.2,0.17,-493.7,29,3822.5,0.51,,,,Märki et al. (2021)
Ganges,Narayani,Nepal,Asia,Narayani,8,10,2017,27.73,84.43,SS,Bulk,4464,6.3,0.14,0.01,-24.6,0.17,-356,16.5,3823.5,0.649,,,,Märki et al. (2021)
Ganges,Narayani,Nepal,Asia,Narayani,8,13,2017,27.73,84.43,SS,Bulk,4563.4,12.8,0.28,0.01,-25.6,0.17,-416.4,21.2,3824.5,0.588,,,,Märki et al. (2021)
Ganges,Narayani,Nepal,Asia,Narayani,8,16,2017,27.73,84.43,SS,Bulk,2379.5,2.3,0.1,0.01,-24.2,0.17,-698.9,69.1,3825.5,0.304,,,,Märki et al. (2021)
Ganges,Narayani,Nepal,Asia,Narayani,8,19,2017,27.73,84.43,SS,Bulk,3970.5,5.6,0.14,0.01,-24.5,0.17,-549,36.2,3826.5,0.455,,,,Märki et al. (2021)
Ganges,Narayani,Nepal,Asia,Narayani,9,7,2017,27.73,84.43,SS,Bulk,1281.4,2.4,0.19,0.01,-25.3,0.17,-499.1,29.6,3827.5,0.505,,,,Märki et al. (2021)
Ganges,Narayani,Nepal,Asia,Narayani,9,10,2017,27.73,84.43,SS,Bulk,1072.5,3.9,0.36,0.01,-25.9,0.17,-254,10.1,3828.5,0.752,,,,Märki et al. (2021)
Ganges,Narayani,Nepal,Asia,Narayani,9,13,2017,27.73,84.43,SS,Bulk,3009.4,9.2,0.31,0.01,-23.9,0.17,-530.4,33.6,3829.5,0.473,,,,Märki et al. (2021)
Ganges,Narayani,Nepal,Asia,Narayani,9,19,2017,27.73,84.43,SS,Bulk,499.2,1.4,0.28,0.01,-24.8,0.17,-440.7,23.4,3830.5,0.564,,,,Märki et al. (2021)
Ganges,Narayani,Nepal,Asia,CA11-117-Narayani,8,4,2011,27.73,84.43,PSD,Bulk,2180,8.9,0.41,0.01,-25.3,0.25,-580,41.1,3831.5,0.423,,,,"Märki et al. (2021), Morin et al. (2018)"
Ganges,Narayani,Nepal,Asia,CA11-118-Narayani,8,4,2011,27.73,84.43,PSD,Bulk,3400,9.5,0.28,0.01,-25,0.25,-550.3,36.4,3832.5,0.453,,,,"Märki et al. (2021), Morin et al. (2018)"
Ganges,Narayani,Nepal,Asia,CA11-119-Narayani,8,4,2011,27.73,84.43,PSD,Bulk,3630,10.2,0.28,0.01,-25.5,0.25,-516.5,31.8,3833.5,0.487,,,,"Märki et al. (2021), Morin et al. (2018)"
Ganges,Narayani,Nepal,Asia,CA11-124-Narayani,8,5,2011,27.73,84.43,PSD,Bulk,2560,7.7,0.3,0.01,-25.5,0.25,-625,49.6,3834.5,0.378,,,,"Märki et al. (2021), Morin et al. (2018)"
Ganges,Narayani,Nepal,Asia,CA11-122-Narayani,8,5,2011,27.73,84.43,PSD,Bulk,3650,7.7,0.21,0.01,-25.2,0.25,-611.5,46.9,3835.5,0.391,,,,"Märki et al. (2021), Morin et al. (2018)"
Ganges,Narayani,Nepal,Asia,CA11-121-Narayani,8,5,2011,27.73,84.43,PSD,Bulk,5990,11.4,0.19,0.01,-25.4,0.25,-653.7,56.2,3836.5,0.349,,,,"Märki et al. (2021), Morin et al. (2018)"
Ganges,Narayani,Nepal,Asia,CA11-127-Narayani,8,6,2011,27.73,84.43,PSD,Bulk,4050,14.6,0.36,0.01,-25.4,0.25,-571.8,39.8,3837.5,0.431,,,,"Märki et al. (2021), Morin et al. (2018)"
Ganges,Narayani,Nepal,Asia,CA11-126-Narayani,8,6,2011,27.73,84.43,PSD,Bulk,4490,14.8,0.33,0.01,-25.3,0.25,-521.2,32.4,3838.5,0.482,,,,"Märki et al. (2021), Morin et al. (2018)"
Ganges,Narayani,Nepal,Asia,CA11-125-Narayani,8,6,2011,27.73,84.43,PSD,Bulk,5370,17.2,0.32,0.01,-24.9,0.25,-553.4,36.9,3839.5,0.45,,,,"Märki et al. (2021), Morin et al. (2018)"
Ganges,Narayani,Nepal,Asia,CA11-128-Narayani,8,6,2011,27.73,84.43,PSD,Bulk,6670,16.7,0.25,0.01,-25.1,0.25,-586.9,42.3,3840.5,0.416,,,,"Märki et al. (2021), Morin et al. (2018)"
Ganges,Narayani,Nepal,Asia,CA11-130-Narayani,8,7,2011,27.73,84.43,PSD,Bulk,3970,13.9,0.35,0.01,-24.6,0.25,-512,31.2,3841.5,0.492,,,,"Märki et al. (2021), Morin et al. (2018)"
Ganges,Narayani,Nepal,Asia,CA11-129-Narayani,8,7,2011,27.73,84.43,PSD,Bulk,5590,18.4,0.33,0.01,-25.3,0.25,-602.1,45.1,3842.5,0.401,,,,"Märki et al. (2021), Morin et al. (2018)"
Ganges,Narayani,Nepal,Asia,NEQ-172-04,6,29,2017,27.73,84.43,SS,Bulk,,,0.5,0.01,,,-185.2,6.8,3843.5,0.821,,,,Märki et al. (2021)
Ganges,Narayani,Nepal,Asia,NEQ-172-09,6,29,2017,27.73,84.43,SS,Bulk,,,0.53,0.01,,,-203.7,7.6,3844.5,0.803,,,,Märki et al. (2021)
Ganges,Narayani,Nepal,Asia,NEQ-172-13,6,29,2017,27.73,84.43,SS,Bulk,,,0.6,0.01,,,-205.9,7.7,3845.5,0.801,,,,Märki et al. (2021)
Ganges,Narayani,Nepal,Asia,NEQ-172-25,6,30,2017,27.76,84.42,SS,Bulk,,,0.51,0.01,,,-302.4,12.9,3846.5,0.703,,,,Märki et al. (2021)
Ganges,Narayani,Nepal,Asia,NEQ-172-29,6,30,2017,27.74,84.43,SS,Bulk,,,0.36,0.01,,,-321,14.1,3847.5,0.685,,,,Märki et al. (2021)
Ganges,Narayani,Nepal,Asia,NEQ-172-33,6,30,2017,27.73,84.43,SS,Bulk,,,0.4,0.01,,,-319.6,14,3848.5,0.686,,,,Märki et al. (2021)
Ganges,Narayani,Nepal,Asia,NEP-15-020A,7,10,2015,27.74,84.43,SS,Bulk,,,0.43,0.01,-25.2,0.17,-203,7.6,3849.5,0.803,,,,Märki et al. (2021)
Ganges,Narayani,Nepal,Asia,NEP-15-020B,7,10,2015,27.74,84.43,SS,Bulk,,,0.48,0.01,-25.4,0.17,-188.3,6.9,3850.5,0.818,,,,Märki et al. (2021)
Ganges,Narayani,Nepal,Asia,NEP-15-021,7,10,2015,27.73,84.43,SS,Bulk,,,0.46,0.01,-25.1,0.17,-201.5,7.5,3851.5,0.805,,,,Märki et al. (2021)
Ganges,Narayani,Nepal,Asia,NEP-15-141,9,23,2015,27.76,84.42,SS,Bulk,,,0.37,0.01,-26.1,0.17,-287.7,12,3852.5,0.718,,,,Märki et al. (2021)
Ganges,Narayani,Nepal,Asia,NEP-15-142,9,23,2015,27.76,84.42,SS,Bulk,,,0.33,0.01,-26.2,0.17,-306.6,13.2,3853.5,0.699,,,,Märki et al. (2021)
Ganges,Narayani,Nepal,Asia,NEP-15-144,9,23,2015,27.74,84.43,SS,Bulk,,,0.29,0.01,-25,0.17,-320.1,14,3854.5,0.685,,,,Märki et al. (2021)
Ganges,Narayani,Nepal,Asia,NEP-15-145,9,23,2015,27.74,84.43,SS,Bulk,,,0.3,0.01,-25.1,0.17,-318.1,13.9,3855.5,0.687,,,,Märki et al. (2021)
Ganges,Narayani,Nepal,Asia,NEP-17-032,6,29,2017,27.7,84.42,SS,Bulk,,,0.38,0.01,-24.9,0.17,-254.7,10.2,3856.5,0.751,,,,Märki et al. (2021)
Ganges,Narayani,Nepal,Asia,NEP-17-037,6,30,2017,27.74,84.43,SS,Bulk,,,0.51,0.01,-24.9,0.17,-207.6,7.8,3857.5,0.799,,,,Märki et al. (2021)
Ganges,Narayani,Nepal,Asia,NEP-17-043,6,30,2017,27.74,84.42,SS,Bulk,,,0.24,0.01,-24.3,0.17,-373.4,17.7,3858.5,0.632,,,,Märki et al. (2021)
Ganges,Kali Gandaki,Nepal,Asia,NP1606_JM22_f,6,8,2016,29.07,83.94,SS,Bulk,,,0.19,0.01,-22.9,0.3,-414.5,7,4238.5,0.59,0.03,6.3,,Menges et al. (2020)
Ganges,Kali Gandaki,Nepal,Asia,NP1606_JM23_f,6,13,2016,29.07,83.94,SS,Bulk,,,0.58,0.01,-26,0.2,-890.8,,17731,0.11,0.04,14.5,,Menges et al. (2020)
Ganges,Kali Gandaki,Nepal,Asia,NP1606_JM03_f,6,8,2016,28.92,83.82,SS,Bulk,,,0.62,0.01,-24.9,0.1,,,,,0.06,10.3,,Menges et al. (2020)
Ganges,Kali Gandaki,Nepal,Asia,NP1606_JM30_f,6,14,2016,28.78,83.71,SS,Bulk,,,0.78,0.01,-21.8,0,-970.2,,28168.2,0.03,0.05,15.6,,Menges et al. (2020)
Ganges,Kali Gandaki,Nepal,Asia,NP1507_16_f,8,1,2015,28.76,83.69,SS,Bulk,,,0.91,0.01,-20.1,0.4,-871,,16389.1,0.13,0.06,15.2,,Menges et al. (2020)
Ganges,Kali Gandaki,Nepal,Asia,NP1606_JM04_f,6,8,2016,28.93,83.83,SS,Bulk,,,0.43,0.01,-24.6,0.2,-761.8,,11464,0.24,0.04,10.8,,Menges et al. (2020)
Ganges,Kali Gandaki,Nepal,Asia,NP1606_JM25_f,6,13,2016,28.93,83.83,SS,Bulk,,,0.27,0.02,-24.4,0,-791.6,,12536.7,0.21,0.03,9,,Menges et al. (2020)
Ganges,Kali Gandaki,Nepal,Asia,NP1507_14_f,7,31,2015,28.78,83.72,SS,Bulk,,,0.43,0.02,-22.8,0.4,-603,15.1,7360.6,0.4,0.04,10.8,,Menges et al. (2020)
Ganges,Kali Gandaki,Nepal,Asia,NP1606_JM28_f,6,14,2016,28.78,83.72,SS,Bulk,,,0.34,0.01,-24,0.3,-821.4,,13775,0.18,0.03,11.3,,Menges et al. (2020)
Ganges,Kali Gandaki,Nepal,Asia,NP1507_15_f,7,31,2015,28.65,83.59,SS,Bulk,,,0.48,0.02,-22.3,0.4,-493.9,9.7,5409,0.51,0.05,9.6,,Menges et al. (2020)
Ganges,Kali Gandaki,Nepal,Asia,NP1507_17_f,8,1,2015,28.65,83.59,SS,Bulk,,,0.39,0.01,-23.1,0.3,,,,,0.03,13,,Menges et al. (2020)
Ganges,Kali Gandaki,Nepal,Asia,NP1507_18_f,8,2,2015,28.65,83.59,SS,Bulk,,,0.31,0.01,-23.4,0.3,,,,,0.03,10.3,,Menges et al. (2020)
Ganges,Kali Gandaki,Nepal,Asia,NP1606_JM02_f,6,7,2016,28.65,83.59,SS,Bulk,,,0.52,0.02,-23.8,0.4,,,12536.7,0.21,0.04,13,,Menges et al. (2020)
Ganges,Kali Gandaki,Nepal,Asia,NP1606_JM36_f,6,15,2016,28.65,83.59,SS,Bulk,,,0.29,0.01,-23.4,0.1,-791.6,,12536.7,0.21,0.02,14.5,,Menges et al. (2020)
Ganges,Kali Gandaki,Nepal,Asia,NP1606_JM43_f,6,16,2016,28.52,83.66,SS,Bulk,,,0.06,0.01,-24.7,0.2,-483.9,9.3,5253,0.52,,,,Menges et al. (2020)
Ganges,Kali Gandaki,Nepal,Asia,NP1507_20_f,8,3,2015,28.34,83.56,SS,Bulk,,,0.13,0.02,-24.9,0.2,-632.8,17.1,7986.8,0.37,,,,Menges et al. (2020)
Ganges,Kali Gandaki,Nepal,Asia,NP1606_JM50_f,6,18,2016,28.34,83.56,SS,Bulk,,,0.3,0.02,-25.6,0.3,-225.9,2.9,1995.9,0.78,0.02,15,,Menges et al. (2020)
Ganges,Kali Gandaki,Nepal,Asia,NP1507_19_f,8,3,2015,28.24,83.71,SS,Bulk,,,0.25,0.05,-26.1,0.8,-27.4,0.3,162.3,0.98,,,,Menges et al. (2020)
Ganges,Kali Gandaki,Nepal,Asia,NP1606_JM55_f,6,18,2016,28.23,83.71,SS,Bulk,,,0.18,0.02,-26.6,0.4,-245.8,3.2,2204.6,0.76,0.01,18,,Menges et al. (2020)
Ganges,Kali Gandaki,Nepal,Asia,NP1606_JM59_f,6,20,2016,27.95,83.67,SS,Bulk,,,1.18,0.03,-24.5,0.3,-87,0.9,669.8,0.92,0.11,10.7,,Menges et al. (2020)
Ganges,Kali Gandaki,Nepal,Asia,NP1507_12_f,7,30,2015,27.98,83.59,SS,Bulk,,,0.96,0.02,-26.6,0.2,-87,0.9,669.8,0.92,0.08,12,,Menges et al. (2020)
Ganges,Kali Gandaki,Nepal,Asia,NP1606_JM42_f,6,15,2016,28.5,83.65,SS,Bulk,,,0.11,0.01,-23.9,0.3,-662.6,,8666.1,0.34,,,,Menges et al. (2020)
Ganges,Kali Gandaki,Nepal,Asia,NP1606_JM01_f,8,4,2015,28.38,83.57,SS,Bulk,,,0.29,0.01,-23.5,0.3,,,,,0.02,14.5,,Menges et al. (2020)
Ganges,Kali Gandaki,Nepal,Asia,NP1606_JM48_f,6,17,2016,28.38,83.57,SS,Bulk,,,0.21,0,-24,0.3,-821.4,,13775,0.18,0.02,10.5,,Menges et al. (2020)
Ganges,Kali Gandaki,Nepal,Asia,NP1507_21_f,8,3,2015,28.26,83.62,SS,Bulk,,,0.21,0.01,-24.2,0.3,-761.8,31.7,11464,0.24,0.02,10.5,,Menges et al. (2020)
Ganges,Kali Gandaki,Nepal,Asia,NP1606_JM53_f,6,18,2016,28.26,83.62,SS,Bulk,,,0.2,0.01,-23.9,0.3,-702.3,0,9671.5,0.3,0.01,20,,Menges et al. (2020)
Ganges,Kali Gandaki,Nepal,Asia,NP1606_JM58_f,6,20,2016,28.01,83.61,SS,Bulk,,,0.16,0.01,-23.4,0.2,-493.9,9.7,5409,0.51,0.01,16,,Menges et al. (2020)
Ganges,Kali Gandaki,Nepal,Asia,NP1507_13_f,7,30,2015,27.98,83.59,SS,Bulk,,,0.28,0.01,-25.5,0.4,-335.1,5,3217,0.67,0.02,14,,Menges et al. (2020)
Ganges,Kali Gandaki,Nepal,Asia,NP1507_11_f,7,29,2015,27.75,84.42,SS,Bulk,,,0.41,0.01,-25.6,0.1,-315.2,4.6,2980.8,0.69,0.04,10.3,,Menges et al. (2020)
Ganges,Kali Gandaki,Nepal,Asia,NP1606_JM61_f,6,22,2016,27.74,84.42,SS,Bulk,,,0.32,0.01,-24.8,0.4,-454.2,8.3,4802.4,0.55,0.02,16,,Menges et al. (2020)
Ganges,Kali Gandaki,Nepal,Asia,NP1606_JM62_f,6,22,2016,27.74,84.42,PSD,Bulk,,,0.32,0.01,-25,0.1,-434.3,7.6,4515.5,0.57,0.02,16,,Menges et al. (2020)
Ganges,Kali Gandaki,Nepal,Asia,NP1606_JM63_f,6,22,2016,27.74,84.42,PSD,Bulk,,,0.34,0.03,-24.9,0.2,-454.2,8.3,4802.4,0.55,0.02,17,,Menges et al. (2020)
Heilongjiang,Heilongjiang,China,Asia,Jin Sha,9,15,2017,47.91,130.9,SS,Bulk,,,,,-28.6,< 0.2,-113.1,<5,899,0.894,,,,Shan et al. (2021)
Heilongjiang,Heilongjiang,China,Asia,Tong Jiang,10,14,2017,47.72,132.54,SS,Bulk,,,,,-28.8,< 0.3,-100.8,<5,788.4,0.907,,,,Shan et al. (2021)
Heilongjiang,Heilongjiang,China,Asia,Qin Deli,11,14,2017,48.11,133.34,SS,Bulk,,,,,-27.9,< 0.4,-173.5,<5,1465.6,0.833,,,,Shan et al. (2021)
Heilongjiang,Heilongjiang,China,Asia,Fu Yuan,12,14,2017,48.38,134.3,SS,Bulk,,,,,-27.5,< 0.5,-170.9,<5,1440.4,0.836,,,,Shan et al. (2021)
Heilongjiang,Songhuajiang ,"Heilongjiang, China",Asia,Songhuajiang ,1,15,2017,47.26,132.03,SS,Bulk,,,,,-26.3,< 0.6,-204,<5,1767.7,0.802,,,,Shan et al. (2021)
Heilongjiang,Ussuri,China,Asia,Wusulijiang ,2,13,2017,48.26,134.69,SS,Bulk,,,,,-31.4,< 0.7,-105.4,<5,829.6,0.902,,,,Shan et al. (2021)
Heilongjiang,Ersong ,"Songhua, China",Asia,FY-Ersong,5,24,2008,44.85,124.93,SS,Bulk,66.8,1.6,2.42,< 0.3,-26,< 0.05,,,,,0.3,8.1,,Sun et al. (2017)
Heilongjiang,Ersong ,"Songhua, China",Asia,FY-Ersong,8,13,2008,44.85,124.93,SS,Bulk,121.9,5.6,4.58,< 0.3,-23,< 0.05,,,,,0.69,6.7,,Sun et al. (2017)
Heilongjiang,Ersong ,"Songhua, China",Asia,FY-Ersong,9,24,2008,44.85,124.93,SS,Bulk,87.4,2.9,3.36,< 0.3,-25.6,< 0.05,,,,,0.49,6.9,,Sun et al. (2017)
Heilongjiang,Ersong ,"Songhua, China",Asia,FY-Ersong,1,8,2009,44.85,124.93,SS,Bulk,8.6,0.3,2.86,< 0.3,-22.8,< 0.05,,,,,0.39,7.4,,Sun et al. (2017)
Heilongjiang,Hulan ,"Songhua, China",Asia,HL-Hulan,5,15,2008,46.02,126.28,SS,Bulk,28.4,3.9,13.64,< 0.3,-25.5,< 0.05,,,,,2.38,5.7,,Sun et al. (2017)
Heilongjiang,Hulan ,"Songhua, China",Asia,HL-Hulan,8,16,2008,46.02,126.28,SS,Bulk,92.9,1.7,1.86,< 0.3,-27.2,< 0.05,,,,,0.27,7,,Sun et al. (2017)
Heilongjiang,Hulan ,"Songhua, China",Asia,HL-Hulan,9,23,2008,46.02,126.28,SS,Bulk,42.2,1.9,4.42,< 0.3,-27.5,< 0.05,,,,,0.69,6.4,,Sun et al. (2017)
Heilongjiang,Hulan ,"Songhua, China",Asia,HL-Hulan,1,7,2009,46.02,126.28,SS,Bulk,13.7,1.5,11.08,< 0.3,-21,< 0.05,,,,,1.78,6.2,,Sun et al. (2017)
Heilongjiang,Mayi ,"Songhua, China",Asia,MY-Mayi,5,16,2008,45.27,128.31,SS,Bulk,8.9,0.3,3.35,< 0.3,-28,< 0.05,,,,,0.41,8.1,,Sun et al. (2017)
Heilongjiang,Mayi ,"Songhua, China",Asia,MY-Mayi,8,16,2008,45.27,128.31,SS,Bulk,34.8,1.7,4.96,< 0.3,-26.3,< 0.05,,,,,0.45,11.1,,Sun et al. (2017)
Heilongjiang,Mayi ,"Songhua, China",Asia,MY-Mayi,9,22,2008,45.27,128.31,SS,Bulk,28.3,1.5,5.35,< 0.3,-25.4,< 0.05,,,,,0.76,7,,Sun et al. (2017)
Heilongjiang,Mayi ,"Songhua, China",Asia,MY-Mayi,1,6,2009,45.27,128.31,SS,Bulk,1.7,0,2.54,< 0.3,-28.9,< 0.05,,,,,0.22,11.4,,Sun et al. (2017)
Heilongjiang,Mudan ,"Songhua, China",Asia,MD-Mudan,5,17,2008,44.13,129.35,SS,Bulk,75.1,1.5,2.05,< 0.3,-24.6,< 0.05,,,,,0.21,10,,Sun et al. (2017)
Heilongjiang,Mudan ,"Songhua, China",Asia,MD-Mudan,8,16,2008,44.13,129.35,SS,Bulk,137.7,2,1.46,< 0.3,-25,< 0.05,,,,,0.14,10.7,,Sun et al. (2017)
Heilongjiang,Mudan ,"Songhua, China",Asia,MD-Mudan,9,22,2008,44.13,129.35,SS,Bulk,29.9,0.6,2.03,< 0.3,-22.7,< 0.05,,,,,0.17,11.8,,Sun et al. (2017)
Heilongjiang,Mudan ,"Songhua, China",Asia,MD-Mudan,1,6,2009,44.13,129.35,SS,Bulk,4.9,0.1,1.8,< 0.3,-25.7,< 0.05,,,,,0.16,11.1,,Sun et al. (2017)
Heilongjiang,Nenjiang ,"Songhua, China",Asia,DL-Nenjiang,5,25,2008,45.32,124.36,SS,Bulk,26.6,1.2,4.36,< 0.3,-26.5,< 0.05,,,,,0.63,6.9,,Sun et al. (2017)
Heilongjiang,Nenjiang ,"Songhua, China",Asia,DL-Nenjiang,8,14,2008,45.32,124.36,SS,Bulk,78.9,1.4,1.81,< 0.3,-27.1,< 0.05,,,,,0.22,8.1,,Sun et al. (2017)
Heilongjiang,Nenjiang ,"Songhua, China",Asia,DL-Nenjiang,9,25,2008,45.32,124.36,SS,Bulk,62.3,1.8,2.96,< 0.3,-24.6,< 0.05,,,,,0.39,7.5,,Sun et al. (2017)
Heilongjiang,Nenjiang ,"Songhua, China",Asia,DL-Nenjiang,1,9,2009,45.32,124.36,SS,Bulk,20.2,0.6,2.87,< 0.3,-26.1,< 0.05,,,,,0.28,10.2,,Sun et al. (2017)
Heilongjiang,Songhuajiang ,"Heilongjiang, China",Asia,SR1-Songhua,5,22,2008,45.41,126.24,SS,Bulk,16.1,1.3,7.86,< 0.3,-21.1,< 0.05,,,,,1.24,6.3,,Sun et al. (2017)
Heilongjiang,Songhuajiang ,"Heilongjiang, China",Asia,SR1-Songhua,8,16,2008,45.41,126.24,SS,Bulk,54.8,1.1,1.99,< 0.3,-26.5,< 0.05,,,,,0.24,8.3,,Sun et al. (2017)
Heilongjiang,Songhuajiang ,"Heilongjiang, China",Asia,SR1-Songhua,9,23,2008,45.41,126.24,SS,Bulk,26.4,1.5,5.77,< 0.3,-24.6,< 0.05,,,,,0.9,6.4,,Sun et al. (2017)
Heilongjiang,Songhuajiang ,"Heilongjiang, China",Asia,SR1-Songhua,1,7,2009,45.41,126.24,SS,Bulk,8.6,0.3,3.83,< 0.3,-25.6,< 0.05,,,,,0.51,7.6,,Sun et al. (2017)
Heilongjiang,Songhuajiang ,"Heilongjiang, China",Asia,SR2-Songhua,5,21,2008,45.69,127.53,SS,Bulk,18.1,1.6,8.98,< 0.3,-25.9,< 0.05,,,,,1.52,5.9,,Sun et al. (2017)
Heilongjiang,Songhuajiang ,"Heilongjiang, China",Asia,SR2-Songhua,8,16,2008,45.69,127.53,SS,Bulk,76.8,2,2.54,< 0.3,-25.7,< 0.05,,,,,0.31,8.2,,Sun et al. (2017)
Heilongjiang,Songhuajiang ,"Heilongjiang, China",Asia,SR2-Songhua,9,22,2008,45.69,127.53,SS,Bulk,53.1,2.2,4.12,< 0.3,-24.9,< 0.05,,,,,0.61,6.8,,Sun et al. (2017)
Heilongjiang,Songhuajiang ,"Heilongjiang, China",Asia,SR2-Songhua,1,6,2009,45.69,127.53,SS,Bulk,7,0.5,6.99,< 0.3,-30,< 0.05,,,,,1.11,6.3,,Sun et al. (2017)
Heilongjiang,Songhuajiang ,"Heilongjiang, China",Asia,SR3-Songhua,5,20,2008,45.59,128.78,SS,Bulk,50.7,2,3.91,< 0.3,-23.8,< 0.05,,,,,0.56,7,,Sun et al. (2017)
Heilongjiang,Songhuajiang ,"Heilongjiang, China",Asia,SR3-Songhua,8,16,2008,45.59,128.78,SS,Bulk,88.4,2.8,3.21,< 0.3,-26.3,< 0.05,,,,,0.48,6.7,,Sun et al. (2017)
Heilongjiang,Songhuajiang ,"Heilongjiang, China",Asia,SR3-Songhua,9,21,2008,45.59,128.78,SS,Bulk,83.6,2.7,3.28,< 0.3,-24.7,< 0.05,,,,,0.49,6.7,,Sun et al. (2017)
Heilongjiang,Songhuajiang ,"Heilongjiang, China",Asia,SR3-Songhua,1,6,2009,45.59,128.78,SS,Bulk,11.6,0.4,3.28,< 0.3,-27.5,< 0.05,,,,,0.35,9.3,,Sun et al. (2017)
Heilongjiang,Songhuajiang ,"Heilongjiang, China",Asia,SR4-Songhua,5,20,2008,46.17,129.24,SS,Bulk,49.9,2.1,4.15,< 0.3,-23.9,< 0.05,,,,,0.57,7.3,,Sun et al. (2017)
Heilongjiang,Songhuajiang ,"Heilongjiang, China",Asia,SR4-Songhua,8,16,2008,46.17,129.24,SS,Bulk,77.3,3.3,4.28,< 0.3,-26.6,< 0.05,,,,,0.57,7.6,,Sun et al. (2017)
Heilongjiang,Songhuajiang ,"Heilongjiang, China",Asia,SR4-Songhua,9,21,2008,46.17,129.24,SS,Bulk,64.9,2.1,3.25,< 0.3,-25.4,< 0.05,,,,,0.41,7.9,,Sun et al. (2017)
Heilongjiang,Songhuajiang ,"Heilongjiang, China",Asia,SR4-Songhua,1,5,2009,46.17,129.24,SS,Bulk,6.1,0.5,8.24,< 0.3,-30.6,< 0.05,,,,,1.23,6.7,,Sun et al. (2017)
Heilongjiang,Songhuajiang ,"Heilongjiang, China",Asia,SR5-Songhua,5,18,2008,46.53,129.86,SS,Bulk,59.3,2.8,4.65,< 0.3,-23,< 0.05,,,,,0.69,6.7,,Sun et al. (2017)
Heilongjiang,Songhuajiang ,"Heilongjiang, China",Asia,SR5-Songhua,8,18,2008,46.53,129.86,SS,Bulk,177.8,2.6,1.44,< 0.3,-24.8,< 0.05,,,,,0.2,7.3,,Sun et al. (2017)
Heilongjiang,Songhuajiang ,"Heilongjiang, China",Asia,SR5-Songhua,9,20,2008,46.53,129.86,SS,Bulk,82.1,1.5,1.78,< 0.3,-18.8,< 0.05,,,,,0.23,7.7,,Sun et al. (2017)
Heilongjiang,Songhuajiang ,"Heilongjiang, China",Asia,SR5-Songhua,1,4,2009,46.53,129.86,SS,Bulk,13.5,0.7,4.88,< 0.3,-27.8,< 0.05,,,,,0.69,7.1,,Sun et al. (2017)
Heilongjiang,Tangwang ,"Songhua, China",Asia,TW-Tangwang,5,19,2008,46.74,129.03,SS,Bulk,4.5,0.3,5.59,< 0.3,-25.9,< 0.05,,,,,0.58,9.6,,Sun et al. (2017)
Heilongjiang,Tangwang ,"Songhua, China",Asia,TW-Tangwang,8,19,2008,46.74,129.03,SS,Bulk,25.4,0.9,3.5,< 0.3,-26.1,< 0.05,,,,,0.27,13.2,,Sun et al. (2017)
Heilongjiang,Tangwang ,"Songhua, China",Asia,TW-Tangwang,9,21,2008,46.74,129.03,SS,Bulk,6.4,0.4,6.49,< 0.3,-26.8,< 0.05,,,,,0.86,7.6,,Sun et al. (2017)
Heilongjiang,Tangwang ,"Songhua, China",Asia,TW-Tangwang,1,5,2009,46.74,129.03,SS,Bulk,3.1,0.1,2.54,< 0.3,-23.5,< 0.05,,,,,0.27,9.6,,Sun et al. (2017)
Heilongjiang,Woken ,"Songhua, China",Asia,WK-Woken,5,19,2008,45.73,130.07,SS,Bulk,87.4,5.1,5.8,< 0.3,-24.7,< 0.05,,,,,0.75,7.8,,Sun et al. (2017)
Heilongjiang,Woken ,"Songhua, China",Asia,WK-Woken,8,16,2008,45.73,130.07,SS,Bulk,210,2.8,1.34,< 0.3,-25.9,< 0.05,,,,,0.14,9.8,,Sun et al. (2017)
Heilongjiang,Woken ,"Songhua, China",Asia,WK-Woken,9,22,2008,45.73,130.07,SS,Bulk,122.9,4.3,3.46,< 0.3,-27.5,< 0.05,,,,,0.5,7,,Sun et al. (2017)
Heilongjiang,Woken ,"Songhua, China",Asia,WK-Woken,1,6,2009,45.73,130.07,SS,Bulk,36.2,5.2,14.42,< 0.3,-20.9,< 0.05,,,,,2.65,5.4,,Sun et al. (2017)
Huanghe,Huanghe ,China,Asia,Lijin,9,8,2012,37.52,118.31,SS,Bulk,1600,7.7,0.48,< 0.03,-24.9,< 0.15,,,,,,,,Hu et al. (2015)
Huanghe,Huanghe ,China,Asia,Lijin,9,27,2012,37.52,118.31,SS,Bulk,1500,8,0.53,< 0.03,-24.7,< 0.15,,,,,,,,Hu et al. (2015)
Huanghe,Huanghe ,China,Asia,Lijin,10,9,2012,37.52,118.31,SS,Bulk,900,5.1,0.57,< 0.03,-24,< 0.15,,,,,,,,Hu et al. (2015)
Huanghe,Huanghe ,China,Asia,Lijin,10,26,2012,37.52,118.31,SS,Bulk,400,3.5,0.87,< 0.03,-25.8,< 0.15,,,,,,,,Hu et al. (2015)
Huanghe,Huanghe ,China,Asia,Lijin,11,10,2012,37.52,118.31,SS,Bulk,500,3.7,0.73,< 0.03,-24.8,< 0.15,,,,,,,,Hu et al. (2015)
Huanghe,Huanghe ,China,Asia,Lijin,11,25,2012,37.52,118.31,SS,Bulk,600,3.7,0.61,< 0.03,-24.7,< 0.15,,,,,,,,Hu et al. (2015)
Huanghe,Huanghe ,China,Asia,Lijin,12,10,2012,37.52,118.31,SS,Bulk,900,5.3,0.59,< 0.03,-24.8,< 0.15,,,,,,,,Hu et al. (2015)
Huanghe,Huanghe ,China,Asia,Lijin,12,25,2012,37.52,118.31,SS,Bulk,600,4.7,0.78,< 0.03,-24.4,< 0.15,,,,,,,,Hu et al. (2015)
Huanghe,Huanghe ,China,Asia,Lijin,1,11,2013,37.52,118.31,SS,Bulk,300,2.1,0.7,< 0.03,-25.3,< 0.15,,,,,,,,Hu et al. (2015)
Huanghe,Huanghe ,China,Asia,Lijin,1,27,2013,37.52,118.31,SS,Bulk,400,2.8,0.71,< 0.03,-24.7,< 0.15,,,,,,,,Hu et al. (2015)
Huanghe,Huanghe ,China,Asia,Lijin,2,9,2013,37.52,118.31,SS,Bulk,500,3.2,0.63,< 0.03,-24.6,< 0.15,,,,,,,,Hu et al. (2015)
Huanghe,Huanghe ,China,Asia,Lijin,2,25,2013,37.52,118.31,SS,Bulk,700,4.8,0.68,< 0.03,-24.4,< 0.15,,,,,,,,Hu et al. (2015)
Huanghe,Huanghe ,China,Asia,Lijin,3,11,2013,37.52,118.31,SS,Bulk,500,4.5,0.89,< 0.03,-26.7,< 0.15,,,,,,,,Hu et al. (2015)
Huanghe,Huanghe ,China,Asia,Lijin,3,24,2013,37.52,118.31,SS,Bulk,500,5.2,1.03,< 0.03,-27.4,< 0.15,,,,,,,,Hu et al. (2015)
Huanghe,Huanghe ,China,Asia,Lijin,4,8,2013,37.52,118.31,SS,Bulk,500,6.2,1.24,< 0.03,-26.7,< 0.15,,,,,,,,Hu et al. (2015)
Huanghe,Huanghe ,China,Asia,Lijin,4,21,2013,37.52,118.31,SS,Bulk,500,4.8,0.96,< 0.03,-26.2,< 0.15,,,,,,,,Hu et al. (2015)
Huanghe,Huanghe ,China,Asia,Lijin,5,3,2013,37.52,118.31,SS,Bulk,800,5.1,0.64,< 0.03,-25.7,< 0.15,,,,,,,,Hu et al. (2015)
Huanghe,Huanghe ,China,Asia,Lijin,5,18,2013,37.52,118.31,SS,Bulk,200,2.3,1.15,< 0.03,-27.4,< 0.15,,,,,,,,Hu et al. (2015)
Huanghe,Huanghe ,China,Asia,Lijin,6,3,2013,37.52,118.31,SS,Bulk,300,4.6,1.52,< 0.03,-26.4,< 0.15,,,,,,,,Hu et al. (2015)
Huanghe,Huanghe ,China,Asia,Lijin,6,15,2013,37.52,118.31,SS,Bulk,1400,8.4,0.6,< 0.03,-25.2,< 0.15,,,,,,,,Hu et al. (2015)
Huanghe,Huanghe ,China,Asia,Lijin,6,25,2013,37.52,118.31,SS,Bulk,8800,24.6,0.28,< 0.03,-24.5,< 0.15,,,,,,,,Hu et al. (2015)
Huanghe,Huanghe ,China,Asia,Lijin,6,26,2013,37.52,118.31,SS,Bulk,6800,23.8,0.35,< 0.03,-22.6,< 0.15,-641.9,1.3,8249.4,0.358,,,,Hu et al. (2015)
Huanghe,Huanghe ,China,Asia,Lijin,6,29,2013,37.52,118.31,SS,Bulk,4800,16.3,0.34,< 0.03,-25,< 0.15,,,,,,,,Hu et al. (2015)
Huanghe,Huanghe ,China,Asia,Lijin,6,30,2013,37.52,118.31,SS,Bulk,5000,20,0.4,< 0.03,-23.3,< 0.15,-638.3,1.4,8169.1,0.362,,,,Hu et al. (2015)
Huanghe,Huanghe ,China,Asia,Lijin,7,1,2013,37.52,118.31,SS,Bulk,4100,14.8,0.36,< 0.03,-24.6,< 0.15,,,,,,,,Hu et al. (2015)
Huanghe,Huanghe ,China,Asia,Lijin,7,2,2013,37.52,118.31,SS,Bulk,5600,24.1,0.43,< 0.03,-22.7,< 0.15,-675.5,1.2,9040.9,0.325,,,,Hu et al. (2015)
Huanghe,Huanghe ,China,Asia,Lijin,7,3,2013,37.52,118.31,SS,Bulk,3000,12.9,0.43,< 0.03,-24.8,< 0.15,,,,,,,,Hu et al. (2015)
Huanghe,Huanghe ,China,Asia,Lijin,7,5,2013,37.52,118.31,SS,Bulk,3900,17.2,0.44,< 0.03,-24.4,< 0.15,,,,,,,,Hu et al. (2015)
Huanghe,Huanghe ,China,Asia,Lijin,7,6,2013,37.52,118.31,SS,Bulk,5500,25.3,0.46,< 0.03,-23,< 0.15,-681.1,1.2,9180.7,0.319,,,,Hu et al. (2015)
Huanghe,Huanghe ,China,Asia,Lijin,7,7,2013,37.52,118.31,SS,Bulk,3200,18.9,0.59,< 0.03,-24.4,< 0.15,,,,,,,,Hu et al. (2015)
Huanghe,Huanghe ,China,Asia,Lijin,7,9,2013,37.52,118.31,SS,Bulk,6800,46.2,0.68,< 0.03,-24,< 0.15,,,,,,,,Hu et al. (2015)
Huanghe,Huanghe ,China,Asia,Lijin,7,10,2013,37.52,118.31,SS,Bulk,15900,74.7,0.47,< 0.03,-24.2,< 0.15,-587.8,2.1,7119.2,0.412,,,,Hu et al. (2015)
Huanghe,Huanghe ,China,Asia,Lijin,7,11,2013,37.52,118.31,SS,Bulk,15300,116.3,0.76,< 0.03,-24,< 0.15,,,,,,,,Hu et al. (2015)
Huanghe,Huanghe ,China,Asia,Lijin,7,12,2013,37.52,118.31,SS,Bulk,13100,72.1,0.55,< 0.03,-23.9,< 0.15,-552.5,1.7,6459.2,0.448,,,,Hu et al. (2015)
Huanghe,Huanghe ,China,Asia,Lijin,7,13,2013,37.52,118.31,SS,Bulk,14000,114.8,0.82,< 0.03,-24.5,< 0.15,,,,,,,,Hu et al. (2015)
Huanghe,Huanghe ,China,Asia,Lijin,7,16,2013,37.52,118.31,SS,Bulk,6400,62.1,0.97,< 0.03,-25,< 0.15,,,,,,,,Hu et al. (2015)
Huanghe,Huanghe ,China,Asia,Lijin,8,2,2013,37.52,118.31,SS,Bulk,10900,83.9,0.77,< 0.03,-24.5,< 0.15,,,,,,,,Hu et al. (2015)
Huanghe,Huanghe ,China,Asia,Lijin,8,17,2013,37.52,118.31,SS,Bulk,1700,18.4,1.08,< 0.03,-23.6,< 0.15,,,,,,,,Hu et al. (2015)
Huanghe,Huanghe ,China,Asia,Lijin,9,2,2013,37.52,118.31,SS,Bulk,500,6.2,1.23,< 0.03,-26.3,< 0.15,,,,,,,,Hu et al. (2015)
Huanghe,Huanghe ,China,Asia,Lijin,9,16,2013,37.52,118.31,SS,Bulk,200,3.6,1.78,< 0.03,-26.7,< 0.15,,,,,,,,Hu et al. (2015)
Huanghe,Huanghe ,China,Asia,Lijin,9,30,2013,37.52,118.31,SS,Bulk,200,2.9,1.43,< 0.03,-26.2,< 0.15,,,,,,,,Hu et al. (2015)
Huanghe,Huanghe ,China,Asia,Lijin,6,22,2014,37.52,118.31,SS,Bulk,,,0.28,0.01,-23.8,0.2,-454,,4798.9,0.55,,,,Ge et al. (2020)
Huanghe,Huanghe ,China,Asia,Lijin,7,1,2014,37.52,118.31,SS,Bulk,,,0.29,0.01,-22.8,0.2,-469,,5022.6,0.535,,,,Ge et al. (2020)
Huanghe,Huanghe ,China,Asia,Lijin,7,4,2014,37.52,118.31,SS,Bulk,,,0.27,0.01,-23.5,0.2,-473,,5083.4,0.531,,,,Ge et al. (2020)
Huanghe,Huanghe ,China,Asia,Huayuankou,7,5,2014,34.9,113.67,SS,Bulk,,,0.3,0.01,-23.7,0.2,-470,,5037.8,0.534,,,,Ge et al. (2020)
Huanghe,Huanghe ,China,Asia,Huayuankou,7,6,2014,34.9,113.67,SS,Bulk,,,0.32,0.01,-23.3,0.2,-508,,5635.4,0.496,,,,Ge et al. (2020)
Huanghe,Huanghe ,China,Asia,Huayuankou,7,9,2014,34.9,113.67,SS,Bulk,,,0.29,0.01,-24.6,0.2,-491,,5362.6,0.513,,,,Ge et al. (2020)
Huanghe,Huanghe ,China,Asia,Lijin,1,20,2009,37.52,118.31,ISD,Bulk,495,2.8,0.57,0.05,-24.1,,-635,,8038.8,0.368,0.17,3.4,,Wang et al. (2012)
Huanghe,Huanghe ,China,Asia,Lijin,4,20,2009,37.52,118.31,ISD,Bulk,825,3.4,0.41,0.04,-23.4,,-587,,7046.3,0.416,0.11,3.7,,Wang et al. (2012)
Huanghe,Huanghe ,China,Asia,Lijin,7,20,2009,37.52,118.31,ISD,Bulk,6300,44.1,0.7,0.06,-25.6,,-405,,4113.4,0.599,0.21,3.3,,Wang et al. (2012)
Huanghe,Huanghe ,China,Asia,Lijin,10,20,2009,37.52,118.31,ISD,Bulk,2690,11.8,0.44,0.05,-23.7,,-498,,5478.7,0.506,0.17,2.6,,Wang et al. (2012)
Huanghe,Huanghe ,China,Asia,Lijin,1,,2015,37.52,118.31,SS,Bulk,,,0.35,0.04,-23.6,,-442,< 3.5,4630,0.562,,,,Wang et al. (2016)
Huanghe,Huanghe ,China,Asia,Lijin,2,,2015,37.52,118.31,SS,Bulk,,,0.37,0.03,-23.1,,-439,< 3.5,4590,0.565,,,,Wang et al. (2016)
Huanghe,Huanghe ,China,Asia,Lijin,3,,2015,37.52,118.31,SS,Bulk,,,0.4,0.06,-24.1,,-427,< 3.5,4420,0.578,,,,Wang et al. (2016)
Huanghe,Huanghe ,China,Asia,Lijin,4,,2015,37.52,118.31,SS,Bulk,,,0.32,0.02,-22.9,,-452,< 3.5,4760,0.552,,,,Wang et al. (2016)
Huanghe,Huanghe ,China,Asia,Lijin,5,,2015,37.52,118.31,SS,Bulk,,,0.31,0.04,-23.1,,-435,< 3.5,4520,0.569,,,,Wang et al. (2016)
Huanghe,Huanghe ,China,Asia,Lijin,6,,2015,37.52,118.31,SS,Bulk,,,0.31,0.03,-25,,-432,< 3.5,4480,0.572,,,,Wang et al. (2016)
Huanghe,Huanghe ,China,Asia,Lijin,7,,2015,37.52,118.31,SS,Bulk,,,0.26,0.11,-23.8,,-471,< 3.5,5060,0.533,,,,Wang et al. (2016)
Huanghe,Huanghe ,China,Asia,Lijin,8,,2015,37.52,118.31,SS,Bulk,,,0.58,0.06,-22.8,,-243,< 3.5,2170,0.763,,,,Wang et al. (2016)
Huanghe,Huanghe ,China,Asia,Lijin,9,,2015,37.52,118.31,SS,Bulk,,,0.29,0.04,-23.7,,-436,< 3.5,4530,0.568,,,,Wang et al. (2016)
Huanghe,Huanghe ,China,Asia,Lijin,10,,2015,37.52,118.31,SS,Bulk,,,1.07,0.12,-23.7,,-217,< 3.5,1900,0.789,,,,Wang et al. (2016)
Huanghe,Huanghe ,China,Asia,Lijin,11,,2015,37.52,118.31,SS,Bulk,,,0.6,0.05,-24.3,,-324,< 3.5,3080,0.681,,,,Wang et al. (2016)
Huanghe,Huanghe ,China,Asia,Lijin,12,,2015,37.52,118.31,SS,Bulk,,,0.2,0.04,-24.3,,-419,< 3.5,4300,0.586,,,,Wang et al. (2016)
Huanghe,Huanghe ,China,Asia,Lanzhou 3600 km,5,30,2015,36.06,103.83,SS,Bulk,,,0.96,0.3,-23.5,< 0.2,-344,2.1,3320,0.661,,,,Xue et al. (2017)
Huanghe,Huanghe ,China,Asia,Zhongwei 3100 km,5-Jun,,2015,37.47,105.21,SS,Bulk,,,0.37,0.3,-23.1,< 0.2,-520,2.2,5830,0.484,,,,Xue et al. (2017)
Huanghe,Huanghe ,China,Asia,Yinchuan 2800 km,5,29,2015,38.47,106.23,SS,Bulk,,,0.47,0.3,-23,< 0.2,-249,2.2,2240,0.757,,,,Xue et al. (2017)
Huanghe,Huanghe ,China,Asia,Hukou 1400 km,6,1,2015,36.11,110.45,SS,Bulk,,,2.44,0.3,-23.4,< 0.2,-566,2.5,6690,0.437,,,,Xue et al. (2017)
Huanghe,Huanghe ,China,Asia,Tongguan 1270 km,5-Jun,,2015,34.61,110.31,SS,Bulk,,,0.32,0.3,-23.7,< 0.2,-613,2.8,7550,0.39,,,,Xue et al. (2017)
Huanghe,Huanghe ,China,Asia,Xiaolangdi 800 km,6,15,2015,34.86,112.36,SS,Bulk,,,0.31,0.3,-23.7,< 0.2,-474,1.9,5090,0.53,,,,Xue et al. (2017)
Huanghe,Huanghe ,China,Asia,Huayuankou 700 km,5-Jun,,2015,34.9,113.67,SS,Bulk,,,0.25,0.3,-24.1,< 0.2,-425,2.4,4380,0.58,,,,Xue et al. (2017)
Huanghe,Huanghe ,China,Asia,Jinan 230 km,6,6,2015,36.65,117.12,SS,Bulk,,,0.29,0.3,-23.8,< 0.2,-471,2.3,5060,0.533,,,,Xue et al. (2017)
Huanghe,Huanghe ,China,Asia,Lijin,6,28,2011,37.52,118.31,SS,Bulk,1420,5.7,0.4,0.002,-23.8,0.1,-419,,4302.7,0.585,,,,Tao et al. (2015)
Huanghe,Huanghe ,China,Asia,Lijin,9,22,2011,37.52,118.31,SS,Bulk,2850,9.4,0.33,0.002,-24.2,0.1,-415,,4247.6,0.589,,,,Tao et al. (2015)
Huanghe,Huanghe ,China,Asia,Lijin,11,17,2011,37.52,118.31,SS,Bulk,620,2.8,0.45,0.002,-24,0.1,-400,,4044.2,0.604,,,,Tao et al. (2015)
Huanghe,Huanghe ,China,Asia,Lijin,1,13,2012,37.52,118.31,SS,Bulk,810,2.6,0.32,0.002,-23.9,0.1,-408,,4151,0.596,,,,Tao et al. (2015)
Huanghe,Huanghe ,China,Asia,Lijin,4,22,2012,37.52,118.31,SS,Bulk,400,1.9,0.47,0.002,-24.2,0.1,-443,,4640.6,0.561,,,,Tao et al. (2015)
Huanghe,Huanghe ,China,Asia,Lijin,6,19,2012,37.52,118.31,SS,Bulk,980,2.6,0.27,0.002,-24,0.1,-397,,4003.2,0.608,,,,Tao et al. (2015)
Huanghe,Huanghe ,China,Asia,Lijin,6,27,2012,37.52,118.31,SS,Bulk,2790,8.9,0.32,0.002,-23.8,0.1,-436,,4540.3,0.568,,,,Tao et al. (2015)
Huanghe,Huanghe ,China,Asia,Lijin,10,13,2012,37.52,118.31,SS,Bulk,,,0.3,0.002,,,-446,,4684,0.558,,,,Tao et al. (2015)
Huanghe,Huanghe ,China,Asia,Lijin,1,4,2013,37.52,118.31,SS,Bulk,,,0.26,0.002,,,-436,,4539.3,0.568,,,,Tao et al. (2015)
Huanghe,Huanghe ,China,Asia,Lijin,4,28,2013,37.52,118.31,SS,Bulk,,,0.37,0.002,,,-413,,4218.2,0.591,,,,Tao et al. (2015)
Huanghe,Huanghe ,China,Asia,Lijin,6,19,2013,37.52,118.31,SS,Bulk,,,0.28,0.002,,,-429,,4440.2,0.575,,,,Tao et al. (2015)
Huanghe,Huanghe ,China,Asia,Lijin,7,4,2013,37.52,118.31,SS,Bulk,,,0.31,0.002,,,-447,,4697.5,0.557,,,,Tao et al. (2015)
Huanghe,Huanghe ,China,Asia,Huayuankou,6,9,2015,34.9,113.67,SS,Bulk,200,0.5,0.26,,-24.8,< 0.3,-352,37,3422.1,0.653,0.04,7.1,,Yu et al. (2019)
Huanghe,Huanghe ,China,Asia,Huayuankou,11,12,2015,34.9,113.67,SS,Bulk,130,0.4,0.27,,-24.5,< 0.3,-451,8,4753.9,0.553,0.04,7.3,,Yu et al. (2019)
Huanghe,Huanghe ,China,Asia,Huayuankou,1,7,2016,34.9,113.67,SS,Bulk,170,0.6,0.34,,-24.4,< 0.3,-390,7,3906.6,0.615,0.06,6.1,,Yu et al. (2019)
Huanghe,Huanghe ,China,Asia,Huayuankou,4,24,2016,34.9,113.67,SS,Bulk,290,0.7,0.25,,-24.3,< 0.3,-410,7,4174.3,0.595,0.04,6.8,,Yu et al. (2019)
Huanghe,Huanghe ,China,Asia,Kenli,4,6,2015,37.57,118.58,SS,Bulk,1030,1.6,0.16,,-23.3,< 0.3,-412,28,4202.6,0.593,0.02,8.6,,Yu et al. (2019)
Huanghe,Huanghe ,China,Asia,Kenli,7,9,2015,37.57,118.58,SS,Bulk,6540,17.7,0.27,,-23.9,< 0.3,-409,10,4161.7,0.596,0.03,9.8,,Yu et al. (2019)
Huanghe,Huanghe ,China,Asia,Kenli,8,4,2015,37.57,118.58,SS,Bulk,680,2,0.29,,-23.5,< 0.3,-351,8,3409.7,0.654,0.04,7.9,,Yu et al. (2019)
Huanghe,Huanghe ,China,Asia,Kenli,11,24,2015,37.57,118.58,SS,Bulk,190,0.2,0.12,,-24.3,< 0.3,-429,76,4438.3,0.576,0.03,4.4,,Yu et al. (2019)
Huanghe,Huanghe ,China,Asia,Kenli,1,21,2016,37.57,118.58,SS,Bulk,260,0.9,0.35,,-24.3,< 0.3,-439,7,4579.2,0.565,0.05,7.6,,Yu et al. (2019)
Huanghe,Huanghe ,China,Asia,Kenli,7,5,2016,37.57,118.58,SS,Bulk,180,1.4,0.75,,-24.9,< 0.3,-304,7,2847.1,0.702,0.14,5.4,,Yu et al. (2019)
Huanghe,Huanghe ,China,Asia,Toudaoguai13-13,3,23,2013,40.27,111.06,SS,Bulk,1100,5.4,0.49,0.03,-25,0.2,-424.4,,4375.8,0.58,,,,Qu et al. (2020)
Huanghe,Huanghe ,China,Asia,Toudaoguai13-25,6,5,2013,40.27,111.06,SS,Bulk,2230,9.8,0.44,0.03,-24.9,0.2,-414.5,,4238.5,0.59,,,,Qu et al. (2020)
Huanghe,Huanghe ,China,Asia,Toudaoguai13-29,6,30,2013,40.27,111.06,SS,Bulk,1180,12.5,1.06,0.03,-25.8,0.2,-563.3,,6594.9,0.44,,,,Qu et al. (2020)
Huanghe,Huanghe ,China,Asia,Toudaoguai13-34,7,26,2013,40.27,111.06,SS,Bulk,1250,5.8,0.46,0.03,-24.4,0.2,-454.2,,4802.4,0.55,,,,Qu et al. (2020)
Huanghe,Huanghe ,China,Asia,Toudaoguai13-35,8,2,2013,40.27,111.06,SS,Bulk,1280,5.9,0.46,0.03,-24.1,0.2,-434.3,,4515.5,0.57,,,,Qu et al. (2020)
Huanghe,Huanghe ,China,Asia,Toudaoguai13-39,8,30,2013,40.27,111.06,SS,Bulk,2680,10.5,0.39,0.03,-24.3,0.2,-474,,5100,0.53,,,,Qu et al. (2020)
Huanghe,Huanghe ,China,Asia,Toudaoguai13-40,9,6,2013,40.27,111.06,SS,Bulk,1990,9.4,0.47,0.03,-25,0.2,-454.2,,4802.4,0.55,,,,Qu et al. (2020)
Huanghe,Huanghe ,China,Asia,Toudaoguai13-42,9,20,2013,40.27,111.06,SS,Bulk,1440,6.5,0.45,0.03,-24.3,0.2,-394.6,,3970.7,0.61,,,,Qu et al. (2020)
Huanghe,Huanghe ,China,Asia,Toudaoguai13-44,10,4,2013,40.27,111.06,SS,Bulk,1270,6.2,0.49,0.03,-24.3,0.2,-424.4,,4375.8,0.58,,,,Qu et al. (2020)
Huanghe,Huanghe ,China,Asia,Toudaoguai13-46,10,18,2013,40.27,111.06,SS,Bulk,1050,5.5,0.52,0.03,-24.4,0.2,-414.5,,4238.5,0.59,,,,Qu et al. (2020)
Huanghe,Huanghe ,China,Asia,Longmen13-5,2,2,2013,35.67,110.58,SS,Bulk,310,3.5,1.12,0.03,-25.8,0.2,-682.4,,9153.1,0.32,,,,Qu et al. (2020)
Huanghe,Huanghe ,China,Asia,Longmen13-9,3,2,2013,35.67,110.58,SS,Bulk,310,4.1,1.33,0.03,-21.9,0.2,-454.2,,4802.4,0.55,,,,Qu et al. (2020)
Huanghe,Huanghe ,China,Asia,Longmen13-13,3,30,2013,35.67,110.58,SS,Bulk,6030,36.8,0.61,0.03,-24.7,0.2,-424.4,,4375.8,0.58,,,,Qu et al. (2020)
Huanghe,Huanghe ,China,Asia,Longmen13-22,6,1,2013,35.67,110.58,SS,Bulk,150,2.8,1.88,0.03,-26.7,0.2,-404.6,,4103.5,0.6,,,,Qu et al. (2020)
Huanghe,Huanghe ,China,Asia,Longmen13-28,7,8,2013,35.67,110.58,SS,Bulk,1870,9.4,0.5,0.03,-24.8,0.2,-533.6,,6065.1,0.47,,,,Qu et al. (2020)
Huanghe,Huanghe ,China,Asia,Longmen13-29,7,12,2013,35.67,110.58,SS,Bulk,31160,49.9,0.16,0.03,-24.4,0.2,-613,,7563.9,0.39,,,0.21,Qu et al. (2020)
Huanghe,Huanghe ,China,Asia,Longmen13-31,7,22,2013,35.67,110.58,SS,Bulk,13230,55.6,0.42,0.03,-24.7,0.2,-424.4,,4375.8,0.58,,,,Qu et al. (2020)
Huanghe,Huanghe ,China,Asia,Longmen13-32,7,23,2013,35.67,110.58,SS,Bulk,68160,252.2,0.37,0.03,-25.1,0.2,-295.4,,2751.2,0.71,,,0.22,Qu et al. (2020)
Huanghe,Huanghe ,China,Asia,Longmen13-33,7,24,2013,35.67,110.58,SS,Bulk,3600,15.5,0.43,0.03,-24.3,0.2,-483.9,,5253,0.52,,,,Qu et al. (2020)
Huanghe,Huanghe ,China,Asia,Longmen13-34,7,25,2013,35.67,110.58,SS,Bulk,68990,282.9,0.41,0.03,-24.6,0.2,-295.4,,2751.2,0.71,,,0.3,Qu et al. (2020)
Huanghe,Huanghe ,China,Asia,Longmen13-37,8,12,2013,35.67,110.58,SS,Bulk,14940,43.3,0.29,0.03,-24.3,0.2,-454.2,,4802.4,0.55,,,0.22,Qu et al. (2020)
Huanghe,Huanghe ,China,Asia,Longmen13-41,9,4,2013,35.67,110.58,SS,Bulk,3480,15.7,0.45,0.03,-24.2,0.2,-414.5,,4238.5,0.59,,,,Qu et al. (2020)
Huanghe,Huanghe ,China,Asia,Longmen13-43,9,11,2013,35.67,110.58,SS,Bulk,4680,18.3,0.39,0.03,-24.9,0.2,-454.2,,4802.4,0.55,,,,Qu et al. (2020)
Indigirka,Indigirka ,Russia,Asia,,6/7 ,,1994,71.2,150.5,SS,Bulk,170,3.5,2.06,0.02,-27.4,0.5,,,,,0.24,8.5,,Lobbes et al. (2000)
Bekanbeushi ,Bekanbeushi ,Japan,Asia,,7,28,2004,43.1,144.89,SS,Bulk,16.3,1.8,10.9,,-28.7,< 0.2,20,3,modern,1.027,0.55,19.7,,Nagao et al. (2010) 
Bekanbeushi ,Bekanbeushi ,Japan,Asia,,4,14,2005,43.1,144.89,SS,Bulk,43.8,4.8,11,,-28.8,< 0.2,-103,2,819.7,0.903,0.8,13.7,,Nagao et al. (2010) 
Bekanbeushi ,Bekanbeushi ,Japan,Asia,,8,2,2005,43.1,144.89,SS,Bulk,10.8,1.3,12.4,,-28.8,< 0.2,16,6,modern,1.023,0.69,18,,Nagao et al. (2010) 
Bekanbeushi ,Bekanbeushi ,Japan,Asia,,12,1,2005,43.1,144.89,SS,Bulk,10.8,1.3,11.9,,-29.1,< 0.2,-8,5,modern,0.999,0.77,15.4,,Nagao et al. (2010) 
Bekanbeushi ,Bekanbeushi ,Japan,Asia,,4,6,2008,43.1,144.89,SS,Bulk,22.6,1.3,5.6,,-28.8,< 0.2,-9,6,modern,0.998,0.5,11.1,,Nagao et al. (2010) 
Ishikari ,Ishikari ,Japan,Asia,,4,21,2004,43.22,141.66,SS,Bulk,369.5,6.7,1.81,,-30.6,,-364,,3585,0.64,,,,Alam et al. (2007)
Ishikari ,Ishikari ,Japan,Asia,,5,19,2004,43.22,141.66,SS,Bulk,87.8,2,2.23,,-26.4,,-173,,1496.8,0.83,,,,Alam et al. (2007)
Ishikari ,Ishikari ,Japan,Asia,,6,24,2004,43.22,141.66,SS,Bulk,6.3,0.3,5.41,,-27.8,,-103,,846.4,0.9,,,,Alam et al. (2007)
Ishikari ,Ishikari ,Japan,Asia,,7,22,2004,43.22,141.66,SS,Bulk,10.8,0.4,3.81,,-28.5,,-169,,1400.6,0.84,,,,Alam et al. (2007)
Ishikari ,Ishikari ,Japan,Asia,,8,25,2004,43.22,141.66,SS,Bulk,21.9,0.7,3.02,,-25.9,,-174,,1496.8,0.83,,,,Alam et al. (2007)
Ishikari ,Ishikari ,Japan,Asia,,9,29,2004,43.22,141.66,SS,Bulk,22.1,0.6,2.51,,-30.6,,-228,,1995.9,0.78,,,,Alam et al. (2007)
Ishikari ,Ishikari ,Japan,Asia,,4,8,2005,43.22,141.66,SS,Bulk,194.5,2.6,1.33,,-26.5,,-206,,1799.5,0.799,,,,Alam et al. (2012)
Kushiro ,Kushiro ,Japan,Asia,,4,29,2004,43.56,144.34,SS,Bulk,16.8,0.7,4.01,,-29.5,,-39,,267.1,0.967,,,,Alam et al. (2012)
Kushiro ,Kushiro ,Japan,Asia,,4,13,2005,43.56,144.34,SS,Bulk,4.9,0.4,8.04,,-30.7,,-17,,84.3,0.99,,,,Alam et al. (2012)
Teshio ,Teshio ,Japan,Asia,,5,20,2004,44.88,141.74,SS,Bulk,23.7,0.8,3.24,,-26.5,,-204,,1780.3,0.801,,,,Alam et al. (2012)
Teshio ,Teshio ,Japan,Asia,,9,4,2006,44.88,141.74,SS,Bulk,2,0.1,6.83,,-25.3,0.05,-56.3,5,410.6,0.95,0.92,7.4,,Aramaki et al. (2010)
Teshio ,Teshio ,Japan,Asia,,9,5,2006,44.88,141.74,SS,Bulk,46.3,2.6,5.65,,-26.6,0.05,-38.1,5,257.7,0.968,0.63,9,,Aramaki et al. (2010)
Teshio ,Teshio ,Japan,Asia,,9,5,2006,44.88,141.74,SS,Bulk,77.7,3,3.9,,-26.3,0.05,-10.2,5,modern,0.996,0.44,8.9,,Aramaki et al. (2010)
Teshio ,Teshio ,Japan,Asia,,9,6,2006,44.88,141.74,SS,Bulk,26.1,1.1,4.16,,-26.5,0.05,-50.8,5,364.1,0.956,0.51,8.1,,Aramaki et al. (2010)
Tokachi ,Tokachi ,Japan,Asia,Moiwa Station,4,24,2003,42.7,143.63,SS,Bulk,95.4,1.2,1.3,,-26.3,< 0.2,-215,,1893.1,0.79,0.14,9.2,,Nagao et al. (2005)
Tokachi ,Tokachi ,Japan,Asia,Moiwa Station,5,11,2003,42.7,143.63,SS,Bulk,50.4,0.8,1.5,,-26.3,< 0.2,-242,,2174.2,0.763,0.17,9.1,,Nagao et al. (2005)
Tokachi ,Tokachi ,Japan,Asia,Moiwa Station,6,17,2003,42.7,143.63,SS,Bulk,13.2,0.5,3.4,,-25,< 0.2,-160,,1349.1,0.845,0.48,7.1,,Nagao et al. (2005)
Tokachi ,Tokachi ,Japan,Asia,Moiwa Station,8,4,2003,42.7,143.63,SS,Bulk,20,0.8,4,,-25.2,< 0.2,-101,,803.8,0.905,0.53,7.5,,Nagao et al. (2005)
Tokachi ,Tokachi ,Japan,Asia,,4,25,2004,42.7,143.63,SS,Bulk,15.5,0.5,2.94,,-29.2,,-242,,2173.2,0.763,,,,Alam et al. (2012)
Tokachi ,Tokachi ,Japan,Asia,,4,15,2005,42.7,143.63,SS,Bulk,11.3,0.5,4.73,,-29.2,,-154,,1290,0.852,,,,Alam et al. (2012)
Khatanga,Khatanga ,Russia,Asia,km 205,7,24,1996,71.97,102.4,SS,Bulk,52.2,1.3,2.58,,-26.8,0.02,,,,,0.27,9.5,,Rachold & Hubberten (1999)
Khatanga,Khatanga ,Russia,Asia,km 160,7,25,1996,72.27,103.09,SS,Bulk,32.6,1,2.98,,-27.6,0.38,,,,,0.35,8.5,,Rachold & Hubberten (1999)
Khatanga,Khatanga ,Russia,Asia,km 98,7,25,1996,72.61,104.46,SS,Bulk,22.5,0.7,3.33,,-28.3,0.15,,,,,0.41,8.2,,Rachold & Hubberten (1999)
Khatanga,Khatanga ,Russia,Asia,km 62,7,24,1996,72.77,105.24,SS,Bulk,22.7,0.8,3.68,,-28,< 0.4,,,,,0.42,8.9,,Rachold & Hubberten (1999)
Khatanga,Khatanga ,Russia,Asia,Khita km 320,7,22,1996,71.57,99.63,SS,Bulk,66.7,1.6,2.38,,-26.9,0.15,,,,,0.26,9,,Rachold & Hubberten (1999)
Khatanga,Khatanga ,Russia,Asia,Khita km 270,7,23,1996,71.75,100.96,SS,Bulk,68.2,1.9,2.73,,-26.9,< 0.4,,,,,0.28,9.6,,Rachold & Hubberten (1999)
Khatanga,Khatanga ,Russia,Asia,Khita km 225,7,23,1996,71.9,102.01,SS,Bulk,112.7,2.7,2.42,,-27.2,< 0.4,,,,,0.22,11.1,,Rachold & Hubberten (1999)
Khatanga,Khatanga ,Russia,Asia,Kotuy km 295,7,23,1996,71.51,103.2,SS,Bulk,22.4,0.7,3,,-27.1,< 0.4,,,,,0.33,9.2,,Rachold & Hubberten (1999)
Khatanga,Khatanga ,Russia,Asia,Kotuy km 225,7,24,1996,71.87,102.13,SS,Bulk,13.8,0.4,3.1,,-25,0.27,,,,,0.32,9.8,,Rachold & Hubberten (1999)
Khatanga,Khatanga ,Russia,Asia,Popigay km 50,7,24,1996,72.98,106.15,SS,Bulk,9.8,0.6,6.09,,-28.9,< 0.4,,,,,0.76,8,,Rachold & Hubberten (1999)
Kolyma,Kolyma ,Russia,Asia,,6/7 ,,1994,68.8,155,SS,Bulk,152,3.1,2.07,0.02,-25.6,0.5,,,,,0.2,10.5,,Lobbes et al. (2000)
Kolyma,Kolyma ,Russia,Asia,Kolymskoye/Kolymsk-1-Roshydromet 1802/1803,8,26,2003,68.75,161.3,SS,Bulk,13.3,0.4,3.01,,-33,,,,,,0.47,6.4,,Holmes et al. (2022)
Kolyma,Kolyma ,Russia,Asia,Kolymskoye/Kolymsk-1-Roshydromet 1802/1803,6,11,2004,68.75,161.3,SS,Bulk,162.7,1,0.63,,-26.5,,-370,,3660.7,0.634,0.17,3.8,,Holmes et al. (2022)
Kolyma,Kolyma ,Russia,Asia,Kolymskoye/Kolymsk-1-Roshydromet 1802/1803,6,15,2004,68.75,161.3,SS,Bulk,82.5,1.1,1.31,,-28.1,,,,,,0.42,3.1,,Holmes et al. (2022)
Kolyma,Kolyma ,Russia,Asia,Kolymskoye/Kolymsk-1-Roshydromet 1802/1803,6,25,2004,68.75,161.3,SS,Bulk,68.1,0.7,1.04,,-29.7,,-375,,3724.3,0.629,0.25,4.1,,Holmes et al. (2022)
Kolyma,Kolyma ,Russia,Asia,Kolymskoye/Kolymsk-1-Roshydromet 1802/1803,7,15,2004,68.75,161.3,SS,Bulk,38.6,0.5,1.32,,-29.9,,-411,,4197.7,0.593,0.36,3.7,,Holmes et al. (2022)
Kolyma,Kolyma ,Russia,Asia,Kolymskoye/Kolymsk-1-Roshydromet 1802/1803,8,10,2004,68.75,161.3,SS,Bulk,30.3,0.5,1.52,,-29.7,,-413,,4224.9,0.591,0.5,3,,Holmes et al. (2022)
Kolyma,Kolyma ,Russia,Asia,Kolymskoye/Kolymsk-1-Roshydromet 1802/1803,8,25,2004,68.75,161.3,SS,Bulk,37.4,0.6,1.63,,-28.8,,-417,,4279.4,0.587,0.46,3.5,,Holmes et al. (2022)
Kolyma,Kolyma ,Russia,Asia,Kolymskoye/Kolymsk-1-Roshydromet 1802/1803,9,23,2004,68.75,161.3,SS,Bulk,37.1,0.7,1.78,,-29.5,,-437,,4557.9,0.567,0.48,3.7,,Holmes et al. (2022)
Kolyma,Kolyma ,Russia,Asia,Kolymskoye/Kolymsk-1-Roshydromet 1802/1803,4,22,2005,68.75,161.3,SS,Bulk,,0.6,,,-34.6,,-635,,8052.2,0.367,0,5.9,,Holmes et al. (2022)
Kolyma,Kolyma ,Russia,Asia,Kolymskoye/Kolymsk-1-Roshydromet 1802/1803,6,30,2005,68.75,161.3,SS,Bulk,37.5,0.6,1.68,,-30.5,,-397,,4010.3,0.607,0.41,4.1,,Holmes et al. (2022)
Kolyma,Kolyma ,Russia,Asia,Kolymskoye/Kolymsk-1-Roshydromet 1802/1803,7,19,2005,68.75,161.3,SS,Bulk,12,1.5,12.17,,-27.4,,-423,,4362,0.581,2.81,4.3,,Holmes et al. (2022)
Kolyma,Kolyma ,Russia,Asia,Kolymskoye/Kolymsk-1-Roshydromet 1802/1803,8,14,2005,68.75,161.3,SS,Bulk,55.3,1.3,2.3,,-27.3,,-574,,6798.3,0.429,0.55,4.2,,Holmes et al. (2022)
Kolyma,Kolyma ,Russia,Asia,Kolymskoye/Kolymsk-1-Roshydromet 1802/1803,8,27,2005,68.75,161.3,SS,Bulk,55.3,,,,-28.4,,-526,,5946.3,0.477,,,,Holmes et al. (2022)
Kolyma,Kolyma ,Russia,Asia,Kolymskoye/Kolymsk-1-Roshydromet 1802/1803,9,12,2005,68.75,161.3,SS,Bulk,20,0.6,2.85,,-28.4,,-497,,5472.2,0.506,0.62,4.6,,Holmes et al. (2022)
Kolyma,Kolyma ,Russia,Asia,Kolymskoye/Kolymsk-1-Roshydromet 1802/1803,9,29,2005,68.75,161.3,SS,Bulk,10,0.5,4.5,,-29.9,,-493,,5393.2,0.511,0.96,4.7,,Holmes et al. (2022)
Kolyma,Kolyma ,Russia,Asia,Kolymskoye/Kolymsk-1-Roshydromet 1802/1803,7,24,2006,68.75,161.3,SS,Bulk,11.1,0.4,3.33,,-31.8,,-391,,4023.5,0.606,0.51,6.5,,Holmes et al. (2022)
Kolyma,Kolyma ,Russia,Asia,Kolymskoye/Kolymsk-1-Roshydromet 1802/1803,11,20,2006,68.75,161.3,SS,Bulk,0.4,0.1,20,,-35.1,,-168,,1525.9,0.827,3.54,5.7,,Holmes et al. (2022)
Kolyma,Kolyma ,Russia,Asia,Kolymskoye/Kolymsk-1-Roshydromet 1802/1803,6,5,2009,68.75,161.3,SS,Bulk,77.6,1.2,1.51,,-27.4,,-365,,3585,0.64,0.18,8.6,,Holmes et al. (2022)
Kolyma,Kolyma ,Russia,Asia,Kolymskoye/Kolymsk-1-Roshydromet 1802/1803,6,12,2009,68.75,161.3,SS,Bulk,70.4,1,1.43,,-27.3,,-355,,3460.5,0.65,0.14,10,,Holmes et al. (2022)
Kolyma,Kolyma ,Russia,Asia,Kolymskoye/Kolymsk-1-Roshydromet 1802/1803,6,21,2009,68.75,161.3,SS,Bulk,31.4,0.7,2.29,,-28,,-355,,3472.8,0.649,0.2,11.4,,Holmes et al. (2022)
Kolyma,Kolyma ,Russia,Asia,Kolymskoye/Kolymsk-1-Roshydromet 1802/1803,9,9,2009,68.75,161.3,SS,Bulk,115.1,0.8,0.73,,-27.4,,-422,,4348.1,0.582,0.09,8.5,,Holmes et al. (2022)
Kolyma,Kolyma ,Russia,Asia,Kolymskoye/Kolymsk-1-Roshydromet 1802/1803,11,8,2009,68.75,161.3,SS,Bulk,3.3,0.2,6.06,,-35.5,,-196,,1692.7,0.81,0.89,6.8,,Holmes et al. (2022)
Kolyma,Kolyma ,Russia,Asia,Kolymskoye/Kolymsk-1-Roshydromet 1802/1803,5,30,2010,68.75,161.3,SS,Bulk,151.7,1.5,1,,-27.6,,-401,,4050.1,0.604,0.15,6.9,,Holmes et al. (2022)
Kolyma,Kolyma ,Russia,Asia,Kolymskoye/Kolymsk-1-Roshydromet 1802/1803,6,7,2010,68.75,161.3,SS,Bulk,95.2,1.5,1.55,,-28,,-453,,4787.8,0.551,0.25,6.2,,Holmes et al. (2022)
Kolyma,Kolyma ,Russia,Asia,Kolymskoye/Kolymsk-1-Roshydromet 1802/1803,6,13,2010,68.75,161.3,SS,Bulk,31,0.9,2.94,,-29.5,,-477,,5160.8,0.526,0.28,10.3,,Holmes et al. (2022)
Kolyma,Kolyma ,Russia,Asia,Kolymskoye/Kolymsk-1-Roshydromet 1802/1803,9,20,2010,68.75,161.3,SS,Bulk,120.1,1.3,1.1,,-28.7,,-517,,5779.7,0.487,0.12,9,,Holmes et al. (2022)
Kolyma,Kolyma ,Russia,Asia,Kolymskoye/Kolymsk-1-Roshydromet 1802/1803,11,17,2010,68.75,161.3,SS,Bulk,6.1,0.3,5.41,,-30.6,,-429,,4431.4,0.576,0.3,17.8,,Holmes et al. (2022)
Kolyma,Kolyma ,Russia,Asia,Kolymskoye/Kolymsk-1-Roshydromet 1802/1803,6,10,2011,68.75,161.3,SS,Bulk,272.5,3.5,1.27,,-28.3,,-417,,4279.4,0.587,0.24,5.2,,Holmes et al. (2022)
Kolyma,Kolyma ,Russia,Asia,Kolymskoye/Kolymsk-1-Roshydromet 1802/1803,6,17,2011,68.75,161.3,SS,Bulk,229.4,2.4,1.05,,-28,,-425,,4375.8,0.58,0.17,6.1,,Holmes et al. (2022)
Kolyma,Kolyma ,Russia,Asia,Kolymskoye/Kolymsk-1-Roshydromet 1802/1803,6,24,2011,68.75,161.3,SS,Bulk,250.3,3.2,1.28,,-28.5,,-460,,4890.5,0.544,0.14,9.4,,Holmes et al. (2022)
Kolyma,Kolyma ,Russia,Asia,Kolymskoye/Kolymsk-1-Roshydromet 1802/1803,9,5,2011,68.75,161.3,SS,Bulk,50.4,1,1.88,,-29.5,,-496,,5440.5,0.508,0.18,10.3,,Holmes et al. (2022)
Kolyma,Kolyma ,Russia,Asia,Kolymskoye/Kolymsk-1-Roshydromet 1802/1803,11,5,2011,68.75,161.3,SS,Bulk,1.8,0.2,12.22,,-33.4,,-204,,1772.5,0.802,1.33,9.2,,Holmes et al. (2022)
Kolyma,Kolyma ,Russia,Asia,Kolymskoye/Kolymsk-1-Roshydromet 1802/1803,6,24,2012,68.75,161.3,SS,Bulk,16.9,0.6,3.25,,-31.9,,-313.1,,2956.3,0.692,0.39,8.4,,Holmes et al. (2022)
Kolyma,Kolyma ,Russia,Asia,Kolymskoye/Kolymsk-1-Roshydromet 1802/1803,8,22,2012,68.75,161.3,SS,Bulk,26.1,1.1,4.21,,-28.5,,-404.6,,4104.8,0.6,0.42,10,,Holmes et al. (2022)
Kolyma,Kolyma ,Russia,Asia,Kolymskoye/Kolymsk-1-Roshydromet 1802/1803,10,7,2012,68.75,161.3,SS,Bulk,8.8,0.3,3.07,,-30.9,,,,,,0.36,8.6,,Holmes et al. (2022)
Kolyma,Kolyma ,Russia,Asia,Kolymskoye/Kolymsk-1-Roshydromet 1802/1803,12,17,2012,68.75,161.3,SS,Bulk,5.2,0.1,2.12,,-36.3,,-703.7,,9711.8,0.299,0.29,7.2,,Holmes et al. (2022)
Kolyma,Kolyma ,Russia,Asia,Kolymskoye/Kolymsk-1-Roshydromet 1802/1803,3,8,2013,68.75,161.3,SS,Bulk,6.1,0.3,4.92,,-27.1,,-467.8,,5005.1,0.536,0.68,7.3,,Holmes et al. (2022)
Kolyma,Kolyma ,Russia,Asia,Kolymskoye/Kolymsk-1-Roshydromet 1802/1803,5,3,2013,68.75,161.3,SS,Bulk,9.5,0.3,2.95,,-30.3,,-445.3,,4672,0.559,0.36,8.3,,Holmes et al. (2022)
Kolyma,Kolyma ,Russia,Asia,Kolymskoye/Kolymsk-1-Roshydromet 1802/1803,7,27,2013,68.75,161.3,PSD,Bulk,10.9,0.7,6.59,,-28.8,,-392.7,,3945.7,0.612,0.78,8.5,,Holmes et al. (2022)
Kolyma,Kolyma ,Russia,Asia,Kolymskoye/Kolymsk-1-Roshydromet 1802/1803,7,27,2013,68.75,161.3,PSD,Bulk,66.9,1.1,1.66,,-28.5,,,,,,0.23,7.3,,Holmes et al. (2022)
Kolyma,Kolyma ,Russia,Asia,Kolymskoye/Kolymsk-1-Roshydromet 1802/1803,9,20,2013,68.75,161.3,PSD,Bulk,21.3,0.7,3.05,,-27.4,,,,,,0.33,9.3,,Holmes et al. (2022)
Kolyma,Kolyma ,Russia,Asia,Kolymskoye/Kolymsk-1-Roshydromet 1802/1803,9,20,2013,68.75,161.3,PSD,Bulk,29.7,0.9,3.13,,-27.2,,,,,,0.29,10.9,,Holmes et al. (2022)
Kolyma,Kolyma ,Russia,Asia,Kolymskoye/Kolymsk-1-Roshydromet 1802/1803,11,13,2013,68.75,161.3,SS,Bulk,1,0.2,17.31,,-30.7,,-359.9,,3522.5,0.645,2.09,8.3,,Holmes et al. (2022)
Kolyma,Kolyma ,Russia,Asia,Kolymskoye/Kolymsk-1-Roshydromet 1802/1803,2,28,2014,68.75,161.3,SS,Bulk,0.4,0.1,25.71,,-32.5,,-470.8,,5050.1,0.533,2.8,9.2,,Holmes et al. (2022)
Kolyma,Kolyma ,Russia,Asia,Kolymskoye/Kolymsk-1-Roshydromet 1802/1803,4,26,2014,68.75,161.3,SS,Bulk,2.1,0.2,7.25,,-29.5,,-428.4,,4430,0.576,0.68,10.6,,Holmes et al. (2022)
Kolyma,Kolyma ,Russia,Asia,Kolymskoye/Kolymsk-1-Roshydromet 1802/1803,6,8,2014,68.75,161.3,PSD,Bulk,394.6,2.5,0.63,,-27.3,,-402.7,,4078.1,0.602,0.06,10.1,,Holmes et al. (2022)
Kolyma,Kolyma ,Russia,Asia,Kolymskoye/Kolymsk-1-Roshydromet 1802/1803,6,8,2014,68.75,161.3,PSD,Bulk,25.7,1.3,5.18,,-27.7,,,,,,0.52,9.9,,Holmes et al. (2022)
Kolyma,Kolyma ,Russia,Asia,Kolymskoye/Kolymsk-1-Roshydromet 1802/1803,8,26,2014,68.75,161.3,PSD,Bulk,26.6,0.8,3.05,,-27.4,,-494.3,,5415.3,0.51,0.32,9.7,,Holmes et al. (2022)
Kolyma,Kolyma ,Russia,Asia,Kolymskoye/Kolymsk-1-Roshydromet 1802/1803,8,26,2014,68.75,161.3,PSD,Bulk,32.3,1,3.1,,-26.5,,,,,,0.33,9.3,,Holmes et al. (2022)
Kolyma,Kolyma ,Russia,Asia,Kolymskoye/Kolymsk-1-Roshydromet 1802/1803,10,11,2014,68.75,161.3,PSD,Bulk,1.6,0.3,18.9,,-33.9,,-430,,4452.3,0.575,1.93,9.8,,Holmes et al. (2022)
Kolyma,Kolyma ,Russia,Asia,Kolymskoye/Kolymsk-1-Roshydromet 1802/1803,10,11,2014,68.75,161.3,PSD,Bulk,3.5,0.2,4.64,,-32.4,,,,,,2.12,2.2,,Holmes et al. (2022)
Kolyma,Kolyma ,Russia,Asia,Kolymskoye/Kolymsk-1-Roshydromet 1802/1803,12,22,2014,68.75,161.3,SS,Bulk,0.4,0.1,28.57,,-31.7,,-591.1,,7123.1,0.412,16.71,1.7,,Holmes et al. (2022)
Kolyma,Kolyma ,Russia,Asia,Kolymskoye/Kolymsk-1-Roshydromet 1802/1803,1,23,2015,68.75,161.3,SS,Bulk,0.4,0.2,44.19,,-28.1,,-633,,7989,0.37,9.83,4.5,,Holmes et al. (2022)
Kolyma,Kolyma ,Russia,Asia,Kolymskoye/Kolymsk-1-Roshydromet 1802/1803,3,25,2015,68.75,161.3,SS,Bulk,1.8,0.1,6.11,,-30.3,,,,,,0.66,9.3,,Holmes et al. (2022)
Kolyma,Kolyma ,Russia,Asia,Kolymskoye/Kolymsk-1-Roshydromet 1802/1803,5,13,2015,68.75,161.3,SS,Bulk,1.1,0.1,11.32,,-28.8,,-514.3,,5738.5,0.49,1.63,6.9,,Holmes et al. (2022)
Kolyma,Kolyma ,Russia,Asia,Kolymskoye/Kolymsk-1-Roshydromet 1802/1803,7,23,2015,68.75,161.3,PSD,Bulk,4.7,0.5,9.57,,-33.9,,-320.7,,3042.7,0.685,1.63,5.9,,Holmes et al. (2022)
Kolyma,Kolyma ,Russia,Asia,Kolymskoye/Kolymsk-1-Roshydromet 1802/1803,7,23,2015,68.75,161.3,PSD,Bulk,4,0.4,10.75,,-33.3,,,,,,0.36,29.7,,Holmes et al. (2022)
Kolyma,Kolyma ,Russia,Asia,Kolymskoye/Kolymsk-1-Roshydromet 1802/1803,9,20,2015,68.75,161.3,PSD,Bulk,9.5,0.4,3.81,,-30.5,,-469.9,,5035.1,0.534,0.83,4.6,,Holmes et al. (2022)
Kolyma,Kolyma ,Russia,Asia,Kolymskoye/Kolymsk-1-Roshydromet 1802/1803,9,20,2015,68.75,161.3,PSD,Bulk,5.6,0.3,5.55,,-30.1,,,,,,1.03,5.4,,Holmes et al. (2022)
Kolyma,Kolyma ,Russia,Asia,Kolymskoye/Kolymsk-1-Roshydromet 1802/1803,9,20,2015,68.75,161.3,PSD,Bulk,4.1,0.3,7.84,,-30.4,,,,,,1.27,6.2,,Holmes et al. (2022)
Kolyma,Kolyma ,Russia,Asia,Kolymskoye/Kolymsk-1-Roshydromet 1802/1803,11,28,2015,68.75,161.3,SS,Bulk,1.5,0.1,7.89,,-30.8,,-518.8,,5812.7,0.485,3.42,2.3,,Holmes et al. (2022)
Kolyma,Kolyma ,Russia,Asia,Kolymskoye/Kolymsk-1-Roshydromet 1802/1803,2,6,2016,68.75,161.3,SS,Bulk,1.4,0.3,22.54,,-28.8,,,,,,1.95,11.6,,Holmes et al. (2022)
Kolyma,Kolyma ,Russia,Asia,Kolymskoye/Kolymsk-1-Roshydromet 1802/1803,4,25,2016,68.75,161.3,SS,Bulk,1.8,0.4,22.53,,-26.2,,-694.1,,9452.3,0.308,4.87,4.6,,Holmes et al. (2022)
Kolyma,Kolyma ,Russia,Asia,Kolymskoye/Kolymsk-1-Roshydromet 1802/1803,6,21,2016,68.75,161.3,PSD,Bulk,5.3,0.4,8.17,,-31.5,,-282.7,,2605.5,0.723,1.41,5.8,,Holmes et al. (2022)
Kolyma,Kolyma ,Russia,Asia,Kolymskoye/Kolymsk-1-Roshydromet 1802/1803,6,21,2016,68.75,161.3,PSD,Bulk,6.5,0.4,5.73,,-30.9,,,,,,1.05,5.5,,Holmes et al. (2022)
Kolyma,Kolyma ,Russia,Asia,Kolymskoye/Kolymsk-1-Roshydromet 1802/1803,6,21,2016,68.75,161.3,PSD,Bulk,7.3,0.4,5.51,,-31,,,,,,0.92,6,,Holmes et al. (2022)
Kolyma,Kolyma ,Russia,Asia,Kolymskoye/Kolymsk-1-Roshydromet 1802/1803,8,19,2016,68.75,161.3,PSD,Bulk,3,0.4,14.38,,-32.5,,-309.3,,2907.7,0.696,2.38,6,,Holmes et al. (2022)
Kolyma,Kolyma ,Russia,Asia,Kolymskoye/Kolymsk-1-Roshydromet 1802/1803,8,19,2016,68.75,161.3,PSD,Bulk,5.5,0.5,8.78,,-32.5,,,,,,1.34,6.6,,Holmes et al. (2022)
Kolyma,Kolyma ,Russia,Asia,Kolymskoye/Kolymsk-1-Roshydromet 1802/1803,10,4,2016,68.75,161.3,PSD,Bulk,13.1,0.4,3.05,,-29.2,,-438.1,,4566.4,0.566,0.47,6.5,,Holmes et al. (2022)
Kolyma,Kolyma ,Russia,Asia,Kolymskoye/Kolymsk-1-Roshydromet 1802/1803,10,4,2016,68.75,161.3,PSD,Bulk,21.5,0.6,2.83,,-28.4,,,,,,0.33,8.6,,Holmes et al. (2022)
Kolyma,Kolyma ,Russia,Asia,Kolymskoye/Kolymsk-1-Roshydromet 1802/1803,10,4,2016,68.75,161.3,PSD,Bulk,12.6,0.6,4.54,,-28.5,,,,,,0.53,8.6,,Holmes et al. (2022)
Kolyma,Kolyma ,Russia,Asia,Kolymskoye/Kolymsk-1-Roshydromet 1802/1803,12,1,2016,68.75,161.3,SS,Bulk,,0.2,,,-29.5,,-557.1,,6478.9,0.446,,5.7,,Holmes et al. (2022)
Kolyma,Kolyma ,Russia,Asia,Kolymskoye/Kolymsk-1-Roshydromet 1802/1803,2,9,2017,68.75,161.3,SS,Bulk,,0.2,,,-28.6,,-384.8,,3837.5,0.62,,10.4,,Holmes et al. (2022)
Kolyma,Kolyma ,Russia,Asia,Kolymskoye/Kolymsk-1-Roshydromet 1802/1803,4,13,2017,68.75,161.3,SS,Bulk,,0.2,,,-29.5,,-391,,3919.5,0.614,,8.6,,Holmes et al. (2022)
Kolyma,Kolyma ,Russia,Asia,Kolymskoye/Kolymsk-1-Roshydromet 1802/1803,6,1,2017,68.75,161.3,SS,Bulk,,2.4,,,-27.4,,-388.3,,3882.9,0.617,,8,,Holmes et al. (2022)
Kolyma,Kolyma ,Russia,Asia,Kolymskoye/Kolymsk-1-Roshydromet 1802/1803,8,8,2017,68.75,161.3,SS,Bulk,17.1,0.9,5.04,,-28.7,,,,,,0.07,7.6,,Holmes et al. (2022)
Kolyma,Kolyma ,Russia,Asia,Kolymskoye/Kolymsk-1-Roshydromet 1802/1803,10,3,2017,68.75,161.3,SS,Bulk,4.7,0.3,6.02,,-31.4,,-392.3,,3936.5,0.613,0.09,7,,Holmes et al. (2022)
Kolyma,Kolyma ,Russia,Asia,Kolymskoye/Kolymsk-1-Roshydromet 1802/1803,12,2,2017,68.75,161.3,SS,Bulk,0.7,0.2,32.31,,-31,,-464.7,,4954.3,0.54,0.28,11.5,,Holmes et al. (2022)
Kolyma,Kolyma ,Russia,Asia,Kolymskoye/Kolymsk-1-Roshydromet 1802/1803,1,22,2018,68.75,161.3,SS,Bulk,1,0.5,46,,-25.7,,-234.7,,2082.9,0.772,0.48,9.6,,Holmes et al. (2022)
Kolyma,Kolyma ,Russia,Asia,Kolymskoye/Kolymsk-1-Roshydromet 1802/1803,3,6,2018,68.75,161.3,SS,Bulk,,0.4,,,-27.3,,-283.3,,2609.9,0.723,,6.8,,Holmes et al. (2022)
Kolyma,Kolyma ,Russia,Asia,Kolymskoye/Kolymsk-1-Roshydromet 1802/1803,Five,5,2018,68.75,161.3,SS,Bulk,0.4,0.3,59.52,,-29,,-503.6,,5560,0.501,0.52,11.4,,Holmes et al. (2022)
Kolyma,Kolyma ,Russia,Asia,Kolymskoye/Kolymsk-1-Roshydromet 1802/1803,Seven,25,2018,68.75,161.3,SS,Bulk,8.9,0.6,6.17,,-32.1,,-330.2,,3152.6,0.675,0.1,6,,Holmes et al. (2022)
Kolyma,Kolyma ,Russia,Asia,Kolymskoye/Kolymsk-1-Roshydromet 1802/1803,9,20,2018,68.75,161.3,SS,Bulk,2.7,0.3,12.08,,-33.7,,-305.1,,2858.3,0.701,0.2,6,,Holmes et al. (2022)
Kolyma,Kolyma ,Russia,Asia,Kolymskoye/Kolymsk-1-Roshydromet 1802/1803,11,10,2018,68.75,161.3,SS,Bulk,2.3,0.3,11.4,,-31.3,,-383.9,,3824.5,0.621,0.12,9.3,,Holmes et al. (2022)
Kolyma,Kolyma ,Russia,Asia,Kolymskoye/Kolymsk-1-Roshydromet 1802/1803,2,6,2019,68.75,161.3,SS,Bulk,0.2,0.4,,,-28,,-308,,2890.5,0.698,1.55,11.6,,Holmes et al. (2022)
Kolyma,Kolyma ,Russia,Asia,Kolymskoye/Kolymsk-1-Roshydromet 1802/1803,4,22,2019,68.75,161.3,SS,Bulk,0.3,0.4,,,-27.1,,-354.2,,3444.4,0.651,1.65,8,,Holmes et al. (2022)
Kolyma,Kolyma ,Russia,Asia,Kolymskoye/Kolymsk-1-Roshydromet 1802/1803,6,13,2019,68.75,161.3,SS,Bulk,50.9,1.3,2.49,,-27.4,,-394.8,,3966.7,0.61,0.03,9.7,,Holmes et al. (2022)
Kolyma,Kolyma ,Russia,Asia,Kolymskoye/Kolymsk-1-Roshydromet 1802/1803,8,25,2019,68.75,161.3,SS,Bulk,45.1,1.4,3.15,,-26.8,,-450.9,,4748.6,0.554,0.03,10.8,,Holmes et al. (2022)
Kolyma,Kolyma ,Russia,Asia,Kolymskoye/Kolymsk-1-Roshydromet 1802/1803,9,26,2012,68.75,161.3,SS,Bulk,,0.4,,,-28.6,,-261.4,,2531.4,0.73,,6.5,,Holmes et al. (2022)
Kolyma,Kolyma ,Russia,Asia,Delta,10,7,2012,68.75,161.3,SS,Bulk,,0.3,,,-30.5,,-213.5,2.1,2067.3,0.773,,5.3,,Bröder et al. (2020)
Kolyma,Kolyma ,Russia,Asia,Delta,5,30,2013,68.75,161.3,SS,Bulk,,1.4,,,-31.8,,-109.2,1,1149.2,0.867,,8.4,,Bröder et al. (2020)
Kolyma,Kolyma ,Russia,Asia,Delta,6,9,2013,68.75,161.3,SS,Bulk,,1.9,,,-29,,-233.8,2.2,1316.9,0.849,,6.7,,Bröder et al. (2020)
Kolyma,Kolyma ,Russia,Asia,Delta,6,9,2013,68.75,161.3,SS,Bulk,,1.5,,,-28.7,,-129.9,1.4,2261.8,0.755,,8.4,,Bröder et al. (2020)
Kolyma,Kolyma ,Russia,Asia,Delta,6,22,2013,68.75,161.3,SS,Bulk,,0.9,,,-28.3,,-343.7,3.7,3387.9,0.656,,8.3,,Bröder et al. (2020)
Kolyma,Kolyma ,Russia,Asia,Delta,7,1,2013,68.75,161.3,SS,Bulk,,1.1,,,-32.6,,-212.4,1.9,2056.9,0.774,,6.9,,Bröder et al. (2020)
Kolyma,Kolyma ,Russia,Asia,Delta,7,8,2013,68.75,161.3,SS,Bulk,,0.3,,,-29.1,,-301.3,3.2,2963.3,0.692,,5.9,,Bröder et al. (2020)
Kolyma,Kolyma ,Russia,Asia,Delta,7,20,2013,68.75,161.3,SS,Bulk,,0.6,,,-28.9,,-306.9,3.2,2992.4,0.689,,7.6,,Bröder et al. (2020)
Kolyma,Kolyma ,Russia,Asia,Delta,7,30,2013,68.75,161.3,SS,Bulk,,0.5,,,-27.4,,-385.7,4,3660.7,0.634,,5.9,,Bröder et al. (2020)
Kolyma,Kolyma ,Russia,Asia,Delta,7,30,2013,68.75,161.3,SS,Bulk,,0.5,,,-27.4,,-367.2,3.9,3876.4,0.617,,5.7,,Bröder et al. (2020)
Kolyma,Kolyma ,Russia,Asia,Delta,8,7,2013,68.75,161.3,SS,Bulk,,0.4,,,-27.5,,-436.9,4.8,4488.8,0.572,,7.2,,Bröder et al. (2020)
Kolyma,Kolyma ,Russia,Asia,Delta,8,15,2013,68.75,161.3,SS,Bulk,,0.7,,,-27.9,,-392.5,3.9,3945.7,0.612,,5.4,,Bröder et al. (2020)
Kolyma,Kolyma ,Russia,Asia,Delta,8,21,2013,68.75,161.3,SS,Bulk,,0.3,,,-27.8,,-359.6,3.5,3567.5,0.641,,6.7,,Bröder et al. (2020)
Kolyma,Kolyma ,Russia,Asia,Delta,8,26,2013,68.75,161.3,SS,Bulk,,0.7,,,-27.3,,-416.9,4.9,4241.2,0.59,,7.7,,Bröder et al. (2020)
Kolyma,Kolyma ,Russia,Asia,Delta,9,29,2014,68.75,161.3,SS,Bulk,,0.6,,,-28.7,,-404.1,0,4083.4,0.602,,7.6,,Bröder et al. (2020)
Kolyma,Kolyma ,Russia,Asia,Delta,10,4,2014,68.75,161.3,SS,Bulk,,0.3,,,-30.9,,-246.8,2.5,2472.1,0.735,,5.5,,Bröder et al. (2020)
Kolyma,Kolyma ,Russia,Asia,Delta,6,10,2015,68.75,161.3,SS,Bulk,,2.3,,,-26.7,,-297.6,2.7,2891.6,0.698,,7.4,,Bröder et al. (2020)
Kolyma,Kolyma ,Russia,Asia,Delta,6,16,2015,68.75,161.3,SS,Bulk,,1.4,,,-28.6,,-224.6,2.3,2165.5,0.764,,7.6,,Bröder et al. (2020)
Kolyma,Kolyma ,Russia,Asia,Delta,6,23,2015,68.75,161.3,SS,Bulk,,2.6,,,-28,,-438,5,4502.8,0.571,,7,,Bröder et al. (2020)
Kolyma,Kolyma ,Russia,Asia,Delta,6,30,2015,68.75,161.3,SS,Bulk,,1.1,,,-27.6,,-378.7,4.9,3782,0.625,,8.5,,Bröder et al. (2020)
Kolyma,Kolyma ,Russia,Asia,Delta,7,8,2015,68.75,161.3,SS,Bulk,,0.9,,,-28.9,,-353,3.4,3490.2,0.648,,8.1,,Bröder et al. (2020)
Kolyma,Kolyma ,Russia,Asia,Delta,7,18,2015,68.75,161.3,SS,Bulk,,0.4,,,-31.4,,-212.3,2.1,2056.9,0.774,,5.9,,Bröder et al. (2020)
Kolyma,Kolyma ,Russia,Asia,Delta,7,25,2015,68.75,161.3,SS,Bulk,,0.4,,,-31.6,,-213.2,2,2103.7,0.77,,5.4,,Bröder et al. (2020)
Kolyma,Kolyma ,Russia,Asia,Delta,7,31,2015,68.75,161.3,SS,Bulk,,0.4,,,-31.8,,-199.3,1.7,1948.7,0.785,,5.8,,Bröder et al. (2020)
Kolyma,Kolyma ,Russia,Asia,Delta,8,7,2015,68.75,161.3,SS,Bulk,,0.5,,,-29,,-390.8,5,3924.7,0.614,,7.4,,Bröder et al. (2020)
Kolyma,Kolyma ,Russia,Asia,Delta,8,13,2015,68.75,161.3,SS,Bulk,,0.4,,,-30.2,,-288.1,2.8,2835.4,0.703,,5.3,,Bröder et al. (2020)
Kolyma,Kolyma ,Russia,Asia,Delta,8,20,2015,68.75,161.3,SS,Bulk,,0.8,,,-27.4,,-431.2,4.7,4416.1,0.577,,8.4,,Bröder et al. (2020)
Kolyma,Kolyma ,Russia,Asia,Delta,8,27,2015,68.75,161.3,SS,Bulk,,0.7,,,-27.4,,-375.6,4,3747.3,0.627,,9,,Bröder et al. (2020)
Kolyma,Kolyma ,Russia,Asia,Delta,9,11,2015,68.75,161.3,SS,Bulk,,0.3,,,-31,,-205.4,2.1,2085,0.771,,5.9,,Bröder et al. (2020)
Kolyma,Kolyma ,Russia,Asia,Delta,9,20,2015,68.75,161.3,SS,Bulk,,0.3,,,-28.8,,-321.6,4.5,3153.7,0.675,,5.3,,Bröder et al. (2020)
Lena,Lena ,Russia,Asia,Kusur-Roshydromet 3821,8,12,2003,66.77,123.37,SS,Bulk,111,2.2,1.99,,-25.2,0.01,,,,,0.18,11,,Holmes et al. (2022)
Lena,Lena ,Russia,Asia,Kusur-Roshydromet 3821,4,9,2004,66.77,123.37,SS,Bulk,17.7,0.2,0.9,,-31.5,0.01,-320.8,,3050.9,0.684,0.11,8.1,,Holmes et al. (2022)
Lena,Lena ,Russia,Asia,Kusur-Roshydromet 3821,6,5,2004,66.77,123.37,SS,Bulk,221,4.1,1.87,,-27.7,0.01,-262.2,,2386.3,0.743,0.2,9.5,,Holmes et al. (2022)
Lena,Lena ,Russia,Asia,Kusur-Roshydromet 3821,6,7,2004,66.77,123.37,SS,Bulk,156.1,3.7,2.38,,-27.4,0.01,-249.8,,2257.6,0.755,0.25,9.5,,Holmes et al. (2022)
Lena,Lena ,Russia,Asia,Kusur-Roshydromet 3821,8,19,2004,66.77,123.37,SS,Bulk,27.5,0.7,2.58,,-29.6,0.01,-289.5,,2694.9,0.715,0.61,4.2,,Holmes et al. (2022)
Lena,Lena ,Russia,Asia,Kusur-Roshydromet 3821,8,24,2004,66.77,123.37,SS,Bulk,21,0.8,3.57,,-30,0.01,-285.9,,2650,0.719,0.61,5.9,,Holmes et al. (2022)
Lena,Lena ,Russia,Asia,Kusur-Roshydromet 3821,10,7,2004,66.77,123.37,SS,Bulk,17.8,0.7,3.71,,-29.9,0.01,-283.4,,2627.7,0.721,0.62,6,,Holmes et al. (2022)
Lena,Lena ,Russia,Asia,Kusur-Roshydromet 3821,10,10,2004,66.77,123.37,SS,Bulk,16.5,0.5,3.15,,-30.3,0.01,-329.9,,3169.2,0.674,0.57,5.5,,Holmes et al. (2022)
Lena,Lena ,Russia,Asia,Kusur-Roshydromet 3821,3,24,2005,66.77,123.37,SS,Bulk,2.4,0.1,3.33,,-35.2,,-355.1,,3472.8,0.649,0.44,7.5,,Holmes et al. (2022)
Lena,Lena ,Russia,Asia,Kusur-Roshydromet 3821,5,27,2005,66.77,123.37,SS,Bulk,77.3,2,2.52,,-27.8,,-288.7,,2683.6,0.716,0.36,6.9,,Holmes et al. (2022)
Lena,Lena ,Russia,Asia,Kusur-Roshydromet 3821,6,4,2005,66.77,123.37,SS,Bulk,42.8,1.3,3.13,,-26.9,,-257.7,,2343.1,0.747,0.44,7.1,,Holmes et al. (2022)
Lena,Lena ,Russia,Asia,Kusur-Roshydromet 3821,8,6,2005,66.77,123.37,SS,Bulk,49.5,1,1.98,,-28.9,,-336.4,,3241.1,0.668,0.41,4.8,,Holmes et al. (2022)
Lena,Lena ,Russia,Asia,Kusur-Roshydromet 3821,8,14,2005,66.77,123.37,SS,Bulk,22,0.9,4.18,,-29.5,,-324.2,,3098,0.68,0.75,5.6,,Holmes et al. (2022)
Lena,Lena ,Russia,Asia,Kusur-Roshydromet 3821,10,9,2005,66.77,123.37,SS,Bulk,27,0.9,3.33,,-28.4,,-355.7,,3472.8,0.649,0.45,7.4,,Holmes et al. (2022)
Lena,Lena ,Russia,Asia,Kusur-Roshydromet 3821,10,10,2005,66.77,123.37,SS,Bulk,19,0.8,4.26,,-29.2,,-353.7,,3448.1,0.651,0.63,6.8,,Holmes et al. (2022)
Lena,Lena ,Russia,Asia,Kusur-Roshydromet 3821,6,6,2006,66.77,123.37,SS,Bulk,133.3,2.2,1.61,,-27.8,,-398.2,,4130.3,0.598,0.16,10.1,,Holmes et al. (2022)
Lena,Lena ,Russia,Asia,Kusur-Roshydromet 3821,11,14,2006,66.77,123.37,SS,Bulk,2.7,0.2,7.04,,-36,,,,,,0.68,10.4,,Holmes et al. (2022)
Lena,Lena ,Russia,Asia,Kusur-Roshydromet 3821,5,31,2009,66.77,123.37,SS,Bulk,51.8,1.4,2.74,,-27.1,,-198.8,,1722.5,0.807,0.16,17.6,,Holmes et al. (2022)
Lena,Lena ,Russia,Asia,Kusur-Roshydromet 3821,6,5,2009,66.77,123.37,SS,Bulk,70.4,2.7,3.78,,-27.2,,-261,,2375.5,0.744,0.43,8.9,,Holmes et al. (2022)
Lena,Lena ,Russia,Asia,Kusur-Roshydromet 3821,6,11,2009,66.77,123.37,SS,Bulk,79.7,1.8,2.3,,-26.6,,-270.9,,2484.2,0.734,0.24,9.4,,Holmes et al. (2022)
Lena,Lena ,Russia,Asia,Kusur-Roshydromet 3821,8,22,2009,66.77,123.37,SS,Bulk,18,1.1,5.83,,-29.7,,,,,,0.7,8.4,,Holmes et al. (2022)
Lena,Lena ,Russia,Asia,Kusur-Roshydromet 3821,11,18,2009,66.77,123.37,SS,Bulk,1.5,0.2,13.33,,-32.5,,-185.8,,1594.2,0.82,2.11,6.3,,Holmes et al. (2022)
Lena,Lena ,Russia,Asia,Kusur-Roshydromet 3821,5,29,2010,66.77,123.37,SS,Bulk,54.4,1.5,2.83,,-28.3,,-229.9,,2037.2,0.776,0.43,6.6,,Holmes et al. (2022)
Lena,Lena ,Russia,Asia,Kusur-Roshydromet 3821,6,4,2010,66.77,123.37,SS,Bulk,28.8,1.5,5.14,,-29.1,,-204.9,,1782.5,0.801,0.67,7.7,,Holmes et al. (2022)
Lena,Lena ,Russia,Asia,Kusur-Roshydromet 3821,6,11,2010,66.77,123.37,SS,Bulk,23.8,1.2,5.08,,-27,,-271.2,,2484.2,0.734,0.68,7.5,,Holmes et al. (2022)
Lena,Lena ,Russia,Asia,Kusur-Roshydromet 3821,9,1,2010,66.77,123.37,SS,Bulk,29.2,0.9,2.98,,-28,,-296.3,,2762.5,0.709,0.6,5,,Holmes et al. (2022)
Lena,Lena ,Russia,Asia,Kusur-Roshydromet 3821,11,23,2010,66.77,123.37,SS,Bulk,0.7,0.2,30,,-32.6,,-244.8,,2194,0.761,5.44,5.5,,Holmes et al. (2022)
Lena,Lena ,Russia,Asia,Kusur-Roshydromet 3821,5,27,2011,66.77,123.37,SS,Bulk,36.4,1.8,4.86,,-28.4,,,,,,0.62,7.8,,Holmes et al. (2022)
Lena,Lena ,Russia,Asia,Kusur-Roshydromet 3821,6,2,2011,66.77,123.37,SS,Bulk,35.2,1.2,3.41,,-29.4,,-163.7,,1381.5,0.842,0.55,6.2,,Holmes et al. (2022)
Lena,Lena ,Russia,Asia,Kusur-Roshydromet 3821,6,8,2011,66.77,123.37,SS,Bulk,35.3,1.5,4.36,,-28.9,,,,,,0.56,7.8,,Holmes et al. (2022)
Lena,Lena ,Russia,Asia,Kusur-Roshydromet 3821,9,17,2011,66.77,123.37,SS,Bulk,101.5,1.7,1.68,,-29.5,,-274,,2517.1,0.731,0.17,9.8,,Holmes et al. (2022)
Lena,Lena ,Russia,Asia,Kusur-Roshydromet 3821,11,16,2011,66.77,123.37,SS,Bulk,4.3,0.2,3.49,,-29.1,,-167.4,,1410.1,0.839,1.11,3.1,,Holmes et al. (2022)
Lena,Lena ,Russia,Asia,Kusur-Roshydromet 3821,8,20,2012,66.77,123.37,SS,Bulk,32.1,1,3.08,,-30.5,,,,,,0.39,7.9,,Holmes et al. (2022)
Lena,Lena ,Russia,Asia,Kusur-Roshydromet 3821,10,8,2012,66.77,123.37,SS,Bulk,13.3,0.3,2.56,,-29.2,,,,,,0.32,7.9,,Holmes et al. (2022)
Lena,Lena ,Russia,Asia,Kusur-Roshydromet 3821,12,8,2012,66.77,123.37,SS,Bulk,2.1,0.1,5.24,,-30.3,,-507.3,,5624.5,0.497,0.58,9.1,,Holmes et al. (2022)
Lena,Lena ,Russia,Asia,Kusur-Roshydromet 3821,1,5,2013,66.77,123.37,SS,Bulk,2.1,0.1,5.71,,-32.3,,-477.4,,5151.7,0.527,0.6,9.6,,Holmes et al. (2022)
Lena,Lena ,Russia,Asia,Kusur-Roshydromet 3821,3,31,2013,66.77,123.37,SS,Bulk,15.1,0.1,0.66,,-34,,-545.1,,6265.8,0.458,0.08,8.5,,Holmes et al. (2022)
Lena,Lena ,Russia,Asia,Kusur-Roshydromet 3821,5,31,2013,66.77,123.37,SS,Bulk,53.4,1.4,2.62,,-26.9,,,,,,0.26,10,,Holmes et al. (2022)
Lena,Lena ,Russia,Asia,Kusur-Roshydromet 3821,7,30,2013,66.77,123.37,PSD,Bulk,51,1.5,2.86,,-28.9,,-261.9,,2378.7,0.744,0.37,7.8,,Holmes et al. (2022)
Lena,Lena ,Russia,Asia,Kusur-Roshydromet 3821,7,30,2013,66.77,123.37,PSD,Bulk,23.3,1,4.21,,-27,,,,,,0.39,10.7,,Holmes et al. (2022)
Lena,Lena ,Russia,Asia,Kusur-Roshydromet 3821,9,20,2013,66.77,123.37,PSD,Bulk,25.5,0.7,2.66,,-27.1,,,,,,0.32,8.3,,Holmes et al. (2022)
Lena,Lena ,Russia,Asia,Kusur-Roshydromet 3821,9,20,2013,66.77,123.37,PSD,Bulk,23.5,1,4.3,,-27.8,,,,,,0.37,11.8,,Holmes et al. (2022)
Lena,Lena ,Russia,Asia,Kusur-Roshydromet 3821,11,16,2013,66.77,123.37,SS,Bulk,1.7,0.2,9.47,,-32.6,,-380.4,,3784.5,0.624,0.97,9.7,,Holmes et al. (2022)
Lena,Lena ,Russia,Asia,Kusur-Roshydromet 3821,2,15,2014,66.77,123.37,SS,Bulk,2,0.1,6.93,,-33.1,,-351.4,,3414.9,0.654,0.76,9.1,,Holmes et al. (2022)
Lena,Lena ,Russia,Asia,Kusur-Roshydromet 3821,4,11,2014,66.77,123.37,SS,Bulk,3.4,0.2,6.73,,-31.3,,-363,,3560,0.642,0.58,11.5,,Holmes et al. (2022)
Lena,Lena ,Russia,Asia,Kusur-Roshydromet 3821,6,4,2014,66.77,123.37,PSD,Bulk,29.9,0.9,2.87,,-28.9,,-204.2,,1772.5,0.802,0.33,8.6,,Holmes et al. (2022)
Lena,Lena ,Russia,Asia,Kusur-Roshydromet 3821,6,4,2014,66.77,123.37,PSD,Bulk,37.5,1.9,5.17,,-28.6,,,,,,0.57,9.1,,Holmes et al. (2022)
Lena,Lena ,Russia,Asia,Kusur-Roshydromet 3821,8,27,2014,66.77,123.37,PSD,Bulk,14.9,0.7,4.58,,-28.9,,-338.8,,3261.5,0.666,0.55,8.4,,Holmes et al. (2022)
Lena,Lena ,Russia,Asia,Kusur-Roshydromet 3821,8,27,2014,66.77,123.37,PSD,Bulk,57.5,0.8,1.37,,-28.7,,,,,,0.14,9.9,,Holmes et al. (2022)
Lena,Lena ,Russia,Asia,Kusur-Roshydromet 3821,10,30,2014,66.77,123.37,SS,Bulk,0.7,0.2,22.06,,-30.7,,-442.8,,4636.2,0.562,3.06,7.2,,Holmes et al. (2022)
Lena,Lena ,Russia,Asia,Kusur-Roshydromet 3821,12,2,2014,66.77,123.37,SS,Bulk,1,0.1,8.82,,-29.8,,-597.8,,7254.8,0.405,0.97,9.1,,Holmes et al. (2022)
Lena,Lena ,Russia,Asia,Kusur-Roshydromet 3821,1,6,2015,66.77,123.37,SS,Bulk,2,0.1,6.03,,-32.9,,-372.2,,3675.9,0.633,0.74,8.1,,Holmes et al. (2022)
Lena,Lena ,Russia,Asia,Kusur-Roshydromet 3821,3,25,2015,66.77,123.37,SS,Bulk,0.7,0.1,13.24,,-34.6,,-520.5,,5840.9,0.483,1.78,7.4,,Holmes et al. (2022)
Lena,Lena ,Russia,Asia,Kusur-Roshydromet 3821,5,2,2015,66.77,123.37,SS,Bulk,2.1,0.3,12.08,,-30.1,,-473.4,,5087.9,0.531,0.92,13.1,,Holmes et al. (2022)
Lena,Lena ,Russia,Asia,Kusur-Roshydromet 3821,7,9,2015,66.77,123.37,PSD,Bulk,24.8,0.9,3.62,,-30.3,,-286.1,,2644.5,0.72,0.5,7.3,,Holmes et al. (2022)
Lena,Lena ,Russia,Asia,Kusur-Roshydromet 3821,7,9,2015,66.77,123.37,PSD,Bulk,42.9,0.7,1.63,,-30.9,,,,,,0.23,7.3,,Holmes et al. (2022)
Lena,Lena ,Russia,Asia,Kusur-Roshydromet 3821,9,23,2015,66.77,123.37,PSD,Bulk,16.9,0.8,4.91,,-31.6,,-246.8,,2213,0.759,0.77,6.4,,Holmes et al. (2022)
Lena,Lena ,Russia,Asia,Kusur-Roshydromet 3821,9,23,2015,66.77,123.37,PSD,Bulk,11.5,1.2,10.08,,-31.4,,,,,,0.22,45.1,,Holmes et al. (2022)
Lena,Lena ,Russia,Asia,Kusur-Roshydromet 3821,9,23,2015,66.77,123.37,PSD,Bulk,5.8,1,16.44,,-31.7,,,,,,1.39,11.8,,Holmes et al. (2022)
Lena,Lena ,Russia,Asia,Kusur-Roshydromet 3821,11,27,2015,66.77,123.37,SS,Bulk,1.6,0.1,6.75,,-29.2,,-574.2,,6796.4,0.429,0.79,8.5,,Holmes et al. (2022)
Lena,Lena ,Russia,Asia,Kusur-Roshydromet 3821,2,29,2016,66.77,123.37,SS,Bulk,1.7,0.2,12.65,,-30.2,,-473.2,,5084.8,0.531,1.26,10,,Holmes et al. (2022)
Lena,Lena ,Russia,Asia,Kusur-Roshydromet 3821,4,1,2016,66.77,123.37,SS,Bulk,2.1,0.2,7.21,,-31.7,,-436.5,,4542.3,0.568,0.75,9.6,,Holmes et al. (2022)
Lena,Lena ,Russia,Asia,Kusur-Roshydromet 3821,6,29,2016,66.77,123.37,PSD,Bulk,16.6,0.6,3.67,,-31,,-302,,2824,0.704,0.45,8.2,,Holmes et al. (2022)
Lena,Lena ,Russia,Asia,Kusur-Roshydromet 3821,6,29,2016,66.77,123.37,PSD,Bulk,15.7,0.8,5.16,,-30.2,,,,,,0.59,8.7,,Holmes et al. (2022)
Lena,Lena ,Russia,Asia,Kusur-Roshydromet 3821,6,29,2016,66.77,123.37,PSD,Bulk,19.4,0.8,3.86,,-30.4,,,,,,0.56,6.8,,Holmes et al. (2022)
Lena,Lena ,Russia,Asia,Kusur-Roshydromet 3821,8,2,2016,66.77,123.37,PSD,Bulk,26,0.7,2.73,,-30.2,,-301,,2812.6,0.705,0.41,6.6,,Holmes et al. (2022)
Lena,Lena ,Russia,Asia,Kusur-Roshydromet 3821,8,2,2016,66.77,123.37,PSD,Bulk,23.1,0.8,3.38,,-29.8,,,,,,0.42,8.1,,Holmes et al. (2022)
Lena,Lena ,Russia,Asia,Kusur-Roshydromet 3821,8,2,2016,66.77,123.37,PSD,Bulk,14.6,1,6.66,,-29.6,,,,,,0.72,9.3,,Holmes et al. (2022)
Lena,Lena ,Russia,Asia,Kusur-Roshydromet 3821,10,27,2016,66.77,123.37,SS,Bulk,0.6,0.2,28.81,,-30.4,,-380.7,,3784.5,0.624,4.43,6.5,,Holmes et al. (2022)
Lena,Lena ,Russia,Asia,Kusur-Roshydromet 3821,12,6,2016,66.77,123.37,SS,Bulk,2.4,0.1,3.73,,-30.1,,-470.5,,5042.6,0.534,0.51,7.3,,Holmes et al. (2022)
Lena,Lena ,Russia,Asia,Kusur-Roshydromet 3821,2,27,2017,66.77,123.37,SS,Bulk,2.6,0.2,5.75,,-30.1,,-406.7,,4127.6,0.598,11.45,0.5,,Holmes et al. (2022)
Lena,Lena ,Russia,Asia,Kusur-Roshydromet 3821,4,1,2017,66.77,123.37,SS,Bulk,1.7,0.1,8.09,,-31,,-462.8,,4926.1,0.542,11.11,0.7,,Holmes et al. (2022)
Lena,Lena ,Russia,Asia,Kusur-Roshydromet 3821,6,29,2017,66.77,123.37,SS,Bulk,41,0.8,1.86,,-30.1,,-269.6,,2459,0.736,7.17,0.3,,Holmes et al. (2022)
Lena,Lena ,Russia,Asia,Kusur-Roshydromet 3821,8,2,2017,66.77,123.37,SS,Bulk,7.6,0.5,6.82,,-31.2,,-397.1,,3999.7,0.608,6.36,1.1,,Holmes et al. (2022)
Lena,Lena ,Russia,Asia,Kusur-Roshydromet 3821,10,28,2017,66.77,123.37,SS,Bulk,1.1,0.2,14.15,,-31.4,,-437.8,,4560.7,0.567,7.58,1.9,,Holmes et al. (2022)
Lena,Lena ,Russia,Asia,Kusur-Roshydromet 3821,12,5,2017,66.77,123.37,SS,Bulk,1,0.1,12.37,,-35.9,,-451.7,,4761.6,0.553,7.1,1.7,,Holmes et al. (2022)
Lena,Lena ,Russia,Asia,Kusur-Roshydromet 3821,1,3,2018,66.77,123.37,SS,Bulk,0.3,0.1,28.13,,-32.4,,-365.2,,3583.8,0.64,6.92,4.1,,Holmes et al. (2022)
Lena,Lena ,Russia,Asia,Kusur-Roshydromet 3821,3,8,2018,66.77,123.37,SS,Bulk,1.5,0.1,8.97,,-31.6,,-344.4,,3325.7,0.661,9.29,1,,Holmes et al. (2022)
Lena,Lena ,Russia,Asia,Kusur-Roshydromet 3821,5,1,2018,66.77,123.37,SS,Bulk,0.8,0.2,19.74,,-31.5,,-355.7,,3464.2,0.65,11.54,1.7,,Holmes et al. (2022)
Lena,Lena ,Russia,Asia,Kusur-Roshydromet 3821,7,18,2018,66.77,123.37,SS,Bulk,20.4,1.1,5.26,,-31.6,,-259.7,,2348.5,0.747,6.99,0.8,,Holmes et al. (2022)
Lena,Lena ,Russia,Asia,Kusur-Roshydromet 3821,9,29,2018,66.77,123.37,SS,Bulk,11,0.5,4.92,,-31.6,,-260.3,,2356.1,0.746,7.5,0.7,,Holmes et al. (2022)
Lena,Lena ,Russia,Asia,Kusur-Roshydromet 3821,11,28,2018,66.77,123.37,SS,Bulk,,0.2,,,-35,,-356,,3469.1,0.649,7.62,,,Holmes et al. (2022)
Lena,Lena ,Russia,Asia,Kusur-Roshydromet 3821,2,17,2019,66.77,123.37,SS,Bulk,1.2,0.1,10.74,,-31.7,,-395.8,,3981.2,0.609,8.13,1.3,,Holmes et al. (2022)
Lena,Lena ,Russia,Asia,Kusur-Roshydromet 3821,4,2,2019,66.77,123.37,SS,Bulk,1.9,0.2,8.11,,-31.2,,-350.7,,3402.6,0.655,9.38,0.9,,Holmes et al. (2022)
Lena,Lena ,Russia,Asia,Kusur-Roshydromet 3821,6,9,2019,66.77,123.37,SS,Bulk,33,0.9,2.7,,-28.1,,-234.8,,2082.9,0.772,7.54,0.4,,Holmes et al. (2022)
Lena,Lena ,Russia,Asia,Kusur-Roshydromet 3821,8,2,2019,66.77,123.37,SS,Bulk,45.2,0.7,1.55,,-30.1,,-315.5,,2978.4,0.69,5.93,0.3,,Holmes et al. (2022)
Lena,Lena ,Russia,Asia,km 2420,7,6,1995,60.33,120.26,SS,Bulk,15.6,1,6.18,,-26.9,< 0.4,,,,,0.67,9.2,,Rachold & Hubberten (1999)
Lena,Lena ,Russia,Asia,km 2384,7,5,1995,60.46,120.63,SS,Bulk,19,1.5,7.69,,-27.1,0.19,,,,,0.78,10.2,,Rachold & Hubberten (1999)
Lena,Lena ,Russia,Asia,km 1957,7,2,1995,61.14,126.97,SS,Bulk,14.6,1,6.93,,-26.3,< 0.4,,,,,0.75,9.2,,Rachold & Hubberten (1999)
Lena,Lena ,Russia,Asia,km 1670,7,9,1994,62.02,129.83,SS,Bulk,14.4,0.7,5.15,,-27.5,< 0.4,,,,,0.55,9.3,,Rachold & Hubberten (1999)
Lena,Lena ,Russia,Asia,km 1670,7,7,1995,61.8,129.66,SS,Bulk,20.8,1.4,6.62,,-27.9,0.01,,,,,0.62,10.6,,Rachold & Hubberten (1999)
Lena,Lena ,Russia,Asia,km 1497,7,13,1994,63.22,129.64,SS,Bulk,9.7,0.9,8.83,,-27.4,< 0.4,,,,,0.96,9.2,,Rachold & Hubberten (1999)
Lena,Lena ,Russia,Asia,km 1497,7,11,1995,63.27,129.58,SS,Bulk,25.5,1.1,4.24,,-27.4,< 0.4,,,,,0.43,9.9,,Rachold & Hubberten (1999)
Lena,Lena ,Russia,Asia,km 1347,7,14,1994,63.93,127.39,SS,Bulk,27.3,1.1,4.08,,-26.6,< 0.4,,,,,0.39,10.4,,Rachold & Hubberten (1999)
Lena,Lena ,Russia,Asia,km 1289,7,17,1995,64.38,126.5,SS,Bulk,15.9,0.9,5.63,,-28.6,< 0.4,,,,,0.75,7.5,,Rachold & Hubberten (1999)
Lena,Lena ,Russia,Asia,km 1174,7,16,1994,64.79,125.41,SS,Bulk,65.9,2,3.09,,-25.7,< 0.4,,,,,0.29,10.5,,Rachold & Hubberten (1999)
Lena,Lena ,Russia,Asia,km 1036,7,17,1994,65.7,124.3,SS,Bulk,65.6,1.9,2.84,,-25.7,< 0.4,,,,,0.29,9.9,,Rachold & Hubberten (1999)
Lena,Lena ,Russia,Asia,km 921,7,21,1995,66.69,123.49,SS,Bulk,22.9,1.1,4.65,,-28.8,< 0.4,,,,,0.59,7.9,,Rachold & Hubberten (1999)
Lena,Lena ,Russia,Asia,km 852,7,20,1994,67.24,123.21,SS,Bulk,73.2,2.3,3.14,,-26,< 0.4,,,,,0.31,10.2,,Rachold & Hubberten (1999)
Lena,Lena ,Russia,Asia,km 644,7,20,1994,68.85,124.01,SS,Bulk,62.3,1.9,3.05,,-26.2,< 0.4,,,,,0.3,10.2,,Rachold & Hubberten (1999)
Lena,Lena ,Russia,Asia,km 644,7,24,1995,68.85,123.96,SS,Bulk,27,1.3,4.65,,-27.6,< 0.4,,,,,0.55,8.4,,Rachold & Hubberten (1999)
Lena,Lena ,Russia,Asia,km 518,7,21,1994,69.77,125.05,SS,Bulk,35.1,1.1,3.27,,-26.9,< 0.4,,,,,0.34,9.5,,Rachold & Hubberten (1999)
Lena,Lena ,Russia,Asia,km 264,7,22,1994,70.87,127.48,SS,Bulk,42.5,1.6,3.88,,-27,< 0.4,,,,,0.37,10.6,,Rachold & Hubberten (1999)
Lena,Lena ,Russia,Asia,km 264,7,26,1995,71.36,127.55,SS,Bulk,27.5,1.3,4.68,,-28.7,< 0.4,,,,,0.58,8.1,,Rachold & Hubberten (1999)
Lena,Lena ,Russia,Asia,km 207,7,22,1994,71.75,127.23,SS,Bulk,18.9,0.8,4.26,,-27,< 0.4,,,,,0.45,9.5,,Rachold & Hubberten (1999)
Lena,Lena ,Russia,Asia,Bykovskaya branch Lena dalta,7,23,1994,72.4,126.89,SS,Bulk,14.5,0.6,4.4,,-27.3,< 0.4,,,,,0.56,7.9,,Rachold & Hubberten (1999)
Lena,Lena ,Russia,Asia,Bykovskaya branch Lena dalta,7,23,1994,72.28,127.88,SS,Bulk,12.5,0.6,5.14,,-27.2,< 0.4,,,,,0.62,8.3,,Rachold & Hubberten (1999)
Lena,Lena ,Russia,Asia,Bykovskaya branch Lena dalta,7,24,1994,72.02,129.14,SS,Bulk,9.9,0.6,5.73,,-28.3,< 0.4,,,,,0.74,7.7,,Rachold & Hubberten (1999)
Lena,Lena ,Russia,Asia,Bykovskaya branch Lena dalta,7,30,1995,72.03,129.13,SS,Bulk,5.8,0.5,9.41,,-31.3,< 0.4,,,,,1.41,6.7,,Rachold & Hubberten (1999)
Lena,Lena ,Russia,Asia,Bykovskaya branch Lena dalta,7,31,1995,72.35,127.48,SS,Bulk,14.7,1,6.79,,-29,< 0.4,,,,,0.94,7.2,,Rachold & Hubberten (1999)
Lena,Lena ,Russia,Asia,Trofimoskaya branch Lena dalta,7,25,1994,72.44,126.72,SS,Bulk,39.5,1.5,3.73,,-26.5,< 0.4,,,,,0.4,9.4,,Rachold & Hubberten (1999)
Meghna,Meghna ,Bangladesh,Asia,BR 216 Lower Meghna-Bhola,7,18,2002,22.43,90.65,PSD,Bulk,1670,4.5,0.27,0.03,,,,,,,,,0.2,Galy et al. (2007)
Meghna,Meghna ,Bangladesh,Asia,BR 217 Lower Meghna-Bhola,7,18,2002,22.43,90.65,PSD,Bulk,500,2.5,0.5,0.03,,,,,,,,,0.29,Galy et al. (2007)
Meghna,Meghna ,Bangladesh,Asia,BR 218 Lower Meghna-Bhola,7,18,2002,22.43,90.65,PSD,Bulk,360,2.6,0.71,0.03,,,,,,,,,0.35,Galy et al. (2007)
Meghna,Meghna ,Bangladesh,Asia,BR 220 Lower Meghna-Bhola,7,18,2002,22.43,90.65,PSD,Bulk,840,5,0.59,0.03,,,,,,,,,0.27,Galy et al. (2007)
Meghna,Meghna ,Bangladesh,Asia,BR 441 Lower Meghna-Bhola,7,18,2002,22.43,90.65,PSD,Bulk,330,2.6,0.8,0.03,,,-421,,4339.1,0.583,,,0.37,Galy et al. (2007)
Meghna,Meghna ,Bangladesh,Asia,BR 445 Lower Meghna-Bhola,7,18,2002,22.43,90.65,PSD,Bulk,3880,22.1,0.57,0.03,,,,,,,,,0.25,Galy et al. (2007)
Meghna,Meghna ,Bangladesh,Asia,BR 448 Lower Meghna-Bhola,7,18,2002,22.43,90.65,PSD,Bulk,,,0.59,0.03,,,,,,,,,0.33,Galy et al. (2007)
Meghna,Meghna ,Bangladesh,Asia,BR 439* Lower Meghna-Bohla,7,18,2004,22.43,90.65,PSD,Bulk,2970,10.4,0.35,0.03,,,-378,,3711.5,0.63,,,0.22,"Galy et al. (2007), Galy and Eglinton (2011)"
Meghna,Meghna ,Bangladesh,Asia,BR 440 Lower Meghna-Bohla,7,18,2004,22.43,90.65,PSD,Bulk,1790,7.5,0.42,0.03,,,-418,3,4238.5,0.59,,,0.25,"Galy et al. (2007), Galy and Eglinton (2011)"
Meghna,Meghna ,Bangladesh,Asia,BR 442 Lower Meghna-Bohla,7,18,2004,22.43,90.65,PSD,Bulk,670,3.9,0.58,0.03,,,-424,3,4375.8,0.58,,,0.32,"Galy et al. (2007), Galy and Eglinton (2011)"
Meghna,Meghna ,Bangladesh,Asia,BR 444* Lower Meghna-Bohla,7,18,2004,22.43,90.65,PSD,Bulk,550,3,0.54,0.03,,,-428,,4375.8,0.58,,,0.33,"Galy et al. (2007), Galy and Eglinton (2011)"
Meghna,Meghna ,Bangladesh,Asia,BR 524 Lower Meghna-Mawa,7,24,2005,23.46,90.26,PSD,Bulk,2250,8.6,0.38,0.03,,,,,,,,,0.23,Galy et al. (2007)
Meghna,Meghna ,Bangladesh,Asia,BR 525 Lower Meghna-Mawa,7,24,2005,23.46,90.26,PSD,Bulk,2560,8.4,0.33,0.03,,,,,,,,,0.23,Galy et al. (2007)
Meghna,Meghna ,Bangladesh,Asia,BR 526 Lower Meghna-Mawa,7,24,2005,23.46,90.26,PSD,Bulk,1430,6.9,0.48,0.03,,,,,,,,,0.28,Galy et al. (2007)
Meghna,Meghna ,Bangladesh,Asia,BR 527 Lower Meghna-Mawa,7,24,2005,23.46,90.26,PSD,Bulk,1310,7.3,0.56,0.03,,,,,,,,,0.3,Galy et al. (2007)
Meghna,Meghna ,Bangladesh,Asia,BR 528 Lower Meghna-Mawa,7,24,2005,23.46,90.26,PSD,Bulk,990,6.6,0.67,0.03,,,,,,,,,0.34,Galy et al. (2007)
Meghna,Meghna ,Bangladesh,Asia,BR 720* Lower Meghna-Mawa,8,19,2007,23.46,90.26,SS,Bulk,,,0.61,0.02,,,-340,3,3337.8,0.66,,,,Galy and Eglinton (2011)
Meghna,Meghna ,Bangladesh,Asia,BR 721 Lower Meghna-Mawa,8,19,2007,23.46,90.26,PSD,Bulk,,,0.32,0.03,,,-300,7,2865.2,0.7,,,,Galy and Eglinton (2011)
Meghna,Meghna ,Bangladesh,Asia,BR 722 Lower Meghna-Mawa,8,19,2007,23.46,90.26,PSD,Bulk,,,0.43,0.03,,,-298,6,2751.2,0.71,,,,Galy and Eglinton (2011)
Meghna,Meghna ,Bangladesh,Asia,BR 723 Lower Meghna-Mawa,8,19,2007,23.46,90.26,PSD,Bulk,,,0.65,0.04,,,-244,5,2204.6,0.76,,,,Galy and Eglinton (2011)
Meghna,Meghna ,Bangladesh,Asia,BR 725 C Lower Meghna-Mawa,8,19,2007,23.46,90.26,PSD,Bulk,,,0.1,0.03,,,-464,4,4949.8,0.54,,,,Galy and Eglinton (2011)
Meghna,Meghna ,Bangladesh,Asia,BGP 21-Lower Meghna,8,,1996,,,PSD,Bulk,377,2,0.54,0.05,-22.7,0.1,,,,,,,0.34,Aucour et al. (2006)
Meghna,Meghna ,Bangladesh,Asia,BGP 23-Lower Meghna,8,,1996,,,PSD,Bulk,271,1.8,0.66,0.07,-21.9,0.1,,,,,0.03,19.7,0.35,Aucour et al. (2006)
Meghna,Meghna ,Bangladesh,Asia,BGP 38-Upper Meghna,8,,1996,,,PSD,Bulk,6.3,0.1,1,0.1,-26.8,0.1,,,,,,,,Aucour et al. (2006)
Mekong,Mekong ,Cambodia,Asia,Mekong River-above mouth,9,12,2008,11.6,104.94,MS,<63μm,228.8,2.9,1.27,,-26.4,,25.9,2.2,modern,1.033,0.14,9.3,,Martin et al. (2013)
Mekong,Mekong ,Cambodia,Asia,Mekong River-above mouth,8,12,2009,11.6,104.94,MS,<63μm,155.7,2,1.28,,-27,,-115.7,1.7,930.4,0.891,0.13,9.6,,Martin et al. (2013)
Mekong,Mekong ,Cambodia,Asia,Mekong River-above mouth,9,10,2009,11.6,104.94,MS,<63μm,225.7,3,1.33,,-25.3,,-29.5,2,183.2,0.977,0.16,8.1,,Martin et al. (2013)
Mekong,Mekong ,Cambodia,Asia,Mekong River-above mouth,10,15,2009,11.6,104.94,MS,<63μm,184.1,2.2,1.2,,-26.9,,-83.5,1.7,643.1,0.923,0.14,8.8,,Martin et al. (2013)
Mekong,Mekong ,Cambodia,Asia,Mekong River-above mouth,10,20,2008,11.6,104.94,MS,<63μm,73,2.2,3.01,,-26.1,,-116.2,2.3,935.9,0.89,0.39,7.8,,Martin et al. (2013)
Mekong,Mekong ,Cambodia,Asia,Mekong River-above mouth,11,17,2008,11.6,104.94,MS,<63μm,142.5,2.8,1.96,,-26,,-111.2,1.8,890.6,0.895,0.21,9.2,,Martin et al. (2013)
Mekong,Mekong ,Cambodia,Asia,Mekong River-above mouth,11,5,2009,11.6,104.94,MS,<63μm,94.5,1.3,1.38,,-26.4,,-80.1,2,613.3,0.926,0.12,11.8,,Martin et al. (2013)
Mekong,Mekong ,Cambodia,Asia,Mekong River-above mouth,2,9,2009,11.6,104.94,MS,<63μm,5.9,0.5,8.47,,-25.5,,-241.9,3,2167.3,0.764,0.66,12.9,,Martin et al. (2013)
Mekong,Mekong ,Cambodia,Asia,Mekong River-above mouth,5,14,2009,11.6,104.94,MS,<63μm,17,0.6,3.53,,-26.7,,-327.7,1.6,3132.2,0.677,0.36,9.8,,Martin et al. (2013)
Mekong,Mekong ,Cambodia,Asia,Mekong River-above mouth,2,3,2010,11.6,104.94,MS,<63μm,17,0.3,1.76,,-28.4,,-193.2,3.6,1666.2,0.813,0.24,7.5,,Martin et al. (2013)
Mekong,Mekong ,Cambodia,Asia,Mekong River-above mouth,6,16,2009,11.6,104.94,MS,<63μm,94.6,2,2.11,,-26,,-308.4,1.8,2904.8,0.697,0.21,10,,Martin et al. (2013)
Mekong,Mekong ,Cambodia,Asia,Mekong River-above mouth,7,7,2009,11.6,104.94,MS,<63μm,121.1,2.1,1.73,,-26.4,,-224.6,3.1,1995.8,0.78,0.19,8.9,,Martin et al. (2013)
Netravati,Netravati ,India,Asia,Bantwal-N1,6,30,2013,,,SS,Bulk,14.1,0.6,3.9,,-26.7,,,,,,0.71,5.5,,Tripti et al. (2018)
Netravati,Netravati ,India,Asia,Uppinangadi – Kumaradhara-N2,6,30,2013,,,SS,Bulk,18,1,5.44,,-26.9,,,,,,0.97,5.6,,Tripti et al. (2018)
Netravati,Netravati ,India,Asia,Mugeru-N3,6,30,2013,,,SS,Bulk,16.3,0.8,4.97,,-26.7,,,,,,0.94,5.3,,Tripti et al. (2018)
Netravati,Netravati ,India,Asia,Shishila-N4,6,30,2013,,,SS,Bulk,6.4,0.5,7.19,,-27.5,,,,,,1.2,6,,Tripti et al. (2018)
Netravati,Netravati ,India,Asia,Neriya-N5,6,30,2013,,,SS,Bulk,13.6,0.8,5.66,,-27,,,,,,0.69,8.2,,Tripti et al. (2018)
Netravati,Netravati ,India,Asia,Mundaje-N6,6,30,2013,,,SS,Bulk,8.8,0.9,10.45,,-27.9,,,,,,0.97,10.8,,Tripti et al. (2018)
Ob',Ob' ,Russia,Asia,Salehard-Roshydromet 11808,7,16,2003,66.63,66.6,SS,Bulk,53.8,1.2,2.29,,-29.7,,,,,,0.28,8.1,,Holmes et al. (2022)
Ob',Ob' ,Russia,Asia,Salehard-Roshydromet 11808,4,5,2004,66.63,66.6,SS,Bulk,60.1,1.1,1.86,,-38,,-264,,2407.9,0.741,0.22,8.5,,Holmes et al. (2022)
Ob',Ob' ,Russia,Asia,Salehard-Roshydromet 11808,6,15,2004,66.63,66.6,SS,Bulk,97.4,2.2,2.24,,-29.8,,-214.4,,1883.4,0.791,0.33,6.8,,Holmes et al. (2022)
Ob',Ob' ,Russia,Asia,Salehard-Roshydromet 11808,6,17,2004,66.63,66.6,SS,Bulk,61.5,2.3,3.71,,-31.4,,-205.8,,1802.6,0.799,0.5,7.4,,Holmes et al. (2022)
Ob',Ob' ,Russia,Asia,Salehard-Roshydromet 11808,7,28,2004,66.63,66.6,SS,Bulk,58,1.7,2.84,,-31.1,,-236.1,,2110,0.769,0.61,4.6,,Holmes et al. (2022)
Ob',Ob' ,Russia,Asia,Salehard-Roshydromet 11808,8,11,2004,66.63,66.6,SS,Bulk,41,1.3,3.22,,-32.7,,-150,,1249,0.856,0.74,4.3,,Holmes et al. (2022)
Ob',Ob' ,Russia,Asia,Salehard-Roshydromet 11808,10,11,2004,66.63,66.6,SS,Bulk,41.4,0.9,2.08,,-33.6,,-206.9,,1812.6,0.798,0.5,4.2,,Holmes et al. (2022)
Ob',Ob' ,Russia,Asia,Salehard-Roshydromet 11808,10,14,2004,66.63,66.6,SS,Bulk,24.5,0.9,3.55,,-33.7,,-206.7,,1812.6,0.798,0.77,4.6,,Holmes et al. (2022)
Ob',Ob' ,Russia,Asia,Salehard-Roshydromet 11808,3,15,2005,66.63,66.6,SS,Bulk,12.7,0.7,5.83,,-35.4,,-270.7,,2484.2,0.734,0.6,9.7,,Holmes et al. (2022)
Ob',Ob' ,Russia,Asia,Salehard-Roshydromet 11808,6,4,2005,66.63,66.6,SS,Bulk,59.5,1.7,2.77,,-29.9,,-267.9,,2451.4,0.737,0.47,5.9,,Holmes et al. (2022)
Ob',Ob' ,Russia,Asia,Salehard-Roshydromet 11808,6,6,2005,66.63,66.6,SS,Bulk,52,1.2,2.37,,-30.3,,,,,,0.4,6,,Holmes et al. (2022)
Ob',Ob' ,Russia,Asia,Salehard-Roshydromet 11808,6,28,2005,66.63,66.6,SS,Bulk,38,1.6,4.26,,-31.5,,-225.8,,2006.2,0.779,0.69,6.2,,Holmes et al. (2022)
Ob',Ob' ,Russia,Asia,Salehard-Roshydromet 11808,7,14,2005,66.63,66.6,SS,Bulk,74,1.9,2.58,,-31.7,,-240.6,,2162.4,0.764,0.44,5.9,,Holmes et al. (2022)
Ob',Ob' ,Russia,Asia,Salehard-Roshydromet 11808,9,5,2005,66.63,66.6,SS,Bulk,14.5,1.2,8.41,,-32.5,,-234.8,,2099.5,0.77,1.37,6.2,,Holmes et al. (2022)
Ob',Ob' ,Russia,Asia,Salehard-Roshydromet 11808,9,17,2005,66.63,66.6,SS,Bulk,20.5,1.1,5.46,,-32.6,,-235.3,,2099.5,0.77,1,5.4,,Holmes et al. (2022)
Ob',Ob' ,Russia,Asia,Salehard-Roshydromet 11808,6,7,2006,66.63,66.6,SS,Bulk,33.8,,,,-31.3,,-175.5,,1594.2,0.82,,,,Holmes et al. (2022)
Ob',Ob' ,Russia,Asia,Salehard-Roshydromet 11808,11,23,2006,66.63,66.6,SS,Bulk,4.9,,,,-33.4,,,,,,,,,Holmes et al. (2022)
Ob',Ob' ,Russia,Asia,Salehard-Roshydromet 11808,6,2,2009,66.63,66.6,SS,Bulk,53.2,2.2,4.12,,-30.1,,-180.4,,1545.3,0.825,0.43,9.5,,Holmes et al. (2022)
Ob',Ob' ,Russia,Asia,Salehard-Roshydromet 11808,6,7,2009,66.63,66.6,SS,Bulk,43.1,1.8,4.11,,-30,,-182.8,,1564.8,0.823,0.54,7.6,,Holmes et al. (2022)
Ob',Ob' ,Russia,Asia,Salehard-Roshydromet 11808,6,13,2009,66.63,66.6,SS,Bulk,51.9,1.3,2.45,,-29.9,,-158.1,,1324.4,0.848,0.57,4.3,,Holmes et al. (2022)
Ob',Ob' ,Russia,Asia,Salehard-Roshydromet 11808,8,25,2009,66.63,66.6,SS,Bulk,39.6,1.3,3.28,,-30.8,,-195.8,,1692.7,0.81,0.64,5.1,,Holmes et al. (2022)
Ob',Ob' ,Russia,Asia,Salehard-Roshydromet 11808,12,1,2009,66.63,66.6,SS,Bulk,5.4,0.5,9.63,,-32.4,,-161.4,,1352.9,0.845,0.52,18.4,,Holmes et al. (2022)
Ob',Ob' ,Russia,Asia,Salehard-Roshydromet 11808,5,31,2010,66.63,66.6,SS,Bulk,67,2.5,3.72,,-29.5,,-286.7,,2650,0.719,0.49,7.6,,Holmes et al. (2022)
Ob',Ob' ,Russia,Asia,Salehard-Roshydromet 11808,6,4,2010,66.63,66.6,SS,Bulk,131.7,3.2,2.44,,-29.3,,-164.1,,1381.5,0.842,0.36,6.8,,Holmes et al. (2022)
Ob',Ob' ,Russia,Asia,Salehard-Roshydromet 11808,6,9,2010,66.63,66.6,SS,Bulk,134.8,2.7,2,,-28.6,,,,,,0.24,8.2,,Holmes et al. (2022)
Ob',Ob' ,Russia,Asia,Salehard-Roshydromet 11808,8,13,2010,66.63,66.6,SS,Bulk,56.3,1.5,2.66,,-31.8,,-300.5,,2808,0.705,0.55,4.9,,Holmes et al. (2022)
Ob',Ob' ,Russia,Asia,Salehard-Roshydromet 11808,12,12,2010,66.63,66.6,SS,Bulk,7.8,0.8,10.38,,-31.5,,-192.2,,1653.2,0.814,0.36,28.6,,Holmes et al. (2022)
Ob',Ob' ,Russia,Asia,Salehard-Roshydromet 11808,5,29,2011,66.63,66.6,SS,Bulk,53.5,1.8,3.44,,-30,,-188,,1613.8,0.818,0.55,6.2,,Holmes et al. (2022)
Ob',Ob' ,Russia,Asia,Salehard-Roshydromet 11808,6,5,2011,66.63,66.6,SS,Bulk,66.7,1.2,1.86,,-30.2,,-193.7,,1672.9,0.812,0.41,4.6,,Holmes et al. (2022)
Ob',Ob' ,Russia,Asia,Salehard-Roshydromet 11808,6,10,2011,66.63,66.6,SS,Bulk,66.7,1.8,2.67,,-30.4,,-196.9,,1702.6,0.809,0.44,6,,Holmes et al. (2022)
Ob',Ob' ,Russia,Asia,Salehard-Roshydromet 11808,8,8,2011,66.63,66.6,SS,Bulk,26.9,1.7,6.25,,-30.9,,-164.8,,1391,0.841,1.02,6.1,,Holmes et al. (2022)
Ob',Ob' ,Russia,Asia,Salehard-Roshydromet 11808,12,7,2011,66.63,66.6,SS,Bulk,3.1,0.5,15.16,,-32.9,,-210.5,,1842.9,0.795,2.77,5.5,,Holmes et al. (2022)
Ob',Ob' ,Russia,Asia,Salehard-Roshydromet 11808,6,6,2012,66.63,66.6,SS,Bulk,37.9,1.3,3.48,,-30.1,,-234.4,,2085,0.771,0.51,6.8,,Holmes et al. (2022)
Ob',Ob' ,Russia,Asia,Salehard-Roshydromet 11808,8,22,2012,66.63,66.6,SS,Bulk,8.5,0.5,5.88,,-29.5,,-232.9,,2069.3,0.773,1.76,3.3,,Holmes et al. (2022)
Ob',Ob' ,Russia,Asia,Salehard-Roshydromet 11808,10,25,2012,66.63,66.6,SS,Bulk,9.7,1.1,11.03,,-29.8,,-242.8,,2174,0.763,1.36,8.1,,Holmes et al. (2022)
Ob',Ob' ,Russia,Asia,Salehard-Roshydromet 11808,12,8,2012,66.63,66.6,SS,Bulk,7.3,1,13.29,,-25.9,,-271.9,,2488.6,0.734,0.93,14.3,,Holmes et al. (2022)
Ob',Ob' ,Russia,Asia,Salehard-Roshydromet 11808,1,3,2013,66.63,66.6,SS,Bulk,8.1,1.2,14.32,,-30.2,,-263,,2390.6,0.743,0.92,15.5,,Holmes et al. (2022)
Ob',Ob' ,Russia,Asia,Salehard-Roshydromet 11808,3,24,2013,66.63,66.6,SS,Bulk,10.4,1.1,10.48,,-34.8,,-295.8,,2755.8,0.71,0.9,11.6,,Holmes et al. (2022)
Ob',Ob' ,Russia,Asia,Salehard-Roshydromet 11808,5,26,2013,66.63,66.6,SS,Bulk,37.6,1.3,3.38,,-29.8,,-262.5,,2385.2,0.743,0.59,5.8,,Holmes et al. (2022)
Ob',Ob' ,Russia,Asia,Salehard-Roshydromet 11808,7,13,2013,66.63,66.6,PSD,Bulk,22.7,1.2,5.47,,-30.3,,-192.6,,1657.1,0.814,0.75,7.3,,Holmes et al. (2022)
Ob',Ob' ,Russia,Asia,Salehard-Roshydromet 11808,7,13,2013,66.63,66.6,PSD,Bulk,18.7,1.2,6.41,,-30.4,,,,,,0.91,7,,Holmes et al. (2022)
Ob',Ob' ,Russia,Asia,Salehard-Roshydromet 11808,9,25,2013,66.63,66.6,PSD,Bulk,27.7,2.2,7.79,,-29.7,,-190.7,,1638.4,0.816,0.65,11.9,,Holmes et al. (2022)
Ob',Ob' ,Russia,Asia,Salehard-Roshydromet 11808,9,25,2013,66.63,66.6,PSD,Bulk,22.6,1.5,6.56,,-31.1,,,,,,0.95,6.9,,Holmes et al. (2022)
Ob',Ob' ,Russia,Asia,Salehard-Roshydromet 11808,11,25,2013,66.63,66.6,SS,Bulk,25.5,2,7.87,,-31.9,,-242.3,,2166.6,0.764,0.9,8.8,,Holmes et al. (2022)
Ob',Ob' ,Russia,Asia,Salehard-Roshydromet 11808,2,22,2014,66.63,66.6,SS,Bulk,3.5,1.1,30.86,,-31.6,,-361.9,,3546.2,0.643,2.33,13.2,,Holmes et al. (2022)
Ob',Ob' ,Russia,Asia,Salehard-Roshydromet 11808,4,2,2014,66.63,66.6,SS,Bulk,9.2,1.1,12.13,,-34.1,,-257.2,,2326,0.749,1.06,11.4,,Holmes et al. (2022)
Ob',Ob' ,Russia,Asia,Salehard-Roshydromet 11808,6,20,2014,66.63,66.6,PSD,Bulk,18.4,0.9,4.84,,-29.2,,-249.3,,2241.6,0.757,0.59,8.2,,Holmes et al. (2022)
Ob',Ob' ,Russia,Asia,Salehard-Roshydromet 11808,6,20,2014,66.63,66.6,PSD,Bulk,97.8,2.1,2.19,,-28.9,,,,,,0.26,8.5,,Holmes et al. (2022)
Ob',Ob' ,Russia,Asia,Salehard-Roshydromet 11808,8,2,2014,66.63,66.6,PSD,Bulk,48.1,1.8,3.68,,-29.2,,-235.5,,2095.4,0.77,0.48,7.6,,Holmes et al. (2022)
Ob',Ob' ,Russia,Asia,Salehard-Roshydromet 11808,8,2,2014,66.63,66.6,PSD,Bulk,1.8,1.5,87.01,,-30.1,,,,,,8.77,9.9,,Holmes et al. (2022)
Ob',Ob' ,Russia,Asia,Salehard-Roshydromet 11808,10,26,2014,66.63,66.6,SS,Bulk,5.4,1.1,19.74,,-28.2,,-366.7,,3606.4,0.638,2.22,8.9,,Holmes et al. (2022)
Ob',Ob' ,Russia,Asia,Salehard-Roshydromet 11808,12,14,2014,66.63,66.6,SS,Bulk,14.1,0.9,6.68,,-31.1,,-280.6,,2582.2,0.725,0.7,9.6,,Holmes et al. (2022)
Ob',Ob' ,Russia,Asia,Salehard-Roshydromet 11808,3,31,2015,66.63,66.6,SS,Bulk,10.4,1.4,13.76,,-28.6,,-306.2,,2873.2,0.699,1.02,13.5,,Holmes et al. (2022)
Ob',Ob' ,Russia,Asia,Salehard-Roshydromet 11808,5,31,2015,66.63,66.6,PSD,Bulk,10.3,1.8,17.41,,-28.6,,-154.4,,1284.8,0.852,1.82,9.5,,Holmes et al. (2022)
Ob',Ob' ,Russia,Asia,Salehard-Roshydromet 11808,5,31,2015,66.63,66.6,PSD,Bulk,12.4,1.2,9.51,,-29.6,,,,,,1.41,6.7,,Holmes et al. (2022)
Ob',Ob' ,Russia,Asia,Salehard-Roshydromet 11808,7,26,2015,66.63,66.6,PSD,Bulk,37.2,0.9,2.28,,-29.4,,-269.6,,2460.1,0.736,0.43,5.3,,Holmes et al. (2022)
Ob',Ob' ,Russia,Asia,Salehard-Roshydromet 11808,7,26,2015,66.63,66.6,PSD,Bulk,74.8,0.9,1.14,,-29.6,,,,,,0.15,7.5,,Holmes et al. (2022)
Ob',Ob' ,Russia,Asia,Salehard-Roshydromet 11808,9,2,2015,66.63,66.6,PSD,Bulk,9.1,1,11.26,,-31,,-137.8,,1127,0.869,1.46,7.7,,Holmes et al. (2022)
Ob',Ob' ,Russia,Asia,Salehard-Roshydromet 11808,9,2,2015,66.63,66.6,PSD,Bulk,10,0.9,8.9,,-31.2,,,,,,1.15,7.8,,Holmes et al. (2022)
Ob',Ob' ,Russia,Asia,Salehard-Roshydromet 11808,9,2,2015,66.63,66.6,PSD,Bulk,20.8,1.4,6.74,,-30.8,,,,,,0.67,10,,Holmes et al. (2022)
Ob',Ob' ,Russia,Asia,Salehard-Roshydromet 11808,11,29,2015,66.63,66.6,SS,Bulk,10.8,0.8,7.61,,-30.2,,-251.4,,2262.9,0.755,0.75,10.1,,Holmes et al. (2022)
Ob',Ob' ,Russia,Asia,Salehard-Roshydromet 11808,2,14,2016,66.63,66.6,SS,Bulk,1.6,1,64.33,,-32.5,,-195.4,,1681.8,0.811,6.85,9.4,,Holmes et al. (2022)
Ob',Ob' ,Russia,Asia,Salehard-Roshydromet 11808,4,17,2016,66.63,66.6,SS,Bulk,10.8,1,9.34,,-36.3,,-211.9,,1848.9,0.794,1,9.3,,Holmes et al. (2022)
Ob',Ob' ,Russia,Asia,Salehard-Roshydromet 11808,6,27,2016,66.63,66.6,PSD,Bulk,18.3,0.9,5.1,,-31.6,,-224.5,,1978.4,0.782,1.05,4.9,,Holmes et al. (2022)
Ob',Ob' ,Russia,Asia,Salehard-Roshydromet 11808,6,27,2016,66.63,66.6,PSD,Bulk,41.7,1.4,3.34,,-30.1,,,,,,0.46,7.3,,Holmes et al. (2022)
Ob',Ob' ,Russia,Asia,Salehard-Roshydromet 11808,6,27,2016,66.63,66.6,PSD,Bulk,58.1,1.5,2.62,,-30.1,,,,,,0.35,7.6,,Holmes et al. (2022)
Ob',Ob' ,Russia,Asia,Salehard-Roshydromet 11808,8,27,2016,66.63,66.6,PSD,Bulk,4.4,2.3,52.03,,-31.1,,-363.1,,3560,0.642,8.39,6.2,,Holmes et al. (2022)
Ob',Ob' ,Russia,Asia,Salehard-Roshydromet 11808,8,27,2016,66.63,66.6,PSD,Bulk,8.3,1.4,16.39,,-32,,,,,,3.92,4.2,,Holmes et al. (2022)
Ob',Ob' ,Russia,Asia,Salehard-Roshydromet 11808,8,27,2016,66.63,66.6,PSD,Bulk,9.3,1.3,13.7,,-31.7,,,,,,2.74,5,,Holmes et al. (2022)
Ob',Ob' ,Russia,Asia,Salehard-Roshydromet 11808,10,29,2016,66.63,66.6,SS,Bulk,20.8,1.3,6.01,,-32.7,,-280.6,,2581.1,0.725,0.99,6.1,,Holmes et al. (2022)
Ob',Ob' ,Russia,Asia,Salehard-Roshydromet 11808,12,4,2016,66.63,66.6,SS,Bulk,3,0.9,31.42,,-32.5,,-245.9,,2203.5,0.76,4.79,6.6,,Holmes et al. (2022)
Ob',Ob' ,Russia,Asia,Salehard-Roshydromet 11808,2,12,2017,66.63,66.6,SS,Bulk,4.7,1.4,29.91,,-32.5,,-291.2,,2700.5,0.715,3.45,8.7,,Holmes et al. (2022)
Ob',Ob' ,Russia,Asia,Salehard-Roshydromet 11808,4,23,2017,66.63,66.6,SS,Bulk,9,0.7,7.37,,-36.8,,-348.4,,3375.7,0.657,0.97,7.6,,Holmes et al. (2022)
Ob',Ob' ,Russia,Asia,Salehard-Roshydromet 11808,6,18,2017,66.63,66.6,SS,Bulk,2.5,1.1,44.22,,-29,,-238,,2118.3,0.768,6.71,6.6,,Holmes et al. (2022)
Ob',Ob' ,Russia,Asia,Salehard-Roshydromet 11808,8,20,2017,66.63,66.6,SS,Bulk,16.5,1.1,6.9,,-30.7,,-251.9,,2266.1,0.754,1.81,3.8,,Holmes et al. (2022)
Ob',Ob' ,Russia,Asia,Salehard-Roshydromet 11808,10,29,2017,66.63,66.6,SS,Bulk,7.2,1.1,15.83,,-29.7,,-292.4,,2714,0.713,1.59,10,,Holmes et al. (2022)
Ob',Ob' ,Russia,Asia,Salehard-Roshydromet 11808,12,3,2017,66.63,66.6,SS,Bulk,4,0.8,19.65,,-30.7,,,,,,1.7,11.6,,Holmes et al. (2022)
Ob',Ob' ,Russia,Asia,Salehard-Roshydromet 11808,1,28,2018,66.63,66.6,SS,Bulk,9.6,1.1,11.13,,-32.8,,-280.3,,2576.6,0.726,1.05,10.6,,Holmes et al. (2022)
Ob',Ob' ,Russia,Asia,Salehard-Roshydromet 11808,3,25,2018,66.63,66.6,SS,Bulk,8.2,1,12.44,,-37.1,,-310.6,,2921.6,0.695,1.45,8.6,,Holmes et al. (2022)
Ob',Ob' ,Russia,Asia,Salehard-Roshydromet 11808,5,19,2018,66.63,66.6,SS,Bulk,6.9,0.9,12.32,,-33.2,,-353.1,,3433.3,0.652,1.25,9.9,,Holmes et al. (2022)
Ob',Ob' ,Russia,Asia,Salehard-Roshydromet 11808,7,22,2018,66.63,66.6,SS,Bulk,25.5,1,4.08,,-31.1,,-274.3,,2509.4,0.732,0.51,8.1,,Holmes et al. (2022)
Ob',Ob' ,Russia,Asia,Salehard-Roshydromet 11808,9,2,2018,66.63,66.6,SS,Bulk,14.1,1,6.89,,-32.6,,-235.3,,2089.1,0.771,1.08,6.4,,Holmes et al. (2022)
Ob',Ob' ,Russia,Asia,Salehard-Roshydromet 11808,11,26,2018,66.63,66.6,SS,Bulk,6.4,0.2,3.76,,-29.3,,-408.9,,4157.2,0.596,0.81,4.6,,Holmes et al. (2022)
Ob',Ob' ,Russia,Asia,Salehard-Roshydromet 11808,2,24,2019,66.63,66.6,SS,Bulk,14.1,1,6.86,,-30.4,,-263.5,,2389.5,0.743,0.65,10.5,,Holmes et al. (2022)
Ob',Ob' ,Russia,Asia,Salehard-Roshydromet 11808,4,8,2019,66.63,66.6,SS,Bulk,6.4,0.7,10.2,,-36.7,,-272.3,,2486.4,0.734,1.32,7.7,,Holmes et al. (2022)
Ob',Ob' ,Russia,Asia,Salehard-Roshydromet 11808,6,11,2019,66.63,66.6,SS,Bulk,4.9,0.8,16.16,,-29.9,,-268.5,,2444.9,0.738,2.04,7.9,,Holmes et al. (2022)
Ob',Ob' ,Russia,Asia,Salehard-Roshydromet 11808,8,30,2019,66.63,66.6,SS,Bulk,15.3,1.1,6.99,,-30,,-252.2,,2268.2,0.754,1.07,6.6,,Holmes et al. (2022)
Olenyok,Olenyok ,Russia,Asia,Olenyokskaya branch Lena dalta,7,25,1994,72.35,126.55,SS,Bulk,35.1,1.6,4.49,,-26.7,< 0.4,,,,,0.48,9.3,,Rachold & Hubberten (1999)
Olenyok,Olenyok ,Russia,Asia,Olenyokskaya branch Lena dalta,7,27,1995,72.32,126,SS,Bulk,11.6,0.8,6.54,,-29,< 0.4,,,,,1.01,6.6,,Rachold & Hubberten (1999)
Olenyok,Olenyok ,Russia,Asia,Olenyokskaya branch Lena dalta,8,1,1995,72.6,124.46,SS,Bulk,5.4,0.6,11.63,,-29,< 0.4,,,,,1.75,6.6,,Rachold & Hubberten (1999)
Olenyok,Olenyok ,Russia,Asia,Chara km 2398,5,7,1995,60.27,120.99,SS,Bulk,5.7,0.6,9.65,,-27.4,< 0.4,,,,,0.91,10.6,,Rachold & Hubberten (1999)
Olenyok,Olenyok ,Russia,Asia,Olekma km 2395,7,5,1995,60.27,121.15,SS,Bulk,1.2,0.4,36.82,,-30.1,< 0.4,,,,,3.66,10.1,,Rachold & Hubberten (1999)
Olenyok,Olenyok ,Russia,Asia,Aldan km 1474,7,15,1995,63.42,129.61,SS,Bulk,7.8,0.7,9.15,,-30.1,0.35,,,,,1.17,8,,Rachold & Hubberten (1999)
Olenyok,Olenyok ,Russia,Asia,Vilyuy km 1266,7,16,1994,64.26,126.41,SS,Bulk,27.6,1.1,4.12,,-28.4,< 0.4,,,,,0.52,7.9,,Rachold & Hubberten (1999)
Olenyok,Olenyok ,Russia,Asia,Vilyuy km 1266,7,18,1995,63.96,123.29,SS,Bulk,14.5,0.8,5.79,,-28.6,< 0.4,,,,,0.72,8.1,,Rachold & Hubberten (1999)
Olenyok,Olenyok ,Russia,Asia,Dzhardzhan km 656,7,24,1995,68.78,124.11,SS,Bulk,46,0.9,2.02,,-25,< 0.4,,,,,0.24,8.2,,Rachold & Hubberten (1999)
Olenyok,Olenyok ,Russia,Asia,,6/7 ,,1994,73,119.8,SS,Bulk,30.5,,2.7,0.03,-26.3,0.5,,,,,0.22,12.1,,Lobbes et al. (2000)
Swarna,Swarna ,India,Asia,Puttige-S1,6,20,2013,,,SS,Bulk,17.2,1.4,8.02,,-26.6,,,,,,0.94,8.5,,Tripti et al. (2018)
Swarna,Swarna ,India,Asia,Paddy field- 1 at Puttige-S1,6,20,2013,,,SS,Bulk,5.7,0.3,5.09,,-26.2,,,,,,0.89,5.7,,Tripti et al. (2018)
Swarna,Swarna ,India,Asia,Paddy field- 2 at Puttige-S1,6,20,2013,,,SS,Bulk,14.3,0.8,5.24,,-25.7,,,,,,0.82,6.4,,Tripti et al. (2018)
Swarna,Swarna ,India,Asia,Forest runoff at Puttige-S1,6,20,2013,,,SS,Bulk,0.4,0,2.5,,-27.5,,,,,,0.33,7.6,,Tripti et al. (2018)
Swarna,Swarna ,India,Asia,Puttige-S1,6,30,2013,,,SS,Bulk,7.8,0.6,7.69,,-27.6,,,,,,1.03,7.5,,Tripti et al. (2018)
Swarna,Swarna ,India,Asia,Yennehole-S2,6,30,2013,,,SS,Bulk,11.3,0.6,5.22,,-26.9,,,,,,0.72,7.3,,Tripti et al. (2018)
Swarna,Swarna ,India,Asia,Durga-S3,6,30,2013,,,SS,Bulk,5.5,0.6,11.64,,-27.1,,,,,,1.31,8.9,,Tripti et al. (2018)
Swarna,Swarna ,India,Asia,Mudar-S4,6,30,2013,,,SS,Bulk,6.7,0.5,7.76,,-26.4,,,,,,0.79,9.8,,Tripti et al. (2018)
Swarna,Swarna ,India,Asia,Kervashe-S5,6,30,2013,,,SS,Bulk,11.4,0.5,4.3,,-27.2,,,,,,0.45,9.6,,Tripti et al. (2018)
Swarna,Swarna ,India,Asia,Hermunde-S6,6,30,2013,,,SS,Bulk,11.4,0.8,6.93,,-26.9,,,,,,0.54,12.9,,Tripti et al. (2018)
Swarna,Swarna ,India,Asia,Paddy field- 1 at Puttige-S1,7,31,2013,,,SS,Bulk,126.4,12.3,9.71,,-26.3,,,,,,1.24,7.8,,Tripti et al. (2018)
Swarna,Swarna ,India,Asia,Forest runoff at Puttige-S1,7,31,2013,,,SS,Bulk,53.7,5,9.37,,-28.3,,,,,,0.83,11.3,,Tripti et al. (2018)
Swarna,Swarna ,India,Asia,Puttige-S1,7,31,2013,,,SS,Bulk,16,0.9,5.75,,-26.6,,,,,,0.76,7.6,,Tripti et al. (2018)
Swarna,Swarna ,India,Asia,Puttige-S1,8,31,2013,,,SS,Bulk,4.7,0.4,7.45,,-27.5,,,,,,1.1,6.8,,Tripti et al. (2018)
Swarna,Swarna ,India,Asia,Paddy field- 1 at Puttige-S1,8,31,2013,,,SS,Bulk,52.9,2.9,5.52,,-26.7,,,,,,0.73,7.6,,Tripti et al. (2018)
Swarna,Swarna ,India,Asia,Forest runoff at Puttige-S1,8,31,2013,,,SS,Bulk,0.8,0.1,8.75,,-27.9,,,,,,0.84,10.4,,Tripti et al. (2018)
Swarna,Swarna ,India,Asia,Puttige-S1,9,30,2013,,,SS,Bulk,6.5,0.6,8.62,,-27.2,,,,,,0.79,10.9,,Tripti et al. (2018)
Swarna,Swarna ,India,Asia,Paddy field- 1 at Puttige-S1,9,30,2013,,,SS,Bulk,144.7,5.9,4.06,,-26.7,,,,,,0.48,8.5,,Tripti et al. (2018)
Swarna,Swarna ,India,Asia,Forest runoff,9,30,2013,,,SS,Bulk,0.9,0,3.33,,-27.5,,,,,,0.83,4,,Tripti et al. (2018)
Chenyoulan ,Taiwan-Chenyoulan ,China,Asia,1510H049,,,2005 - 2006,24.33,121.74,SS,Bulk,,,0.43,0.01,-24.7,0.1,-741.7,,10821,0.26,0.08,4.6,,Hilton et al. (2010)*
Chenyoulan ,Taiwan-Chenyoulan ,China,Asia,1510H049,,,2005 - 2006,24.33,121.74,SS,Bulk,,,0.4,0.01,-24.6,0.1,-880.8,,17032.1,0.12,0.09,4.2,,Hilton et al. (2010)*
Chenyoulan ,Taiwan-Chenyoulan ,China,Asia,1510H049,,,2005 - 2006,24.33,121.74,SS,Bulk,,,0.38,0.01,-24.4,0.1,-791.4,,12536.7,0.21,0.08,4.6,,Hilton et al. (2010)*
Chenyoulan ,Taiwan-Chenyoulan ,China,Asia,1510H049,,,2005 - 2006,24.33,121.74,SS,Bulk,,,0.41,0.01,-24.3,0.1,-890.7,,17731,0.11,0.09,4.2,,Hilton et al. (2010)*
Chenyoulan ,Taiwan-Chenyoulan ,China,Asia,1510H049,,,2005 - 2006,24.33,121.74,SS,Bulk,,,0.45,0.01,-24.7,0.1,-702,,9671.5,0.3,0.08,4.8,,Hilton et al. (2010)*
Chenyoulan ,Taiwan-Chenyoulan ,China,Asia,1510H049,,,2005 - 2006,24.33,121.74,SS,Bulk,,,0.39,0.01,-24.7,0.1,-821.2,,13775,0.18,0.08,4.4,,Hilton et al. (2010)*
Chenyoulan ,Taiwan-Chenyoulan ,China,Asia,1510H049,,,2005 - 2006,24.33,121.74,SS,Bulk,,,0.44,0.01,-25,0.1,-632.5,,7986.8,0.37,0.08,5.1,,Hilton et al. (2010)*
Chenyoulan ,Taiwan-Chenyoulan ,China,Asia,1510H049,,,2005 - 2006,24.33,121.74,SS,Bulk,,,0.44,0.01,-25.1,0.1,-702,,9671.5,0.3,0.09,4.6,,Hilton et al. (2010)*
Chenyoulan ,Taiwan-Chenyoulan ,China,Asia,1510H049,,,2005 - 2006,24.33,121.74,SS,Bulk,,,0.55,0.01,-24.9,0.1,-533.1,,6065.1,0.47,0.09,5.7,,Hilton et al. (2010)*
Chenyoulan ,Taiwan-Chenyoulan ,China,Asia,1510H049,,,2005 - 2006,24.33,121.74,SS,Bulk,,,0.42,0.01,-24.9,0.1,-602.7,,7360.6,0.4,0.07,5.4,,Hilton et al. (2010)*
Chenyoulan ,Taiwan-Chenyoulan ,China,Asia,1510H049,,,2005 - 2006,24.33,121.74,SS,Bulk,,,0.44,0.01,-24.1,0.1,-731.8,,10517.9,0.27,0.08,5.1,,Hilton et al. (2010)*
Chenyoulan ,Taiwan-Chenyoulan ,China,Asia,1510H049,,,2005 - 2006,24.33,121.74,SS,Bulk,,,0.53,0.01,-24.3,0.1,-692.1,,9408.1,0.31,0.09,5.1,,Hilton et al. (2010)*
Chenyoulan ,Taiwan-Chenyoulan ,China,Asia,1510H049,,,2005 - 2006,24.33,121.74,SS,Bulk,,,0.58,0.01,-25,0.1,-612.6,,7563.9,0.39,0.1,5.4,,Hilton et al. (2010)*
Chenyoulan ,Taiwan-Chenyoulan ,China,Asia,1510H049,,,2005 - 2006,24.33,121.74,SS,Bulk,,,0.61,0.01,-24.9,0.1,-503.3,,5568.1,0.5,0.09,6.1,,Hilton et al. (2010)*
Chenyoulan ,Taiwan-Chenyoulan ,China,Asia,1510H049,,,2005 - 2006,24.33,121.74,SS,Bulk,,,0.39,0.01,-24.2,0.1,-711.9,,9943.8,0.29,0.07,5.1,,Hilton et al. (2010)*
Chenyoulan ,Taiwan-Chenyoulan ,China,Asia,1510H049,,,2005 - 2006,24.33,121.74,SS,Bulk,,,0.48,0.01,-24.9,0.1,-572.9,,6779.6,0.43,0.08,5.7,,Hilton et al. (2010)*
Chenyoulan ,Taiwan-Chenyoulan ,China,Asia,1510H049,,,2005 - 2006,24.33,121.74,SS,Bulk,,,0.52,0.01,-24.7,0.1,-652.3,,8433.2,0.35,0.09,5.1,,Hilton et al. (2010)*
Chenyoulan ,Taiwan-Chenyoulan ,China,Asia,1510H049,,,2005 - 2006,24.33,121.74,SS,Bulk,,,0.59,0.01,-24.4,0.1,-741.7,,10821,0.26,0.11,4.8,,Hilton et al. (2010)*
Chenyoulan ,Taiwan-Chenyoulan ,China,Asia,1510H049,,,2005 - 2006,24.33,121.74,SS,Bulk,,,0.4,0.01,-24.2,0.1,-860.9,,15793.8,0.14,0.08,4.4,,Hilton et al. (2010)*
Chenyoulan ,Taiwan-Chenyoulan ,China,Asia,1510H049,,,2005 - 2006,24.33,121.74,SS,Bulk,,,0.58,0.01,-24.7,0.1,-632.5,,7986.8,0.37,0.1,5.4,,Hilton et al. (2010)*
Chenyoulan ,Taiwan-Chenyoulan ,China,Asia,1510H049,,,2005 - 2006,24.33,121.74,SS,Bulk,,,0.42,0.01,-24.5,0.1,-801.3,,12928.6,0.2,0.08,4.6,,Hilton et al. (2010)*
Chenyoulan ,Taiwan-Chenyoulan ,China,Asia,1510H049,,,2005 - 2006,24.33,121.74,SS,Bulk,,,0.35,0.01,-24.5,0.1,-831.1,,14234.1,0.17,0.07,4.4,,Hilton et al. (2010)*
Chenyoulan ,Taiwan-Chenyoulan ,China,Asia,1510H049,,,2005 - 2006,24.33,121.74,SS,Bulk,,,0.4,0.01,-24.7,0.1,-731.8,,10517.9,0.27,0.08,4.8,,Hilton et al. (2010)*
Chenyoulan ,Taiwan-Chenyoulan ,China,Asia,1510H049,,,2005 - 2006,24.33,121.74,SS,Bulk,,,0.34,0.01,-24.4,0.1,-711.9,,9943.8,0.29,0.06,5.1,,Hilton et al. (2010)*
Chenyoulan ,Taiwan-Chenyoulan ,China,Asia,1510H049,,,2005 - 2006,24.33,121.74,SS,Bulk,,,0.34,0.01,-24.5,0.1,-682.1,,9153.1,0.32,0.06,5.1,,Hilton et al. (2010)*
Chenyoulan ,Taiwan-Chenyoulan ,China,Asia,1510H049,,,2005 - 2006,24.33,121.74,SS,Bulk,,,0.36,0.01,-24.3,0.1,-751.7,,11136.1,0.25,0.07,4.8,,Hilton et al. (2010)*
Chenyoulan ,Taiwan-Chenyoulan ,China,Asia,1510H049,,,2005 - 2006,24.33,121.74,SS,Bulk,,,0.37,0.01,-24.5,0.1,-711.9,,9943.8,0.29,0.07,5.1,,Hilton et al. (2010)*
Chenyoulan ,Taiwan-Chenyoulan ,China,Asia,1510H049,,,2005 - 2006,24.33,121.74,SS,Bulk,,,0.32,0.01,-24.1,0.1,-841.1,,14721.1,0.16,0.07,4.6,,Hilton et al. (2010)*
Chenyoulan ,Taiwan-Chenyoulan ,China,Asia,1510H049,,,2005 - 2006,24.33,121.74,SS,Bulk,,,0.35,0.01,-24.1,0.1,-890.7,,17731,0.11,0.07,4.4,,Hilton et al. (2010)*
Chenyoulan ,Taiwan-Chenyoulan ,China,Asia,1510H049,,,2005 - 2006,24.33,121.74,SS,Bulk,,,0.48,0.01,-25,0.1,-602.7,,7360.6,0.4,0.08,5.4,,Hilton et al. (2010)*
Chenyoulan ,Taiwan-Chenyoulan ,China,Asia,1510H049,,,2005 - 2006,24.33,121.74,SS,Bulk,,,0.39,0.01,-24.3,0.1,-811.3,,13340.7,0.19,0.08,4.6,,Hilton et al. (2010)*
Choshui ,Taiwan-Choshui ,China,Asia,1510H057,,,2005 - 2006,23.79,120.63,SS,Bulk,,,0.87,0.01,-26.1,0.1,-384.1,,3840.1,0.62,0.13,6.1,,Hilton et al. (2010)*
Choshui ,Taiwan-Choshui ,China,Asia,1510H057,,,2005 - 2006,23.79,120.63,SS,Bulk,,,0.49,0.01,-24.7,0.1,-632.5,,7986.8,0.37,0.08,5.4,,Hilton et al. (2010)*
Choshui ,Taiwan-Choshui ,China,Asia,1510H057,,,2005 - 2006,23.79,120.63,SS,Bulk,,,0.55,0.01,-24.4,0.1,-761.6,,11464,0.24,0.11,4.8,,Hilton et al. (2010)*
Choshui ,Taiwan-Choshui ,China,Asia,1510H057,,,2005 - 2006,23.79,120.63,SS,Bulk,,,0.48,0.01,-24,0.1,-781.5,,12163,0.22,0.09,4.8,,Hilton et al. (2010)*
Choshui ,Taiwan-Choshui ,China,Asia,1510H057,,,2005 - 2006,23.79,120.63,SS,Bulk,,,0.57,0.01,-23.5,0.1,-791.4,,12536.7,0.21,0.1,5.1,,Hilton et al. (2010)*
Choshui ,Taiwan-Choshui ,China,Asia,1510H057,,,2005 - 2006,23.79,120.63,SS,Bulk,,,0.69,0.01,-24.4,0.1,-562.9,,6594.9,0.44,0.1,6.1,,Hilton et al. (2010)*
Choshui ,Taiwan-Choshui ,China,Asia,1510H057,,,2005 - 2006,23.79,120.63,SS,Bulk,,,0.66,0.01,-24,0.1,-652.3,,8433.2,0.35,0.1,5.7,,Hilton et al. (2010)*
Choshui ,Taiwan-Choshui ,China,Asia,1510H057,,,2005 - 2006,23.79,120.63,SS,Bulk,,,0.77,0.01,-25.6,0.1,-513.2,,5730.3,0.49,0.13,5.4,,Hilton et al. (2010)*
Choshui ,Taiwan-Choshui ,China,Asia,1510H057,,,2005 - 2006,23.79,120.63,SS,Bulk,,,1.05,0.01,-25.3,0.1,-324.5,,3098,0.68,0.12,7.7,,Hilton et al. (2010)*
Choshui ,Taiwan-Choshui ,China,Asia,1510H057,,,2005 - 2006,23.79,120.63,SS,Bulk,,,0.74,0.01,-24.3,0.1,-553,,6414.4,0.45,0.11,6.6,,Hilton et al. (2010)*
Choshui ,Taiwan-Choshui ,China,Asia,1510H057,,,2005 - 2006,23.79,120.63,SS,Bulk,,,0.56,0.01,-23.8,0.1,-801.3,,12928.6,0.2,0.11,4.8,,Hilton et al. (2010)*
Choshui ,Taiwan-Choshui ,China,Asia,1510H057,,,2005 - 2006,23.79,120.63,SS,Bulk,,,1.03,0.01,-24.9,0.1,-493.4,,5409,0.51,0.15,6.1,,Hilton et al. (2010)*
Choshui ,Taiwan-Choshui ,China,Asia,1510H057,,,2005 - 2006,23.79,120.63,SS,Bulk,,,1.23,0.01,-24.9,0.1,-354.3,,3460.5,0.65,0.14,7.7,,Hilton et al. (2010)*
Choshui ,Taiwan-Choshui ,China,Asia,1510H057,,,2005 - 2006,23.79,120.63,SS,Bulk,,,1.62,0.01,-25.2,0.1,-562.9,,6594.9,0.44,0.27,5.4,,Hilton et al. (2010)*
Choshui ,Taiwan-Choshui ,China,Asia,1510H057,,,2005 - 2006,23.79,120.63,SS,Bulk,,,0.4,0.01,-24.7,0.1,-741.7,,10821,0.26,0.08,4.6,,Hilton et al. (2010)*
Choshui ,Taiwan-Choshui ,China,Asia,1510H057,,,2005 - 2006,23.79,120.63,SS,Bulk,,,0.9,0.01,-25.1,0.1,-453.6,,4802.4,0.55,0.13,6.6,,Hilton et al. (2010)*
Choshui ,Taiwan-Choshui ,China,Asia,1510H057,,,2005 - 2006,23.79,120.63,SS,Bulk,,,0.39,0.01,-23.5,0.1,-880.8,,17032.1,0.12,0.08,4.6,,Hilton et al. (2010)*
Choshui ,Taiwan-Choshui ,China,Asia,1510H057,,,2005 - 2006,23.79,120.63,SS,Bulk,,,0.42,0.01,-24,0.1,-880.8,,17032.1,0.12,0.09,4.4,,Hilton et al. (2010)*
Choshui ,Taiwan-Choshui ,China,Asia,1510H057,,,2005 - 2006,23.79,120.63,SS,Bulk,,,0.49,0.01,-24,0.1,-761.6,,11464,0.24,0.09,5.1,,Hilton et al. (2010)*
Choshui ,Taiwan-Choshui ,China,Asia,1510H057,,,2005 - 2006,23.79,120.63,SS,Bulk,,,0.58,0.01,-24.2,0.1,-692.1,,9408.1,0.31,0.1,5.4,,Hilton et al. (2010)*
Choshui ,Taiwan-Choshui ,China,Asia,1510H057,,,2005 - 2006,23.79,120.63,SS,Bulk,,,0.52,0.01,-24.1,0.1,-702,,9671.5,0.3,0.09,5.4,,Hilton et al. (2010)*
Choshui ,Taiwan-Choshui ,China,Asia,1510H057,,,2005 - 2006,23.79,120.63,SS,Bulk,,,0.46,0.01,-23.5,0.1,-970.2,,28168.2,0.03,0.1,4.4,,Hilton et al. (2010)*
Choshui ,Taiwan-Choshui ,China,Asia,1510H057,,,2005 - 2006,23.79,120.63,SS,Bulk,,,0.46,0.01,-24,0.1,-682.1,,9153.1,0.32,0.08,5.4,,Hilton et al. (2010)*
Choshui ,Taiwan-Choshui ,China,Asia,1510H057,,,2005 - 2006,23.79,120.63,SS,Bulk,,,0.58,0.01,-23.6,0.1,-721.9,,10225.7,0.28,0.09,5.7,,Hilton et al. (2010)*
Choshui ,Taiwan-Choshui ,China,Asia,1510H057,,,2005 - 2006,23.79,120.63,SS,Bulk,,,0.5,0.01,-23.6,0.1,-930.5,,21361.8,0.07,0.1,4.4,,Hilton et al. (2010)*
Choshui ,Taiwan-Choshui ,China,Asia,1510H057,,,2005 - 2006,23.79,120.63,SS,Bulk,,,0.55,0.01,-23.5,0.1,-930.5,,21361.8,0.07,0.11,4.4,,Hilton et al. (2010)*
Choshui ,Taiwan-Choshui ,China,Asia,1510H057,,,2005 - 2006,23.79,120.63,SS,Bulk,,,0.38,0.01,-25.1,0.1,-592.7,,7162.2,0.41,0.07,5.4,,Hilton et al. (2010)*
Choshui ,Taiwan-Choshui ,China,Asia,NZA-10315,,,1994,23.79,120.63,SS,Bulk,6500,42.9,0.66,,-24.5,< 0.2,-760,< 10,11421.3,0.241,,,,Kao et al. (2014)
Choshui ,Taiwan-Choshui ,China,Asia,OS-70920,,,2004,23.79,120.63,SS,Bulk,199000,457.7,0.23,,-26.6,< 0.2,-808,< 10,13204.1,0.193,,,,Kao et al. (2014)
Choshui ,Taiwan-Choshui ,China,Asia,OS-71071,,,2004,23.79,120.63,SS,Bulk,87900,219.8,0.25,,-25.4,< 0.2,-674,< 10,8951.4,0.328,,,,Kao et al. (2014)
Choshui ,Taiwan-Choshui ,China,Asia,OS-71072,,,2004,23.79,120.63,SS,Bulk,11600,52.2,0.45,,-25.6,< 0.2,-487,< 10,5309.4,0.516,,,,Kao et al. (2014)
Choshui ,Taiwan-Choshui ,China,Asia,OS-70921,,,2004,23.79,120.63,SS,Bulk,133900,401.7,0.3,,-26.2,< 0.2,-697,< 10,9539.1,0.305,,,,Kao et al. (2014)
Choshui ,Taiwan-Choshui ,China,Asia,OS-71094,,,2004,23.79,120.63,SS,Bulk,134200,335.5,0.25,,-26.7,< 0.2,-872,< 10,16461.2,0.129,,,,Kao et al. (2014)
Choshui ,Taiwan-Choshui ,China,Asia,OS-70922,,,2004,23.79,120.63,SS,Bulk,132300,264.6,0.2,,-26.4,< 0.2,-879,< 10,16912.9,0.122,,,,Kao et al. (2014)
Choshui ,Taiwan-Choshui ,China,Asia,OS-71073,,,2004,23.79,120.63,SS,Bulk,62800,395.6,0.63,,-26.2,< 0.2,-849,< 10,15133.7,0.152,,,,Kao et al. (2014)
Choshui ,Taiwan-Choshui ,China,Asia,OS-71074,,,2004,23.79,120.63,SS,Bulk,41400,153.2,0.37,,-26,< 0.2,-869,< 10,16275.1,0.132,,,,Kao et al. (2014)
Choshui ,Taiwan-Choshui ,China,Asia,OS-71095,,,2004,23.79,120.63,SS,Bulk,36600,117.1,0.32,,-25.6,< 0.2,-756,< 10,11278.8,0.246,,,,Kao et al. (2014)
Choshui ,Taiwan-Choshui ,China,Asia,OS-71096,,,2004,23.79,120.63,SS,Bulk,800,2.6,0.32,,-24.3,< 0.2,-747,< 10,10987.8,0.255,,,,Kao et al. (2014)
Choshui ,Taiwan-Choshui ,China,Asia,OS-70914,,,2004,23.79,120.63,SS,Bulk,67500,195.8,0.29,,-24.4,< 0.2,-759,< 10,11378.2,0.243,,,,Kao et al. (2014)
Choshui ,Taiwan-Choshui ,China,Asia,OS-71131,,,2004,23.79,120.63,SS,Bulk,83600,292.6,0.35,,-25.1,< 0.2,-338,< 10,3261.1,0.666,,,,Kao et al. (2014)
Erhjen ,Taiwan-Erhjen ,China,Asia,1660H009,,,March 2005 - September 2006,22.89,120.33,SS,Bulk,,,1.05,0.01,-23.6,0.1,,,,,0.22,4.4,,Hilton et al. (2010)
Erhjen ,Taiwan-Erhjen ,China,Asia,1660H009,,,March 2005 - September 2006,22.89,120.33,SS,Bulk,,,2.01,0.01,-25.5,0.1,,,,,0.35,5.4,,Hilton et al. (2010)
Erhjen ,Taiwan-Erhjen ,China,Asia,1660H009,,,March 2005 - September 2006,22.89,120.33,SS,Bulk,,,0.93,0.01,-23.8,0.1,,,,,0.17,5.1,,Hilton et al. (2010)
Erhjen ,Taiwan-Erhjen ,China,Asia,1660H009,,,March 2005 - September 2006,22.89,120.33,SS,Bulk,,,0.56,0.01,-24.4,0.1,,,,,0.12,4.2,,Hilton et al. (2010)
Erhjen ,Taiwan-Erhjen ,China,Asia,1660H009,,,March 2005 - September 2006,22.89,120.33,SS,Bulk,,,0.87,0.01,-24.5,0.1,,,,,0.14,5.7,,Hilton et al. (2010)
Erhjen ,Taiwan-Erhjen ,China,Asia,1660H009,,,March 2005 - September 2006,22.89,120.33,SS,Bulk,,,0.94,0.01,-24.4,0.1,,,,,0.17,5.1,,Hilton et al. (2010)
Erhjen ,Taiwan-Erhjen ,China,Asia,1660H009,,,March 2005 - September 2006,22.89,120.33,SS,Bulk,,,0.53,0.01,-24.4,0.1,,,,,0.12,4.2,,Hilton et al. (2010)
Erhjen ,Taiwan-Erhjen ,China,Asia,1660H009,,,March 2005 - September 2006,22.89,120.33,SS,Bulk,,,2.55,0.01,-29.8,0.1,,,,,0.43,5.4,,Hilton et al. (2010)
Erhjen ,Taiwan-Erhjen ,China,Asia,1660H009,,,March 2005 - September 2006,22.89,120.33,SS,Bulk,,,1.87,0.01,-25.6,0.1,,,,,0.29,6.1,,Hilton et al. (2010)
Erhjen ,Taiwan-Erhjen ,China,Asia,1660H009,,,March 2005 - September 2006,22.89,120.33,SS,Bulk,,,0.47,0.01,-24.3,0.1,,,,,0.1,4.4,,Hilton et al. (2010)
Erhjen ,Taiwan-Erhjen ,China,Asia,1660H009,,,March 2005 - September 2006,22.89,120.33,SS,Bulk,,,1.01,0.01,-24.9,0.1,,,,,0.21,4.6,,Hilton et al. (2010)
Erhjen ,Taiwan-Erhjen ,China,Asia,1660H009,,,March 2005 - September 2006,22.89,120.33,SS,Bulk,,,0.63,0.01,-24,0.1,,,,,0.15,3.8,,Hilton et al. (2010)
Erhjen ,Taiwan-Erhjen ,China,Asia,1660H009,,,March 2005 - September 2006,22.89,120.33,SS,Bulk,,,0.6,0.01,-24.9,0.1,,,,,0.13,4.2,,Hilton et al. (2010)
Erhjen ,Taiwan-Erhjen ,China,Asia,1660H009,,,March 2005 - September 2006,22.89,120.33,SS,Bulk,,,0.63,0.01,-24.2,0.1,,,,,0.14,4.2,,Hilton et al. (2010)
Erhjen ,Taiwan-Erhjen ,China,Asia,1660H009,,,March 2005 - September 2006,22.89,120.33,SS,Bulk,,,1.48,0.01,-24.7,0.1,,,,,0.3,4.4,,Hilton et al. (2010)
Erhjen ,Taiwan-Erhjen ,China,Asia,1660H009,,,March 2005 - September 2006,22.89,120.33,SS,Bulk,,,7.17,0.01,-28.7,0.1,,,,,1.33,4.8,,Hilton et al. (2010)
Erhjen ,Taiwan-Erhjen ,China,Asia,1660H009,,,March 2005 - September 2006,22.89,120.33,SS,Bulk,,,3.9,0.01,-27.8,0.1,,,,,0.69,5.1,,Hilton et al. (2010)
Erhjen ,Taiwan-Erhjen ,China,Asia,1660H009,,,March 2005 - September 2006,22.89,120.33,SS,Bulk,,,1.31,0.01,-25.4,0.1,,,,,0.23,5.4,,Hilton et al. (2010)
Erhjen ,Taiwan-Erhjen ,China,Asia,1660H009,,,March 2005 - September 2006,22.89,120.33,SS,Bulk,,,1.87,0.01,-27.5,0.1,,,,,0.34,5.1,,Hilton et al. (2010)
Erhjen ,Taiwan-Erhjen ,China,Asia,1660H009,,,March 2005 - September 2006,22.89,120.33,SS,Bulk,,,4.15,0.01,-29.7,0.1,,,,,0.59,6.6,,Hilton et al. (2010)
Erhjen ,Taiwan-Erhjen ,China,Asia,1660H009,,,March 2005 - September 2006,22.89,120.33,SS,Bulk,,,4.9,0.01,-32.3,0.1,,,,,0.87,5.1,,Hilton et al. (2010)
Erhjen ,Taiwan-Erhjen ,China,Asia,1660H009,,,March 2005 - September 2006,22.89,120.33,SS,Bulk,,,1.18,0.01,-30.3,0.1,,,,,0.23,4.6,,Hilton et al. (2010)
Erhjen ,Taiwan-Erhjen ,China,Asia,1660H009,,,March 2005 - September 2006,22.89,120.33,SS,Bulk,,,2.26,0.01,-30.5,0.1,,,,,0.46,4.6,,Hilton et al. (2010)
Erhjen ,Taiwan-Erhjen ,China,Asia,1660H009,,,March 2005 - September 2006,22.89,120.33,SS,Bulk,,,29.92,0.01,-28.1,0.1,,,,,5.54,4.8,,Hilton et al. (2010)
Erhjen ,Taiwan-Erhjen ,China,Asia,1660H009,,,March 2005 - September 2006,22.89,120.33,SS,Bulk,,,7.58,0.01,-27.3,0.1,,,,,0.66,10.2,,Hilton et al. (2010)
Erhjen ,Taiwan-Erhjen ,China,Asia,1660H009,,,March 2005 - September 2006,22.89,120.33,SS,Bulk,,,8.15,0.01,-29.6,0.1,,,,,1.37,5.4,,Hilton et al. (2010)
Erhjen ,Taiwan-Erhjen ,China,Asia,1660H009,,,March 2005 - September 2006,22.89,120.33,SS,Bulk,,,4.67,0.01,-25.4,0.1,,,,,0.8,5.4,,Hilton et al. (2010)
Erhjen ,Taiwan-Erhjen ,China,Asia,1660H009,,,March 2005 - September 2006,22.89,120.33,SS,Bulk,,,1,0.01,-24.4,0.1,,,,,0.2,4.6,,Hilton et al. (2010)
Erhjen ,Taiwan-Erhjen ,China,Asia,1660H009,,,March 2005 - September 2006,22.89,120.33,SS,Bulk,,,4.37,0.01,-27.4,0.1,,,,,0.74,5.4,,Hilton et al. (2010)
Erhjen ,Taiwan-Erhjen ,China,Asia,1660H009,,,March 2005 - September 2006,22.89,120.33,SS,Bulk,,,2.55,0.01,-27.6,0.1,,,,,0.51,4.6,,Hilton et al. (2010)
Erhjen ,Taiwan-Erhjen ,China,Asia,1660H009,,,March 2005 - September 2006,22.89,120.33,SS,Bulk,,,1.37,0.01,-25.1,0.1,,,,,0.28,4.4,,Hilton et al. (2010)
Erhjen ,Taiwan-Erhjen ,China,Asia,1660H009,,,March 2005 - September 2006,22.89,120.33,SS,Bulk,,,0.69,0.01,-24.5,0.1,,,,,0.15,4.2,,Hilton et al. (2010)
Erhjen ,Taiwan-Erhjen ,China,Asia,1660H009,,,March 2005 - September 2006,22.89,120.33,SS,Bulk,,,2.35,0.01,-27.5,0.1,,,,,0.47,4.6,,Hilton et al. (2010)
Erhjen ,Taiwan-Erhjen ,China,Asia,1660H009,,,March 2005 - September 2006,22.89,120.33,SS,Bulk,,,0.68,0.01,-23.7,0.1,,,,,0.15,4.2,,Hilton et al. (2010)
Erhjen ,Taiwan-Erhjen ,China,Asia,1660H009,,,March 2005 - September 2006,22.89,120.33,SS,Bulk,,,0.51,0.01,-24.4,0.1,,,,,0.11,4.2,,Hilton et al. (2010)
Erhjen ,Taiwan-Erhjen ,China,Asia,1660H009,,,March 2005 - September 2006,22.89,120.33,SS,Bulk,,,0.55,0.01,-24.3,0.1,,,,,0.12,4.2,,Hilton et al. (2010)
Erhjen ,Taiwan-Erhjen ,China,Asia,1660H009,,,March 2005 - September 2006,22.89,120.33,SS,Bulk,,,0.73,0.01,-24.3,0.1,,,,,0.18,3.7,,Hilton et al. (2010)
Erhjen ,Taiwan-Erhjen ,China,Asia,1660H009,,,March 2005 - September 2006,22.89,120.33,SS,Bulk,,,0.8,0.01,-24.6,0.1,,,,,0.17,4.2,,Hilton et al. (2010)
Erhjen ,Taiwan-Erhjen ,China,Asia,1660H009,,,March 2005 - September 2006,22.89,120.33,SS,Bulk,,,1.27,0.01,-25.9,0.1,,,,,0.28,4.2,,Hilton et al. (2010)
Erhjen ,Taiwan-Erhjen ,China,Asia,1660H009,,,March 2005 - September 2006,22.89,120.33,SS,Bulk,,,0.79,0.01,-23.9,0.1,,,,,0.19,3.8,,Hilton et al. (2010)
Fonshan ,Taiwan-Fonshan ,China,Asia,NZA-10290,,,1994,24.85,121.02,SS,Bulk,500,3.4,0.67,,-25.3,< 0.2,-407,< 10,4155,0.596,,,,Kao et al. (2014)
Gaoping ,Taiwan-Gaoping ,China,Asia,NZA-10316,,,1994,22.77,120.45,SS,Bulk,3600,20.9,0.58,,-25.4,< 0.2,-9,< 10,modern,0.996,,,,Kao et al. (2014)
Gaoping ,Taiwan-Gaoping ,China,Asia,1730H043,,,March 2005 - September 2006,22.77,120.45,SS,Bulk,,,0.56,0.01,-24.7,0.1,-741.7,,10821,0.26,0.11,4.8,,Hilton et al. (2010)*
Gaoping ,Taiwan-Gaoping ,China,Asia,1730H043,,,March 2005 - September 2006,22.77,120.45,SS,Bulk,,,0.73,0.01,-25.4,0.1,-572.9,,6779.6,0.43,0.13,5.4,,Hilton et al. (2010)*
Gaoping ,Taiwan-Gaoping ,China,Asia,1730H043,,,March 2005 - September 2006,22.77,120.45,SS,Bulk,,,0.52,0.01,-25.2,0.1,-652.3,,8433.2,0.35,0.1,4.8,,Hilton et al. (2010)*
Gaoping ,Taiwan-Gaoping ,China,Asia,1730H043,,,March 2005 - September 2006,22.77,120.45,SS,Bulk,,,0.69,0.01,-24.9,0.1,-582.8,,6968.6,0.42,0.11,5.4,,Hilton et al. (2010)*
Gaoping ,Taiwan-Gaoping ,China,Asia,1730H043,,,March 2005 - September 2006,22.77,120.45,SS,Bulk,,,0.53,0.01,-25.1,0.1,-811.3,,13340.7,0.19,0.12,4.2,,Hilton et al. (2010)*
Gaoping ,Taiwan-Gaoping ,China,Asia,1730H043,,,March 2005 - September 2006,22.77,120.45,SS,Bulk,,,0.58,0.01,-24.3,0.1,-672.2,,8905.9,0.33,0.1,5.4,,Hilton et al. (2010)*
Gaoping ,Taiwan-Gaoping ,China,Asia,1730H043,,,March 2005 - September 2006,22.77,120.45,SS,Bulk,,,0.79,0.01,-24.8,0.1,-602.7,,7360.6,0.4,0.13,5.4,,Hilton et al. (2010)*
Gaoping ,Taiwan-Gaoping ,China,Asia,1730H043,,,March 2005 - September 2006,22.77,120.45,SS,Bulk,,,0.56,0.01,-24.5,0.1,-831.1,,14234.1,0.17,0.12,4.4,,Hilton et al. (2010)*
Gaoping ,Taiwan-Gaoping ,China,Asia,1730H043,,,March 2005 - September 2006,22.77,120.45,SS,Bulk,,,0.52,0.01,-24,0.1,-851,,15239.6,0.15,0.11,4.6,,Hilton et al. (2010)*
Gaoping ,Taiwan-Gaoping ,China,Asia,1730H043,,,March 2005 - September 2006,22.77,120.45,SS,Bulk,,,0.55,0.01,-22.3,0.1,-980.1,,31425.3,0.02,0.11,4.8,,Hilton et al. (2010)*
Gaoping ,Taiwan-Gaoping ,China,Asia,1730H043,,,March 2005 - September 2006,22.77,120.45,SS,Bulk,,,0.47,0.01,-24.3,0.1,-831.1,,14234.1,0.17,0.1,4.6,,Hilton et al. (2010)*
Gaoping ,Taiwan-Gaoping ,China,Asia,1730H043,,,March 2005 - September 2006,22.77,120.45,SS,Bulk,,,0.45,0.01,-24,0.1,-920.5,,20289.2,0.08,0.1,4.2,,Hilton et al. (2010)*
Gaoping ,Taiwan-Gaoping ,China,Asia,1730H043,,,March 2005 - September 2006,22.77,120.45,SS,Bulk,,,0.48,0.01,-24.1,0.1,-801.3,,12928.6,0.2,0.09,4.8,,Hilton et al. (2010)*
Gaoping ,Taiwan-Gaoping ,China,Asia,1730H043,,,March 2005 - September 2006,22.77,120.45,SS,Bulk,,,0.59,0.01,-23.6,0.1,-801.3,,12928.6,0.2,0.11,5.1,,Hilton et al. (2010)*
Gaoping ,Taiwan-Gaoping ,China,Asia,1730H043,,,March 2005 - September 2006,22.77,120.45,SS,Bulk,,,0.57,0.01,-24.1,0.1,-692.1,,9408.1,0.31,0.1,5.4,,Hilton et al. (2010)*
Gaoping ,Taiwan-Gaoping ,China,Asia,1730H043,,,March 2005 - September 2006,22.77,120.45,SS,Bulk,,,0.53,0.01,-23.8,0.1,-821.2,,13775,0.18,0.1,4.8,,Hilton et al. (2010)*
Gaoping ,Taiwan-Gaoping ,China,Asia,1730H043,,,March 2005 - September 2006,22.77,120.45,SS,Bulk,,,0.67,0.01,-23.3,0.1,-771.5,,11805.9,0.23,0.11,5.4,,Hilton et al. (2010)*
Gaoping ,Taiwan-Gaoping ,China,Asia,1730H043,,,March 2005 - September 2006,22.77,120.45,SS,Bulk,,,0.48,0.01,-23.7,0.1,-851,,15239.6,0.15,0.09,4.6,,Hilton et al. (2010)*
Gaoping ,Taiwan-Gaoping ,China,Asia,1730H043,,,March 2005 - September 2006,22.77,120.45,SS,Bulk,,,0.87,0.01,-24.2,0.1,-672.2,,8905.9,0.33,0.15,5.4,,Hilton et al. (2010)*
Gaoping ,Taiwan-Gaoping ,China,Asia,1730H043,,,March 2005 - September 2006,22.77,120.45,SS,Bulk,,,3.07,0.01,-25.9,0.1,-394,,3970.7,0.61,0.45,6.1,,Hilton et al. (2010)*
Gaoping ,Taiwan-Gaoping ,China,Asia,1730H043,,,March 2005 - September 2006,22.77,120.45,SS,Bulk,,,2.38,0.01,-22.5,0.1,-831.1,,14234.1,0.17,0.39,5.7,,Hilton et al. (2010)*
Gaoping ,Taiwan-Gaoping ,China,Asia,1730H043,,,March 2005 - September 2006,22.77,120.45,SS,Bulk,,,0.48,0.01,-23.8,0.1,-831.1,,14234.1,0.17,0.09,4.8,,Hilton et al. (2010)*
Gaoping ,Taiwan-Gaoping ,China,Asia,1730H043,,,March 2005 - September 2006,22.77,120.45,SS,Bulk,,,0.43,0.01,-24.1,0.1,-860.9,,15793.8,0.14,0.09,4.4,,Hilton et al. (2010)*
Gaoping ,Taiwan-Gaoping ,China,Asia,1730H043,,,March 2005 - September 2006,22.77,120.45,SS,Bulk,,,0.41,0.01,-24.4,0.1,-851,,15239.6,0.15,0.09,4.4,,Hilton et al. (2010)*
Gaoping ,Taiwan-Gaoping ,China,Asia,1730H043,,,March 2005 - September 2006,22.77,120.45,SS,Bulk,,,0.49,0.01,-24,0.1,-880.8,,17032.1,0.12,0.1,4.4,,Hilton et al. (2010)*
Gaoping ,Taiwan-Gaoping ,China,Asia,1730H043,,,March 2005 - September 2006,22.77,120.45,SS,Bulk,,,0.49,0.01,-24.6,0.1,-831.1,,14234.1,0.17,0.1,4.4,,Hilton et al. (2010)*
Gaoping ,Taiwan-Gaoping ,China,Asia,1730H043,,,March 2005 - September 2006,22.77,120.45,SS,Bulk,,,0.51,0.01,-24.4,0.1,-890.7,,17731,0.11,0.11,4.2,,Hilton et al. (2010)*
Gaoping ,Taiwan-Gaoping ,China,Asia,1730H043,,,March 2005 - September 2006,22.77,120.45,SS,Bulk,,,0.45,0.01,-24.1,0.1,-860.9,,15793.8,0.14,0.09,4.4,,Hilton et al. (2010)*
Gaoping ,Taiwan-Gaoping ,China,Asia,1730H043,,,March 2005 - September 2006,22.77,120.45,SS,Bulk,,,0.56,0.01,-24.4,0.1,-771.5,,11805.9,0.23,0.11,4.8,,Hilton et al. (2010)*
Gaoping ,Taiwan-Gaoping ,China,Asia,1730H043,,,March 2005 - September 2006,22.77,120.45,SS,Bulk,,,0.63,0.01,-24.3,0.1,-781.5,,12163,0.22,0.12,4.8,,Hilton et al. (2010)*
Gaoping ,Taiwan-Gaoping ,China,Asia,1730H043,,,March 2005 - September 2006,22.77,120.45,SS,Bulk,,,0.57,0.01,-24.6,0.1,-771.5,,11805.9,0.23,0.11,4.6,,Hilton et al. (2010)*
Gaoping ,Taiwan-Gaoping ,China,Asia,1730H043,,,March 2005 - September 2006,22.77,120.45,SS,Bulk,,,0.65,0.01,-24.2,0.1,-801.3,,12928.6,0.2,0.13,4.6,,Hilton et al. (2010)*
Hoping ,Taiwan-Hoping ,China,Asia,2500H003,,,March 2005 - September 2006,24.33,121.74,SS,Bulk,,,0.47,0.01,-22.7,0.1,-811.3,,13340.7,0.19,0.08,5.7,,Hilton et al. (2010)*
Hoping ,Taiwan-Hoping ,China,Asia,2500H003,,,March 2005 - September 2006,24.33,121.74,SS,Bulk,,,0.57,0.01,-23,0.1,-572.9,,6779.6,0.43,0.07,7.7,,Hilton et al. (2010)*
Hoping ,Taiwan-Hoping ,China,Asia,2500H003,,,March 2005 - September 2006,24.33,121.74,SS,Bulk,,,0.5,0.01,-20.9,0.1,-711.9,,9943.8,0.29,0.05,9.2,,Hilton et al. (2010)*
Hoping ,Taiwan-Hoping ,China,Asia,2500H003,,,March 2005 - September 2006,24.33,121.74,SS,Bulk,,,0.63,0.01,-21.2,0.1,-781.5,,12163,0.22,0.07,7.7,,Hilton et al. (2010)*
Hoping ,Taiwan-Hoping ,China,Asia,2500H003,,,March 2005 - September 2006,24.33,121.74,SS,Bulk,,,0.52,0.01,-22.5,0.1,-572.9,,6779.6,0.43,0.06,8.3,,Hilton et al. (2010)*
Hoping ,Taiwan-Hoping ,China,Asia,2500H003,,,March 2005 - September 2006,24.33,121.74,SS,Bulk,,,0.48,0.01,-22.2,0.1,-811.3,,13340.7,0.19,0.07,6.1,,Hilton et al. (2010)*
Hoping ,Taiwan-Hoping ,China,Asia,2500H003,,,March 2005 - September 2006,24.33,121.74,SS,Bulk,,,0.48,0.01,-23.1,0.1,-652.3,,8433.2,0.35,0.06,6.6,,Hilton et al. (2010)*
Hoping ,Taiwan-Hoping ,China,Asia,2500H003,,,March 2005 - September 2006,24.33,121.74,SS,Bulk,,,0.53,0.01,-21.2,0.1,-741.7,,10821,0.26,0.06,8.3,,Hilton et al. (2010)*
Hoping ,Taiwan-Hoping ,China,Asia,2500H003,,,March 2005 - September 2006,24.33,121.74,SS,Bulk,,,0.46,0.01,-22.5,0.1,-672.2,,8905.9,0.33,0.06,7.7,,Hilton et al. (2010)*
Hoping ,Taiwan-Hoping ,China,Asia,2500H003,,,March 2005 - September 2006,24.33,121.74,SS,Bulk,,,0.47,0.01,-23.3,0.1,-781.5,,12163,0.22,0.08,5.4,,Hilton et al. (2010)*
Hoping ,Taiwan-Hoping ,China,Asia,2500H003,,,March 2005 - September 2006,24.33,121.74,SS,Bulk,,,0.41,0.01,-23.3,0.1,-811.3,,13340.7,0.19,0.07,5.1,,Hilton et al. (2010)*
Hoping ,Taiwan-Hoping ,China,Asia,2500H003,,,March 2005 - September 2006,24.33,121.74,SS,Bulk,,,0.43,0.01,-22.5,0.1,-761.6,,11464,0.24,0.06,6.1,,Hilton et al. (2010)*
Hoping ,Taiwan-Hoping ,China,Asia,2500H003,,,March 2005 - September 2006,24.33,121.74,SS,Bulk,,,0.43,0.01,-22.7,0.1,-731.8,,10517.9,0.27,0.06,6.1,,Hilton et al. (2010)*
Hoping ,Taiwan-Hoping ,China,Asia,2500H003,,,March 2005 - September 2006,24.33,121.74,SS,Bulk,,,0.45,0.01,-22.9,0.1,-821.2,,13775,0.18,0.08,5.4,,Hilton et al. (2010)*
Hoping ,Taiwan-Hoping ,China,Asia,2500H003,,,March 2005 - September 2006,24.33,121.74,SS,Bulk,,,0.38,0.01,-23.2,0.1,-801.3,,12928.6,0.2,0.07,5.4,,Hilton et al. (2010)*
Hoping ,Taiwan-Hoping ,China,Asia,2500H003,,,March 2005 - September 2006,24.33,121.74,SS,Bulk,,,0.43,0.01,-23,0.1,-791.4,,12536.7,0.21,0.07,5.7,,Hilton et al. (2010)*
Hoping ,Taiwan-Hoping ,China,Asia,2500H003,,,March 2005 - September 2006,24.33,121.74,SS,Bulk,,,0.41,0.01,-23.1,0.1,-741.7,,10821,0.26,0.07,5.7,,Hilton et al. (2010)*
Hoping ,Taiwan-Hoping ,China,Asia,2500H003,,,March 2005 - September 2006,24.33,121.74,SS,Bulk,,,0.43,0.01,-23.1,0.1,-811.3,,13340.7,0.19,0.07,5.4,,Hilton et al. (2010)*
Hoping ,Taiwan-Hoping ,China,Asia,2500H003,,,March 2005 - September 2006,24.33,121.74,SS,Bulk,,,0.46,0.01,-23,0.1,-860.9,,15793.8,0.14,0.08,5.1,,Hilton et al. (2010)*
Hoping ,Taiwan-Hoping ,China,Asia,2500H003,,,March 2005 - September 2006,24.33,121.74,SS,Bulk,,,0.45,0.01,-23.3,0.1,-731.8,,10517.9,0.27,0.07,5.7,,Hilton et al. (2010)*
Hoping ,Taiwan-Hoping ,China,Asia,2500H003,,,March 2005 - September 2006,24.33,121.74,SS,Bulk,,,0.47,0.01,-22.5,0.1,-811.3,,13340.7,0.19,0.07,5.7,,Hilton et al. (2010)*
Hoping ,Taiwan-Hoping ,China,Asia,2500H003,,,March 2005 - September 2006,24.33,121.74,SS,Bulk,,,0.87,0.01,-19.1,0.1,-990.1,,36993.3,0.01,0.1,8.3,,Hilton et al. (2010)*
Hoping ,Taiwan-Hoping ,China,Asia,2500H003,,,March 2005 - September 2006,24.33,121.74,SS,Bulk,,,0.57,0.01,-21.5,0.1,-831.1,,14234.1,0.17,0.08,6.6,,Hilton et al. (2010)*
Hoping ,Taiwan-Hoping ,China,Asia,2500H003,,,March 2005 - September 2006,24.33,121.74,SS,Bulk,,,0.58,0.01,-21.5,0.1,-741.7,,10821,0.26,0.07,7.7,,Hilton et al. (2010)*
Hoping ,Taiwan-Hoping ,China,Asia,2500H003,,,March 2005 - September 2006,24.33,121.74,SS,Bulk,,,0.54,0.01,-23.6,0.1,-851,,15239.6,0.15,0.1,4.8,,Hilton et al. (2010)*
Hoping ,Taiwan-Hoping ,China,Asia,2500H003,,,March 2005 - September 2006,24.33,121.74,SS,Bulk,,,0.65,0.01,-20.2,0.1,-970.2,,28168.2,0.03,0.09,6.6,,Hilton et al. (2010)*
Hoping ,Taiwan-Hoping ,China,Asia,2500H003,,,March 2005 - September 2006,24.33,121.74,SS,Bulk,,,0.46,0.01,-23.4,0.1,-702,,9671.5,0.3,0.07,5.7,,Hilton et al. (2010)*
Hoping ,Taiwan-Hoping ,China,Asia,2500H003,,,March 2005 - September 2006,24.33,121.74,SS,Bulk,,,0.46,0.01,-22.9,0.1,-791.4,,12536.7,0.21,0.07,5.7,,Hilton et al. (2010)*
Hoping ,Taiwan-Hoping ,China,Asia,2500H003,,,March 2005 - September 2006,24.33,121.74,SS,Bulk,,,0.87,0.01,-21.5,0.1,-761.6,,11464,0.24,0.11,7.7,,Hilton et al. (2010)*
Hoping ,Taiwan-Hoping ,China,Asia,2500H003,,,March 2005 - September 2006,24.33,121.74,SS,Bulk,,,0.53,0.01,-23.1,0.1,-811.3,,13340.7,0.19,0.09,5.4,,Hilton et al. (2010)*
Hoping ,Taiwan-Hoping ,China,Asia,2500H003,,,March 2005 - September 2006,24.33,121.74,SS,Bulk,,,0.54,0.01,-23.4,0.1,-841.1,,14721.1,0.16,0.1,5.1,,Hilton et al. (2010)*
Hoping ,Taiwan-Hoping ,China,Asia,2500H003,,,March 2005 - September 2006,24.33,121.74,SS,Bulk,,,0.42,0.01,-23.4,0.1,-731.8,,10517.9,0.27,0.07,5.7,,Hilton et al. (2010)*
Hoping ,Taiwan-Hoping ,China,Asia,2500H003,,,March 2005 - September 2006,24.33,121.74,SS,Bulk,,,0.49,0.01,-23.3,0.1,-821.2,,13775,0.18,0.09,5.1,,Hilton et al. (2010)*
Hoping ,Taiwan-Hoping ,China,Asia,2500H003,,,March 2005 - September 2006,24.33,121.74,SS,Bulk,,,0.36,0.01,-23.3,0.1,-821.2,,13775,0.18,0.07,5.1,,Hilton et al. (2010)*
Hoping ,Taiwan-Hoping ,China,Asia,2500H003,,,March 2005 - September 2006,24.33,121.74,SS,Bulk,,,0.48,0.01,-23.4,0.1,-860.9,,15793.8,0.14,0.09,4.8,,Hilton et al. (2010)*
Hoping ,Taiwan-Hoping ,China,Asia,2500H003,,,March 2005 - September 2006,24.33,121.74,SS,Bulk,,,0.45,0.01,-23.4,0.1,-851,,15239.6,0.15,0.09,4.8,,Hilton et al. (2010)*
Hoping ,Taiwan-Hoping ,China,Asia,2500H003,,,March 2005 - September 2006,24.33,121.74,SS,Bulk,,,0.47,0.01,-24.1,0.1,-781.5,,12163,0.22,0.09,4.8,,Hilton et al. (2010)*
Hoping ,Taiwan-Hoping ,China,Asia,2500H003,,,March 2005 - September 2006,24.33,121.74,SS,Bulk,,,0.44,0.01,-23.5,0.1,-851,,15239.6,0.15,0.08,4.8,,Hilton et al. (2010)*
Hoping ,Taiwan-Hoping ,China,Asia,2500H003,,,March 2005 - September 2006,24.33,121.74,SS,Bulk,,,0.51,0.01,-23.5,0.1,-761.6,,11464,0.24,0.09,5.4,,Hilton et al. (2010)*
Hoping ,Taiwan-Hoping ,China,Asia,2500H003,,,March 2005 - September 2006,24.33,121.74,SS,Bulk,,,0.48,0.01,-23.5,0.1,-831.1,,14234.1,0.17,0.09,5.1,,Hilton et al. (2010)*
Hsiukuluan ,Taiwan-Hsiukuluan ,China,Asia,2370H017,,,March 2005 - September 2006,23.49,121.4,SS,Bulk,,,0.89,0.01,-25,0.1,-463.6,,4949.8,0.54,0.13,6.6,,Hilton et al. (2010)*
Hsiukuluan ,Taiwan-Hsiukuluan ,China,Asia,2370H017,,,March 2005 - September 2006,23.49,121.4,SS,Bulk,,,0.86,0.01,-24.4,0.1,-433.8,,4515.5,0.57,0.1,7.7,,Hilton et al. (2010)*
Hsiukuluan ,Taiwan-Hsiukuluan ,China,Asia,2370H017,,,March 2005 - September 2006,23.49,121.4,SS,Bulk,,,0.68,0.01,-24,0.1,-553,,6414.4,0.45,0.09,6.6,,Hilton et al. (2010)*
Hsiukuluan ,Taiwan-Hsiukuluan ,China,Asia,2370H017,,,March 2005 - September 2006,23.49,121.4,SS,Bulk,,,0.63,0.01,-23.4,0.1,-741.7,,10821,0.26,0.1,5.7,,Hilton et al. (2010)*
Hsiukuluan ,Taiwan-Hsiukuluan ,China,Asia,2370H017,,,March 2005 - September 2006,23.49,121.4,SS,Bulk,,,0.53,0.01,-23.2,0.1,-781.5,,12163,0.22,0.09,5.4,,Hilton et al. (2010)*
Hsiukuluan ,Taiwan-Hsiukuluan ,China,Asia,2370H017,,,March 2005 - September 2006,23.49,121.4,SS,Bulk,,,0.3,0.01,-22.5,0.1,-721.9,,10225.7,0.28,0.04,6.6,,Hilton et al. (2010)*
Hsiukuluan ,Taiwan-Hsiukuluan ,China,Asia,2370H017,,,March 2005 - September 2006,23.49,121.4,SS,Bulk,,,0.44,0.01,-23.3,0.1,-751.7,,11136.1,0.25,0.07,5.7,,Hilton et al. (2010)*
Hsiukuluan ,Taiwan-Hsiukuluan ,China,Asia,2370H017,,,March 2005 - September 2006,23.49,121.4,SS,Bulk,,,0.28,0.01,-22,0.1,-860.9,,15793.8,0.14,0.04,5.7,,Hilton et al. (2010)*
Hsiukuluan ,Taiwan-Hsiukuluan ,China,Asia,2370H017,,,March 2005 - September 2006,23.49,121.4,SS,Bulk,,,0.44,0.01,-22.7,0.1,-751.7,,11136.1,0.25,0.07,6.1,,Hilton et al. (2010)*
Hsiukuluan ,Taiwan-Hsiukuluan ,China,Asia,2370H017,,,March 2005 - September 2006,23.49,121.4,SS,Bulk,,,0.45,0.01,-22.3,0.1,-851,,15239.6,0.15,0.07,5.7,,Hilton et al. (2010)*
Hsiukuluan ,Taiwan-Hsiukuluan ,China,Asia,2370H017,,,March 2005 - September 2006,23.49,121.4,SS,Bulk,,,0.42,0.01,-22,0.1,-980.1,,31425.3,0.02,0.08,5.1,,Hilton et al. (2010)*
Hsiukuluan ,Taiwan-Hsiukuluan ,China,Asia,2370H017,,,March 2005 - September 2006,23.49,121.4,SS,Bulk,,,0.48,0.01,-22.6,0.1,-781.5,,12163,0.22,0.07,6.1,,Hilton et al. (2010)*
Hsiukuluan ,Taiwan-Hsiukuluan ,China,Asia,2370H017,,,March 2005 - September 2006,23.49,121.4,SS,Bulk,,,0.37,0.01,-22.3,0.1,-940.4,,22600.1,0.06,0.07,5.1,,Hilton et al. (2010)*
Hsiukuluan ,Taiwan-Hsiukuluan ,China,Asia,2370H017,,,March 2005 - September 2006,23.49,121.4,SS,Bulk,,,0.41,0.01,-21.7,0.1,-910.6,,19343,0.09,0.07,5.7,,Hilton et al. (2010)*
Hsiukuluan ,Taiwan-Hsiukuluan ,China,Asia,2370H017,,,March 2005 - September 2006,23.49,121.4,SS,Bulk,,,0.32,0.01,-22.6,0.1,-831.1,,14234.1,0.17,0.05,5.7,,Hilton et al. (2010)*
Hsiukuluan ,Taiwan-Hsiukuluan ,China,Asia,2370H017,,,March 2005 - September 2006,23.49,121.4,SS,Bulk,,,0.54,0.01,-21.9,0.1,-920.5,,20289.2,0.08,0.09,5.4,,Hilton et al. (2010)*
Hsiukuluan ,Taiwan-Hsiukuluan ,China,Asia,2370H017,,,March 2005 - September 2006,23.49,121.4,SS,Bulk,,,0.41,0.01,-22.3,0.1,-831.1,,14234.1,0.17,0.07,5.7,,Hilton et al. (2010)*
Hsiukuluan ,Taiwan-Hsiukuluan ,China,Asia,2370H017,,,March 2005 - September 2006,23.49,121.4,SS,Bulk,,,0.57,0.01,-23.9,0.1,-453.6,,4802.4,0.55,0.06,8.3,,Hilton et al. (2010)*
Hsiukuluan ,Taiwan-Hsiukuluan ,China,Asia,2370H017,,,March 2005 - September 2006,23.49,121.4,SS,Bulk,,,0.63,0.01,-23.7,0.1,-612.6,,7563.9,0.39,0.09,6.6,,Hilton et al. (2010)*
Hsiukuluan ,Taiwan-Hsiukuluan ,China,Asia,2370H017,,,March 2005 - September 2006,23.49,121.4,SS,Bulk,,,0.57,0.01,-22.5,0.1,-761.6,,11464,0.24,0.08,6.6,,Hilton et al. (2010)*
Hsiukuluan ,Taiwan-Hsiukuluan ,China,Asia,2370H017,,,March 2005 - September 2006,23.49,121.4,SS,Bulk,,,1.31,0.01,-23.1,0.1,-493.4,,5409,0.51,0.13,9.2,,Hilton et al. (2010)*
Hsiukuluan ,Taiwan-Hsiukuluan ,China,Asia,2370H017,,,March 2005 - September 2006,23.49,121.4,SS,Bulk,,,2.3,0.01,-23.4,0.1,-314.6,,2980.8,0.69,0.16,13.1,,Hilton et al. (2010)*
Hsiukuluan ,Taiwan-Hsiukuluan ,China,Asia,2370H017,,,March 2005 - September 2006,23.49,121.4,SS,Bulk,,,0.63,0.01,-24.5,0.1,-791.4,,12536.7,0.21,0.13,4.6,,Hilton et al. (2010)*
Hsiukuluan ,Taiwan-Hsiukuluan ,China,Asia,2370H017,,,March 2005 - September 2006,23.49,121.4,SS,Bulk,,,1.06,0.01,-23.4,0.1,-771.5,,11805.9,0.23,0.18,5.4,,Hilton et al. (2010)*
Hsiukuluan ,Taiwan-Hsiukuluan ,China,Asia,2370H017,,,March 2005 - September 2006,23.49,121.4,SS,Bulk,,,1.33,0.01,-23.2,0.1,-751.7,,11136.1,0.25,0.21,5.7,,Hilton et al. (2010)*
Hsiukuluan ,Taiwan-Hsiukuluan ,China,Asia,2370H017,,,March 2005 - September 2006,23.49,121.4,SS,Bulk,,,2.16,0.01,-22.4,0.1,-702,,9671.5,0.3,0.28,7.1,,Hilton et al. (2010)*
Hsiukuluan ,Taiwan-Hsiukuluan ,China,Asia,2370H017,,,March 2005 - September 2006,23.49,121.4,SS,Bulk,,,0.48,0.01,-22,0.1,-950.3,,24064.7,0.05,0.08,5.4,,Hilton et al. (2010)*
Hsiukuluan ,Taiwan-Hsiukuluan ,China,Asia,2370H017,,,March 2005 - September 2006,23.49,121.4,SS,Bulk,,,0.76,0.01,-22.8,0.1,-831.1,,14234.1,0.17,0.13,5.4,,Hilton et al. (2010)*
Hsiukuluan ,Taiwan-Hsiukuluan ,China,Asia,2370H017,,,March 2005 - September 2006,23.49,121.4,SS,Bulk,,,0.45,0.01,-22.1,0.1,-990.1,,36993.3,0.01,0.08,4.8,,Hilton et al. (2010)*
Hsiukuluan ,Taiwan-Hsiukuluan ,China,Asia,2370H017,,,March 2005 - September 2006,23.49,121.4,SS,Bulk,,,0.67,0.01,-22.7,0.1,-851,,15239.6,0.15,0.12,5.4,,Hilton et al. (2010)*
Hsiukuluan ,Taiwan-Hsiukuluan ,China,Asia,2370H017,,,March 2005 - September 2006,23.49,121.4,SS,Bulk,,,0.43,0.01,-22,0.1,-990.1,,36993.3,0.01,0.08,4.8,,Hilton et al. (2010)*
Hsiukuluan ,Taiwan-Hsiukuluan ,China,Asia,2370H017,,,March 2005 - September 2006,23.49,121.4,SS,Bulk,,,0.38,0.01,-22.5,0.1,-950.3,,24064.7,0.05,0.07,4.8,,Hilton et al. (2010)*
Hsiukuluan ,Taiwan-Hsiukuluan ,China,Asia,2370H017,,,March 2005 - September 2006,23.49,121.4,SS,Bulk,,,0.59,0.01,-23.3,0.1,-702,,9671.5,0.3,0.09,6.1,,Hilton et al. (2010)*
Hsiukuluan ,Taiwan-Hsiukuluan ,China,Asia,2370H017,,,March 2005 - September 2006,23.49,121.4,SS,Bulk,,,0.84,0.01,-24.2,0.1,-592.7,,7162.2,0.41,0.13,6.1,,Hilton et al. (2010)*
Hsiukuluan ,Taiwan-Hsiukuluan ,China,Asia,2370H017,,,March 2005 - September 2006,23.49,121.4,SS,Bulk,,,0.65,0.01,-23.5,0.1,-721.9,,10225.7,0.28,0.1,5.7,,Hilton et al. (2010)*
Hualien ,Taiwan-Hualien ,China,Asia,2420H024,,,March 2005 - September 2006,23.92,121.59,SS,Bulk,,,0.82,0.01,-22.9,0.1,-394,,3970.7,0.61,0.06,11.5,,Hilton et al. (2010)*
Hualien ,Taiwan-Hualien ,China,Asia,2420H024,,,March 2005 - September 2006,23.92,121.59,SS,Bulk,,,0.51,0.01,-20.2,0.1,-831.1,,14234.1,0.17,0.05,9.2,,Hilton et al. (2010)*
Hualien ,Taiwan-Hualien ,China,Asia,2420H024,,,March 2005 - September 2006,23.92,121.59,SS,Bulk,,,0.74,0.01,-21.7,0.1,-702,,9671.5,0.3,0.08,8.3,,Hilton et al. (2010)*
Hualien ,Taiwan-Hualien ,China,Asia,2420H024,,,March 2005 - September 2006,23.92,121.59,SS,Bulk,,,0.94,0.01,-24.2,0.1,-622.5,,7772.6,0.38,0.15,5.7,,Hilton et al. (2010)*
Hualien ,Taiwan-Hualien ,China,Asia,2420H024,,,March 2005 - September 2006,23.92,121.59,SS,Bulk,,,0.35,0.01,-21.1,0.1,-692.1,,9408.1,0.31,0.03,9.2,,Hilton et al. (2010)*
Hualien ,Taiwan-Hualien ,China,Asia,2420H024,,,March 2005 - September 2006,23.92,121.59,SS,Bulk,,,0.72,0.01,-22.3,0.1,-682.1,,9153.1,0.32,0.09,7.7,,Hilton et al. (2010)*
Hualien ,Taiwan-Hualien ,China,Asia,2420H024,,,March 2005 - September 2006,23.92,121.59,SS,Bulk,,,0.51,0.01,-20.7,0.1,-910.6,,19343,0.09,0.07,7.1,,Hilton et al. (2010)*
Hualien ,Taiwan-Hualien ,China,Asia,2420H024,,,March 2005 - September 2006,23.92,121.59,SS,Bulk,,,0.72,0.01,-22.4,0.1,-622.5,,7772.6,0.38,0.08,8.3,,Hilton et al. (2010)*
Hualien ,Taiwan-Hualien ,China,Asia,2420H024,,,March 2005 - September 2006,23.92,121.59,SS,Bulk,,,0.75,0.01,-23.4,0.1,-404,,4103.5,0.6,0.07,10.2,,Hilton et al. (2010)*
Hualien ,Taiwan-Hualien ,China,Asia,2420H024,,,March 2005 - September 2006,23.92,121.59,SS,Bulk,,,0.36,0.01,-20.2,0.1,-870.9,,16389.1,0.13,0.04,8.3,,Hilton et al. (2010)*
Hualien ,Taiwan-Hualien ,China,Asia,2420H024,,,March 2005 - September 2006,23.92,121.59,SS,Bulk,,,0.28,0.01,-19.7,0.1,-870.9,,16389.1,0.13,0.03,9.2,,Hilton et al. (2010)*
Hualien ,Taiwan-Hualien ,China,Asia,2420H024,,,March 2005 - September 2006,23.92,121.59,SS,Bulk,,,0.29,0.01,-19.5,0.1,-950.3,,24064.7,0.05,0.03,7.7,,Hilton et al. (2010)*
Hualien ,Taiwan-Hualien ,China,Asia,2420H024,,,March 2005 - September 2006,23.92,121.59,SS,Bulk,,,0.48,0.01,-20,0.1,-851,,15239.6,0.15,0.05,8.3,,Hilton et al. (2010)*
Hualien ,Taiwan-Hualien ,China,Asia,2420H024,,,March 2005 - September 2006,23.92,121.59,SS,Bulk,,,0.32,0.01,-20.7,0.1,-821.2,,13775,0.18,0.04,7.7,,Hilton et al. (2010)*
Hualien ,Taiwan-Hualien ,China,Asia,2420H024,,,March 2005 - September 2006,23.92,121.59,SS,Bulk,,,0.58,0.01,-23.1,0.1,-493.4,,5409,0.51,0.06,9.2,,Hilton et al. (2010)*
Hualien ,Taiwan-Hualien ,China,Asia,2420H024,,,March 2005 - September 2006,23.92,121.59,SS,Bulk,,,0.36,0.01,-20.5,0.1,-761.6,,11464,0.24,0.04,9.2,,Hilton et al. (2010)*
Hualien ,Taiwan-Hualien ,China,Asia,2420H024,,,March 2005 - September 2006,23.92,121.59,SS,Bulk,,,0.65,0.01,-22.2,0.1,-771.5,,11805.9,0.23,0.09,6.6,,Hilton et al. (2010)*
Hualien ,Taiwan-Hualien ,China,Asia,2420H024,,,March 2005 - September 2006,23.92,121.59,SS,Bulk,,,0.29,0.01,-20.3,0.1,-821.2,,13775,0.18,0.03,9.2,,Hilton et al. (2010)*
Hualien ,Taiwan-Hualien ,China,Asia,2420H024,,,March 2005 - September 2006,23.92,121.59,SS,Bulk,,,0.33,0.01,-21.2,0.1,-771.5,,11805.9,0.23,0.04,7.7,,Hilton et al. (2010)*
Hualien ,Taiwan-Hualien ,China,Asia,2420H024,,,March 2005 - September 2006,23.92,121.59,SS,Bulk,,,0.53,0.01,-22.7,0.1,-553,,6414.4,0.45,0.06,8.3,,Hilton et al. (2010)*
Hualien ,Taiwan-Hualien ,China,Asia,2420H024,,,March 2005 - September 2006,23.92,121.59,SS,Bulk,,,1.76,0.01,-25.7,0.1,92.7,,modern,1.1,0.06,30.6,,Hilton et al. (2010)*
Hualien ,Taiwan-Hualien ,China,Asia,2420H024,,,March 2005 - September 2006,23.92,121.59,SS,Bulk,,,0.53,0.01,-21.6,0.1,-721.9,,10225.7,0.28,0.06,7.7,,Hilton et al. (2010)*
Hualien ,Taiwan-Hualien ,China,Asia,2420H024,,,March 2005 - September 2006,23.92,121.59,SS,Bulk,,,0.6,0.01,-22,0.1,-682.1,,9153.1,0.32,0.07,7.7,,Hilton et al. (2010)*
Hualien ,Taiwan-Hualien ,China,Asia,2420H024,,,March 2005 - September 2006,23.92,121.59,SS,Bulk,,,0.75,0.01,-22.8,0.1,-662.3,,8666.1,0.34,0.1,7.1,,Hilton et al. (2010)*
Hualien ,Taiwan-Hualien ,China,Asia,2420H024,,,March 2005 - September 2006,23.92,121.59,SS,Bulk,,,0.77,0.01,-22.7,0.1,-682.1,,9153.1,0.32,0.1,7.1,,Hilton et al. (2010)*
Hualien ,Taiwan-Hualien ,China,Asia,2420H024,,,March 2005 - September 2006,23.92,121.59,SS,Bulk,,,0.64,0.01,-22.4,0.1,-692.1,,9408.1,0.31,0.08,7.1,,Hilton et al. (2010)*
Hualien ,Taiwan-Hualien ,China,Asia,2420H024,,,March 2005 - September 2006,23.92,121.59,SS,Bulk,,,0.8,0.01,-23.3,0.1,-731.8,,10517.9,0.27,0.13,5.7,,Hilton et al. (2010)*
Hualien ,Taiwan-Hualien ,China,Asia,2420H024,,,March 2005 - September 2006,23.92,121.59,SS,Bulk,,,0.24,0.01,-21.1,0.1,-731.8,,10517.9,0.27,0.03,8.3,,Hilton et al. (2010)*
Hualien ,Taiwan-Hualien ,China,Asia,2420H024,,,March 2005 - September 2006,23.92,121.59,SS,Bulk,,,0.54,0.01,-23,0.1,-662.3,,8666.1,0.34,0.07,6.6,,Hilton et al. (2010)*
Hualien ,Taiwan-Hualien ,China,Asia,2420H024,,,March 2005 - September 2006,23.92,121.59,SS,Bulk,,,0.34,0.01,-21.3,0.1,-821.2,,13775,0.18,0.04,7.1,,Hilton et al. (2010)*
Hualien ,Taiwan-Hualien ,China,Asia,2420H024,,,March 2005 - September 2006,23.92,121.59,SS,Bulk,,,0.25,0.01,-20.3,0.1,-860.9,,15793.8,0.14,0.03,7.7,,Hilton et al. (2010)*
Hualien ,Taiwan-Hualien ,China,Asia,2420H024,,,March 2005 - September 2006,23.92,121.59,SS,Bulk,,,0.26,0.01,-21.4,0.1,-741.7,,10821,0.26,0.03,8.3,,Hilton et al. (2010)*
Hualien ,Taiwan-Hualien ,China,Asia,2420H024,,,March 2005 - September 2006,23.92,121.59,SS,Bulk,,,0.26,0.01,-20.9,0.1,-811.3,,13340.7,0.19,0.03,7.7,,Hilton et al. (2010)*
Hualien ,Taiwan-Hualien ,China,Asia,2420H024,,,March 2005 - September 2006,23.92,121.59,SS,Bulk,,,0.41,0.01,-21.3,0.1,-771.5,,11805.9,0.23,0.05,7.7,,Hilton et al. (2010)*
Hualien ,Taiwan-Hualien ,China,Asia,2420H024,,,March 2005 - September 2006,23.92,121.59,SS,Bulk,,,0.28,0.01,-20,0.1,-860.9,,15793.8,0.14,0.03,8.3,,Hilton et al. (2010)*
Hualien ,Taiwan-Hualien ,China,Asia,2420H024,,,March 2005 - September 2006,23.92,121.59,SS,Bulk,,,0.54,0.01,-22.9,0.1,-562.9,,6594.9,0.44,0.06,8.3,,Hilton et al. (2010)*
Hualien ,Taiwan-Hualien ,China,Asia,2420H024,,,March 2005 - September 2006,23.92,121.59,SS,Bulk,,,0.33,0.01,-20.7,0.1,-801.3,,12928.6,0.2,0.04,8.3,,Hilton et al. (2010)*
Hualien ,Taiwan-Hualien ,China,Asia,2420H024,,,March 2005 - September 2006,23.92,121.59,SS,Bulk,,,0.53,0.01,-23.1,0.1,-562.9,,6594.9,0.44,0.06,7.7,,Hilton et al. (2010)*
Lanyang Hsi ,Taiwan-Lanyang Hsi ,China,Asia,NZA-4392,,,1994,24.72,121.77,SS,Bulk,7700,52.4,0.68,,-25.1,< 0.2,-802,< 10,12928.6,0.2,,,,Kao et al. (2014)
Lanyang Hsi ,Taiwan-Lanyang Hsi ,China,Asia,NZA-10292,,,1994,24.72,121.77,SS,Bulk,24500,174,0.71,,-25.4,< 0.2,-714,< 10,9943.8,0.29,,,,Kao et al. (2014)
Lanyang Hsi ,Taiwan-Lanyang Hsi ,China,Asia,NZA-5055,,,1994,24.72,121.77,SS,Bulk,11400,66.1,0.58,,-25,< 0.2,-434,< 10,4515.5,0.57,,,,Kao et al. (2014)
Lanyang Hsi ,Taiwan-Lanyang Hsi ,China,Asia,NZA-5051,,,1994,24.72,121.77,SS,Bulk,6700,41.5,0.62,,-25.3,< 0.2,-297,< 10,2751.2,0.71,,,,Kao et al. (2014)
Lanyang Hsi ,Taiwan-Lanyang Hsi ,China,Asia,NZA-5056,,,1994,24.72,121.77,SS,Bulk,9800,56.8,0.58,,-25.6,< 0.2,-241,< 10,2204.6,0.76,,,,Kao et al. (2014)
Lanyang Hsi ,Taiwan-Lanyang Hsi ,China,Asia,NZA-5053,,,1994,24.72,121.77,SS,Bulk,5300,30.7,0.58,,-25.7,< 0.2,-227,< 10,1995.9,0.78,,,,Kao et al. (2014)
Lanyang Hsi ,Taiwan-Lanyang Hsi ,China,Asia,NZA-5048,,,1994,24.72,121.77,SS,Bulk,400,4.1,1.03,,-26.1,< 0.2,55,< 10,modern,1.06,,,,Kao et al. (2014)
Lanyang Hsi ,Taiwan-Lanyang Hsi ,China,Asia,,10,1,1993,24.72,121.77,SS,Bulk,245,1.4,0.55,,,,-803,,13009.3,0.198,,,,"Kao & Liu (1996, 1997)"
Lanyang Hsi ,Taiwan-Lanyang Hsi ,China,Asia,,7,30,1993,24.72,121.77,SS,Bulk,253,1.8,0.69,,,,-874.7,,16640.1,0.126,,,,"Kao & Liu (1996, 1997)"
Lanyang Hsi ,Taiwan-Lanyang Hsi ,China,Asia,,10,21,1993,24.72,121.77,SS,Bulk,156,1.1,0.73,,,,-715.5,,10055.4,0.286,,,,"Kao & Liu (1996, 1997)"
Lanyang Hsi ,Taiwan-Lanyang Hsi ,China,Asia,,10,1,1993,24.72,121.77,SS,Bulk,1.1,0.2,19.5,,,,75.4,,modern,1.081,,,,"Kao & Liu (1996, 1997)"
Laonung ,Taiwan-Laonung ,China,Asia,1730H031,,,March 2005 - September 2006,23.05,120.66,SS,Bulk,,,0.42,0.01,-25.9,0.1,-284.8,,2638.9,0.72,0.05,7.7,,Hilton et al. (2010)*
Laonung ,Taiwan-Laonung ,China,Asia,1730H031,,,March 2005 - September 2006,23.05,120.66,SS,Bulk,,,0.42,0.01,-25.3,0.1,-562.9,,6594.9,0.44,0.07,5.4,,Hilton et al. (2010)*
Laonung ,Taiwan-Laonung ,China,Asia,1730H031,,,March 2005 - September 2006,23.05,120.66,SS,Bulk,,,0.46,0.01,-25.7,0.1,-513.2,,5730.3,0.49,0.08,5.4,,Hilton et al. (2010)*
Laonung ,Taiwan-Laonung ,China,Asia,1730H031,,,March 2005 - September 2006,23.05,120.66,SS,Bulk,,,0.48,0.01,-25.8,0.1,-493.4,,5409,0.51,0.08,5.4,,Hilton et al. (2010)*
Laonung ,Taiwan-Laonung ,China,Asia,1730H031,,,March 2005 - September 2006,23.05,120.66,SS,Bulk,,,0.44,0.01,-25.6,0.1,-572.9,,6779.6,0.43,0.08,5.1,,Hilton et al. (2010)*
Laonung ,Taiwan-Laonung ,China,Asia,1730H031,,,March 2005 - September 2006,23.05,120.66,SS,Bulk,,,0.43,0.01,-25.4,0.1,-533.1,,6065.1,0.47,0.07,5.4,,Hilton et al. (2010)*
Laonung ,Taiwan-Laonung ,China,Asia,1730H031,,,March 2005 - September 2006,23.05,120.66,SS,Bulk,,,0.42,0.01,-25.7,0.1,-562.9,,6594.9,0.44,0.08,5.1,,Hilton et al. (2010)*
Laonung ,Taiwan-Laonung ,China,Asia,1730H031,,,March 2005 - September 2006,23.05,120.66,SS,Bulk,,,0.4,0.01,-25.7,0.1,-562.9,,6594.9,0.44,0.07,5.1,,Hilton et al. (2010)*
Laonung ,Taiwan-Laonung ,China,Asia,1730H031,,,March 2005 - September 2006,23.05,120.66,SS,Bulk,,,0.38,0.01,-25.5,0.1,-622.5,,7772.6,0.38,0.07,4.8,,Hilton et al. (2010)*
Laonung ,Taiwan-Laonung ,China,Asia,1730H031,,,March 2005 - September 2006,23.05,120.66,SS,Bulk,,,0.42,0.01,-25.7,0.1,-433.8,,4515.5,0.57,0.06,6.1,,Hilton et al. (2010)*
Laonung ,Taiwan-Laonung ,China,Asia,1730H031,,,March 2005 - September 2006,23.05,120.66,SS,Bulk,,,0.46,0.01,-25.7,0.1,-473.5,,5100,0.53,0.07,5.7,,Hilton et al. (2010)*
Laonung ,Taiwan-Laonung ,China,Asia,1730H031,,,March 2005 - September 2006,23.05,120.66,SS,Bulk,,,0.47,0.01,-25.8,0.1,-374.2,,3711.5,0.63,0.07,6.6,,Hilton et al. (2010)*
Laonung ,Taiwan-Laonung ,China,Asia,1730H031,,,March 2005 - September 2006,23.05,120.66,SS,Bulk,,,0.4,0.01,-25.6,0.1,-533.1,,6065.1,0.47,0.07,5.4,,Hilton et al. (2010)*
Laonung ,Taiwan-Laonung ,China,Asia,1730H031,,,March 2005 - September 2006,23.05,120.66,SS,Bulk,,,0.36,0.01,-25.8,0.1,-294.7,,2751.2,0.71,0.04,7.7,,Hilton et al. (2010)*
Laonung ,Taiwan-Laonung ,China,Asia,1730H031,,,March 2005 - September 2006,23.05,120.66,SS,Bulk,,,0.52,0.01,-25.3,0.1,-523.2,,5896,0.48,0.08,5.7,,Hilton et al. (2010)*
Laonung ,Taiwan-Laonung ,China,Asia,1730H031,,,March 2005 - September 2006,23.05,120.66,SS,Bulk,,,0.45,0.01,-25.2,0.1,-622.5,,7772.6,0.38,0.08,5.1,,Hilton et al. (2010)*
Laonung ,Taiwan-Laonung ,China,Asia,1730H031,,,March 2005 - September 2006,23.05,120.66,SS,Bulk,,,0.51,0.01,-25.1,0.1,-672.2,,8905.9,0.33,0.1,4.8,,Hilton et al. (2010)*
Laonung ,Taiwan-Laonung ,China,Asia,1730H031,,,March 2005 - September 2006,23.05,120.66,SS,Bulk,,,0.58,0.01,-25.5,0.1,-572.9,,6779.6,0.43,0.1,5.1,,Hilton et al. (2010)*
Laonung ,Taiwan-Laonung ,China,Asia,1730H031,,,March 2005 - September 2006,23.05,120.66,SS,Bulk,,,0.34,0.01,-25.1,0.1,-831.1,,14234.1,0.17,0.08,4.2,,Hilton et al. (2010)*
Laonung ,Taiwan-Laonung ,China,Asia,1730H031,,,March 2005 - September 2006,23.05,120.66,SS,Bulk,,,0.37,0.01,-25.8,0.1,-662.3,,8666.1,0.34,0.07,4.6,,Hilton et al. (2010)*
Laonung ,Taiwan-Laonung ,China,Asia,1730H031,,,March 2005 - September 2006,23.05,120.66,SS,Bulk,,,0.38,0.01,-25.5,0.1,-553,,6414.4,0.45,0.07,5.4,,Hilton et al. (2010)*
Laonung ,Taiwan-Laonung ,China,Asia,1730H031,,,March 2005 - September 2006,23.05,120.66,SS,Bulk,,,0.5,0.01,-25.3,0.1,-771.5,,11805.9,0.23,0.11,4.2,,Hilton et al. (2010)*
Laonung ,Taiwan-Laonung ,China,Asia,1730H031,,,March 2005 - September 2006,23.05,120.66,SS,Bulk,,,0.33,0.01,-25.2,0.1,-741.7,,10821,0.26,0.07,4.4,,Hilton et al. (2010)*
Laonung ,Taiwan-Laonung ,China,Asia,1730H031,,,March 2005 - September 2006,23.05,120.66,SS,Bulk,,,0.36,0.01,-25.4,0.1,-642.4,,8206.9,0.36,0.07,4.8,,Hilton et al. (2010)*
Linpien ,Taiwan-Linpien ,China,Asia,1760H004,,,March 2005 - September 2006,22.46,120.54,SS,Bulk,,,0.78,0.01,-25.2,0.1,-443.7,,4657.7,0.56,0.11,6.6,,Hilton et al. (2010)*
Linpien ,Taiwan-Linpien ,China,Asia,1760H004,,,March 2005 - September 2006,22.46,120.54,SS,Bulk,,,0.73,0.01,-25.8,0.1,-582.8,,6968.6,0.42,0.14,4.8,,Hilton et al. (2010)*
Linpien ,Taiwan-Linpien ,China,Asia,1760H004,,,March 2005 - September 2006,22.46,120.54,SS,Bulk,,,0.56,0.01,-25.7,0.1,-672.2,,8905.9,0.33,0.11,4.6,,Hilton et al. (2010)*
Linpien ,Taiwan-Linpien ,China,Asia,1760H004,,,March 2005 - September 2006,22.46,120.54,SS,Bulk,,,0.6,0.01,-25.4,0.1,-553,,6414.4,0.45,0.1,5.4,,Hilton et al. (2010)*
Linpien ,Taiwan-Linpien ,China,Asia,1760H004,,,March 2005 - September 2006,22.46,120.54,SS,Bulk,,,0.9,0.01,-23.9,0.1,-622.5,,7772.6,0.38,0.13,6.1,,Hilton et al. (2010)*
Linpien ,Taiwan-Linpien ,China,Asia,1760H004,,,March 2005 - September 2006,22.46,120.54,SS,Bulk,,,0.63,0.01,-25.4,0.1,-622.5,,7772.6,0.38,0.12,4.8,,Hilton et al. (2010)*
Linpien ,Taiwan-Linpien ,China,Asia,1760H004,,,March 2005 - September 2006,22.46,120.54,SS,Bulk,,,0.59,0.01,-25.6,0.1,-543.1,,6237.9,0.46,0.1,5.4,,Hilton et al. (2010)*
Linpien ,Taiwan-Linpien ,China,Asia,1760H004,,,March 2005 - September 2006,22.46,120.54,SS,Bulk,,,0.82,0.01,-25.5,0.1,-334.4,,3217,0.67,0.1,7.7,,Hilton et al. (2010)*
Linpien ,Taiwan-Linpien ,China,Asia,1760H004,,,March 2005 - September 2006,22.46,120.54,SS,Bulk,,,1.06,0.01,-24.7,0.1,-413.9,,4238.5,0.59,0.13,7.7,,Hilton et al. (2010)*
Linpien ,Taiwan-Linpien ,China,Asia,1760H004,,,March 2005 - September 2006,22.46,120.54,SS,Bulk,,,1,0.01,-25.1,0.1,-503.3,,5568.1,0.5,0.15,6.1,,Hilton et al. (2010)*
Linpien ,Taiwan-Linpien ,China,Asia,1760H004,,,March 2005 - September 2006,22.46,120.54,SS,Bulk,,,0.54,0.01,-25.6,0.1,-632.5,,7986.8,0.37,0.1,4.8,,Hilton et al. (2010)*
Linpien ,Taiwan-Linpien ,China,Asia,1760H004,,,March 2005 - September 2006,22.46,120.54,SS,Bulk,,,0.71,0.01,-25.4,0.1,-463.6,,4949.8,0.54,0.11,6.1,,Hilton et al. (2010)*
Linpien ,Taiwan-Linpien ,China,Asia,1760H004,,,March 2005 - September 2006,22.46,120.54,SS,Bulk,,,2.64,0.01,-23.5,0.1,-711.9,,9943.8,0.29,0.42,5.7,,Hilton et al. (2010)*
Linpien ,Taiwan-Linpien ,China,Asia,1760H004,,,March 2005 - September 2006,22.46,120.54,SS,Bulk,,,0.37,0.01,-25.2,0.1,-672.2,,8905.9,0.33,0.07,4.8,,Hilton et al. (2010)*
Linpien ,Taiwan-Linpien ,China,Asia,1760H004,,,March 2005 - September 2006,22.46,120.54,SS,Bulk,,,0.75,0.01,-25.3,0.1,-622.5,,7772.6,0.38,0.14,5.1,,Hilton et al. (2010)*
Linpien ,Taiwan-Linpien ,China,Asia,1760H004,,,March 2005 - September 2006,22.46,120.54,SS,Bulk,,,1.21,0.01,-24.3,0.1,-692.1,,9408.1,0.31,0.21,5.4,,Hilton et al. (2010)*
Linpien ,Taiwan-Linpien ,China,Asia,1760H004,,,March 2005 - September 2006,22.46,120.54,SS,Bulk,,,0.52,0.01,-25.2,0.1,-731.8,,10517.9,0.27,0.11,4.6,,Hilton et al. (2010)*
Linpien ,Taiwan-Linpien ,China,Asia,1760H004,,,March 2005 - September 2006,22.46,120.54,SS,Bulk,,,0.51,0.01,-24.8,0.1,-751.7,,11136.1,0.25,0.1,4.6,,Hilton et al. (2010)*
Liwu ,Taiwan-Liwu ,China,Asia,OS-76535,,,2004,24.18,121.49,SS,Bulk,59500,101.2,0.17,,-24.1,< 0.2,-604,< 10,7360.6,0.4,,,,Kao et al. (2014)
Liwu ,Taiwan-Liwu ,China,Asia,OS-76536,,,2004,24.18,121.49,SS,Bulk,,,0.12,,,,-698,< 10,9671.5,0.3,,,,Kao et al. (2014)
Liwu ,Taiwan-Liwu ,China,Asia,OS-76537,,,2004,24.18,121.49,SS,Bulk,83600,158.8,0.19,,-23.8,< 0.2,-644,< 10,8206.9,0.36,,,,Kao et al. (2014)
Liwu ,Taiwan-Liwu ,China,Asia,OS-76538,,,2004,24.18,121.49,SS,Bulk,65100,97.7,0.15,,-24,< 0.2,-746,< 10,10821,0.26,,,,Kao et al. (2014)
Liwu ,Taiwan-Liwu ,China,Asia,OS-76539,,,2004,24.18,121.49,SS,Bulk,43600,56.7,0.13,,-24,< 0.2,-698,< 10,9671.5,0.3,,,,Kao et al. (2014)
Liwu ,Taiwan-Liwu ,China,Asia,OS-76540,,,2004,24.18,121.49,SS,Bulk,53000,106,0.2,,-23.5,< 0.2,-729,< 10,10517.9,0.27,,,,Kao et al. (2014)
Liwu ,Taiwan-Liwu ,China,Asia,OS-76541,,,2004,24.18,121.49,SS,Bulk,34300,68.6,0.2,,-23.9,< 0.2,-888,< 10,17731,0.11,,,,Kao et al. (2014)
Liwu ,Taiwan-Liwu ,China,Asia,OS-76409,,,2004,24.18,121.49,SS,Bulk,39600,118.8,0.3,,-24.7,< 0.2,-861,< 10,15793.8,0.14,,,,Kao et al. (2014)
Liwu ,Taiwan-Liwu ,China,Asia,OS-76410,,,2004,24.18,121.49,SS,Bulk,30300,90.9,0.3,,-24.7,< 0.2,-914,< 10,19343,0.09,,,,Kao et al. (2014)
Liwu ,Taiwan-Liwu ,China,Asia,,3,28,2004,24.18,121.49,SS,Bulk,2498,10.2,0.41,,-23,,-593,,7168.7,0.41,,,,Hilton et al. (2008)  & Kao et al. (2014)
Liwu ,Taiwan-Liwu ,China,Asia,,7,2,2004,24.18,121.49,SS,Bulk,13075,35.4,0.27,,-21.8,,-897,,18206.7,0.104,,,,Hilton et al. (2008)  & Kao et al. (2014)
Liwu ,Taiwan-Liwu ,China,Asia,,7,3,2004,24.18,121.49,SS,Bulk,64172,242.4,0.38,,-23.2,,-572,,6764.6,0.431,,,,Hilton et al. (2008)  & Kao et al. (2014)
Liwu ,Taiwan-Liwu ,China,Asia,,7,4,2004,24.18,121.49,SS,Bulk,24384,82.4,0.34,,-23.7,,-918,,20038.4,0.083,,,,Hilton et al. (2008)  & Kao et al. (2014)
Liwu ,Taiwan-Liwu ,China,Asia,,7,6,2004,24.18,121.49,SS,Bulk,17575,67.8,0.39,,-24.1,,-926.5,,20915.4,0.074,,,,Hilton et al. (2008)  & Kao et al. (2014)
Liwu ,Taiwan-Liwu ,China,Asia,,7,10,2004,24.18,121.49,SS,Bulk,7748,32.5,0.42,,-24.4,,-948.3,,23749.7,0.052,,,,Hilton et al. (2008)  & Kao et al. (2014)
Liwu ,Taiwan-Liwu ,China,Asia,,7,13,2004,24.18,121.49,SS,Bulk,5794,21.3,0.37,,-24.3,,-956.3,,25091.6,0.044,,,,Hilton et al. (2008)  & Kao et al. (2014)
Liwu ,Taiwan-Liwu ,China,Asia,,8,24,2004,24.18,121.49,SS,Bulk,30554,49.2,0.16,,-22.5,,-826,,13994.8,0.175,,,,Hilton et al. (2008)  & Kao et al. (2014)
Liwu ,Taiwan-Liwu ,China,Asia,,8,25,2004,24.18,121.49,SS,Bulk,17658,49.4,0.28,,-23.2,,-872,,16461.2,0.129,,,,Hilton et al. (2008)  & Kao et al. (2014)
Liwu ,Taiwan-Liwu ,China,Asia,2460H005,,,March 2005 - September 2006,24.18,121.49,SS,Bulk,,,0.25,0.01,-23.1,0.1,-721.9,,10225.7,0.28,0.04,6.1,,Hilton et al. (2010)*
Liwu ,Taiwan-Liwu ,China,Asia,2460H005,,,March 2005 - September 2006,24.18,121.49,SS,Bulk,,,0.24,0.01,-22.1,0.1,-751.7,,11136.1,0.25,0.03,6.6,,Hilton et al. (2010)*
Liwu ,Taiwan-Liwu ,China,Asia,2460H005,,,March 2005 - September 2006,24.18,121.49,SS,Bulk,,,0.27,0.01,-22.5,0.1,-622.5,,7772.6,0.38,0.03,8.3,,Hilton et al. (2010)*
Liwu ,Taiwan-Liwu ,China,Asia,2460H005,,,March 2005 - September 2006,24.18,121.49,SS,Bulk,,,0.3,0.01,-22.6,0.1,-721.9,,10225.7,0.28,0.04,6.6,,Hilton et al. (2010)*
Liwu ,Taiwan-Liwu ,China,Asia,2460H005,,,March 2005 - September 2006,24.18,121.49,SS,Bulk,,,0.21,0.01,-23.1,0.1,-781.5,,12163,0.22,0.04,5.7,,Hilton et al. (2010)*
Liwu ,Taiwan-Liwu ,China,Asia,2460H005,,,March 2005 - September 2006,24.18,121.49,SS,Bulk,,,0.19,0.01,-22.5,0.1,-751.7,,11136.1,0.25,0.03,6.6,,Hilton et al. (2010)*
Liwu ,Taiwan-Liwu ,China,Asia,2460H005,,,March 2005 - September 2006,24.18,121.49,SS,Bulk,,,0.29,0.01,-24.7,0.1,-304.6,,2865.2,0.7,0.03,9.2,,Hilton et al. (2010)*
Liwu ,Taiwan-Liwu ,China,Asia,2460H005,,,March 2005 - September 2006,24.18,121.49,SS,Bulk,,,0.21,0.01,-23,0.1,-602.7,,7360.6,0.4,0.03,7.7,,Hilton et al. (2010)*
Liwu ,Taiwan-Liwu ,China,Asia,2460H005,,,March 2005 - September 2006,24.18,121.49,SS,Bulk,,,0.23,0.01,-23.1,0.1,-592.7,,7162.2,0.41,0.03,7.7,,Hilton et al. (2010)*
Liwu ,Taiwan-Liwu ,China,Asia,2460H005,,,March 2005 - September 2006,24.18,121.49,SS,Bulk,,,0.36,0.01,-23,0.1,-562.9,,6594.9,0.44,0.04,8.3,,Hilton et al. (2010)*
Liwu ,Taiwan-Liwu ,China,Asia,2460H005,,,March 2005 - September 2006,24.18,121.49,SS,Bulk,,,0.41,0.01,-23,0.1,-553,,6414.4,0.45,0.05,8.3,,Hilton et al. (2010)*
Liwu ,Taiwan-Liwu ,China,Asia,2460H005,,,March 2005 - September 2006,24.18,121.49,SS,Bulk,,,0.33,0.01,-23.5,0.1,-632.5,,7986.8,0.37,0.05,6.6,,Hilton et al. (2010)*
Liwu ,Taiwan-Liwu ,China,Asia,2460H005,,,March 2005 - September 2006,24.18,121.49,SS,Bulk,,,0.31,0.01,-22.4,0.1,-870.9,,16389.1,0.13,0.05,5.4,,Hilton et al. (2010)*
Liwu ,Taiwan-Liwu ,China,Asia,2460H005,,,March 2005 - September 2006,24.18,121.49,SS,Bulk,,,0.28,0.01,-22.9,0.1,-602.7,,7360.6,0.4,0.03,7.7,,Hilton et al. (2010)*
Liwu ,Taiwan-Liwu ,China,Asia,2460H005,,,March 2005 - September 2006,24.18,121.49,SS,Bulk,,,0.26,0.01,-22.8,0.1,-602.7,,7360.6,0.4,0.03,7.7,,Hilton et al. (2010)*
Liwu ,Taiwan-Liwu ,China,Asia,2460H005,,,March 2005 - September 2006,24.18,121.49,SS,Bulk,,,0.32,0.01,-22.7,0.1,-791.4,,12536.7,0.21,0.05,5.7,,Hilton et al. (2010)*
Liwu ,Taiwan-Liwu ,China,Asia,2460H005,,,March 2005 - September 2006,24.18,121.49,SS,Bulk,,,0.28,0.01,-23.1,0.1,-592.7,,7162.2,0.41,0.04,7.7,,Hilton et al. (2010)*
Liwu ,Taiwan-Liwu ,China,Asia,2460H005,,,March 2005 - September 2006,24.18,121.49,SS,Bulk,,,0.23,0.01,-22.3,0.1,-751.7,,11136.1,0.25,0.03,6.6,,Hilton et al. (2010)*
Liwu ,Taiwan-Liwu ,China,Asia,2460H005,,,March 2005 - September 2006,24.18,121.49,SS,Bulk,,,0.23,0.01,-22.6,0.1,-622.5,,7772.6,0.38,0.03,7.7,,Hilton et al. (2010)*
Liwu ,Taiwan-Liwu ,China,Asia,2460H005,,,March 2005 - September 2006,24.18,121.49,SS,Bulk,,,0.23,0.01,-21.8,0.1,-791.4,,12536.7,0.21,0.03,6.6,,Hilton et al. (2010)*
Liwu ,Taiwan-Liwu ,China,Asia,2460H005,,,March 2005 - September 2006,24.18,121.49,SS,Bulk,,,0.24,0.01,-21.9,0.1,-781.5,,12163,0.22,0.03,7.1,,Hilton et al. (2010)*
Liwu ,Taiwan-Liwu ,China,Asia,2460H005,,,March 2005 - September 2006,24.18,121.49,SS,Bulk,,,0.24,0.01,-21.9,0.1,-741.7,,10821,0.26,0.03,7.1,,Hilton et al. (2010)*
Liwu ,Taiwan-Liwu ,China,Asia,2460H005,,,March 2005 - September 2006,24.18,121.49,SS,Bulk,,,0.35,0.01,-22.4,0.1,-672.2,,8905.9,0.33,0.04,7.7,,Hilton et al. (2010)*
Liwu ,Taiwan-Liwu ,China,Asia,2460H005,,,March 2005 - September 2006,24.18,121.49,SS,Bulk,,,0.27,0.01,-21.8,0.1,-702,,9671.5,0.3,0.03,7.7,,Hilton et al. (2010)*
Liwu ,Taiwan-Liwu ,China,Asia,2460H005,,,March 2005 - September 2006,24.18,121.49,SS,Bulk,,,0.38,0.01,-23.2,0.1,-602.7,,7360.6,0.4,0.05,7.1,,Hilton et al. (2010)*
Liwu ,Taiwan-Liwu ,China,Asia,2460H005,,,March 2005 - September 2006,24.18,121.49,SS,Bulk,,,0.34,0.01,-23.7,0.1,-920.5,,20289.2,0.08,0.07,4.4,,Hilton et al. (2010)*
Liwu ,Taiwan-Liwu ,China,Asia,2460H005,,,March 2005 - September 2006,24.18,121.49,SS,Bulk,,,0.36,0.01,-23.7,0.1,-900.7,,18496.7,0.1,0.07,4.4,,Hilton et al. (2010)*
Liwu ,Taiwan-Liwu ,China,Asia,2460H005,,,March 2005 - September 2006,24.18,121.49,SS,Bulk,,,0.34,0.01,-23.9,0.1,-960.3,,25857.2,0.04,0.08,4.2,,Hilton et al. (2010)*
Liwu ,Taiwan-Liwu ,China,Asia,2460H005,,,March 2005 - September 2006,24.18,121.49,SS,Bulk,,,0.33,0.01,-24,0.1,-950.3,,24064.7,0.05,0.07,4.2,,Hilton et al. (2010)*
Liwu ,Taiwan-Liwu ,China,Asia,2460H005,,,March 2005 - September 2006,24.18,121.49,SS,Bulk,,,0.32,0.01,-24,0.1,-950.3,,24064.7,0.05,0.07,4.2,,Hilton et al. (2010)*
Liwu ,Taiwan-Liwu ,China,Asia,2460H005,,,March 2005 - September 2006,24.18,121.49,SS,Bulk,,,0.39,0.01,-24.1,0.1,-890.7,,17731,0.11,0.08,4.4,,Hilton et al. (2010)*
Liwu ,Taiwan-Liwu ,China,Asia,2460H005,,,March 2005 - September 2006,24.18,121.49,SS,Bulk,,,0.37,0.01,-24.2,0.1,-940.4,,22600.1,0.06,0.08,4,,Hilton et al. (2010)*
Liwu ,Taiwan-Liwu ,China,Asia,2460H005,,,March 2005 - September 2006,24.18,121.49,SS,Bulk,,,0.4,0.01,-24.3,0.1,-841.1,,14721.1,0.16,0.08,4.4,,Hilton et al. (2010)*
Liwu ,Taiwan-Liwu ,China,Asia,2460H005,,,March 2005 - September 2006,24.18,121.49,SS,Bulk,,,0.37,0.01,-24.1,0.1,-900.7,,18496.7,0.1,0.08,4.4,,Hilton et al. (2010)*
Liwu ,Taiwan-Liwu ,China,Asia,2460H005,,,March 2005 - September 2006,24.18,121.49,SS,Bulk,,,0.37,0.01,-24.2,0.1,-900.7,,18496.7,0.1,0.08,4.2,,Hilton et al. (2010)*
Liwu ,Taiwan-Liwu ,China,Asia,2460H005,,,March 2005 - September 2006,24.18,121.49,SS,Bulk,,,0.38,0.01,-24.3,0.1,-890.7,,17731,0.11,0.08,4.2,,Hilton et al. (2010)*
Liwu ,Taiwan-Liwu ,China,Asia,2460H005,,,March 2005 - September 2006,24.18,121.49,SS,Bulk,,,0.42,0.01,-24.4,0.1,-890.7,,17731,0.11,0.09,4.2,,Hilton et al. (2010)*
Liwu ,Taiwan-Liwu ,China,Asia,2460H005,,,March 2005 - September 2006,24.18,121.49,SS,Bulk,,,0.42,0.01,-23.7,0.1,-771.5,,11805.9,0.23,0.08,5.1,,Hilton et al. (2010)*
Liwu ,Taiwan-Liwu ,China,Asia,2460H005,,,March 2005 - September 2006,24.18,121.49,SS,Bulk,,,0.4,0.01,-24.2,0.1,-781.5,,12163,0.22,0.08,4.8,,Hilton et al. (2010)*
Liwu ,Taiwan-Liwu ,China,Asia,2460H005,,,March 2005 - September 2006,24.18,121.49,SS,Bulk,,,0.36,0.01,-24.3,0.1,-821.2,,13775,0.18,0.07,4.6,,Hilton et al. (2010)*
Liwu ,Taiwan-Liwu ,China,Asia,2460H005,,,March 2005 - September 2006,24.18,121.49,SS,Bulk,,,0.37,0.01,-24.3,0.1,-791.4,,12536.7,0.21,0.07,4.8,,Hilton et al. (2010)*
Liwu ,Taiwan-Liwu ,China,Asia,2460H005,,,March 2005 - September 2006,24.18,121.49,SS,Bulk,,,0.33,0.01,-24.3,0.1,-791.4,,12536.7,0.21,0.07,4.6,,Hilton et al. (2010)*
Liwu ,Taiwan-Liwu ,China,Asia,2460H005,,,March 2005 - September 2006,24.18,121.49,SS,Bulk,,,0.4,0.01,-24.1,0.1,-741.7,,10821,0.26,0.07,5.1,,Hilton et al. (2010)*
Liwu ,Taiwan-Liwu ,China,Asia,2460H005,,,March 2005 - September 2006,24.18,121.49,SS,Bulk,,,0.37,0.01,-23.9,0.1,-751.7,,11136.1,0.25,0.07,5.1,,Hilton et al. (2010)*
Liwu ,Taiwan-Liwu ,China,Asia,2460H005,,,March 2005 - September 2006,24.18,121.49,SS,Bulk,,,0.41,0.01,-24,0.1,-702,,9671.5,0.3,0.07,5.4,,Hilton et al. (2010)*
Liwu ,Taiwan-Liwu ,China,Asia,2460H005,,,March 2005 - September 2006,24.18,121.49,SS,Bulk,,,0.45,0.01,-24.1,0.1,-642.4,,8206.9,0.36,0.07,5.7,,Hilton et al. (2010)*
Liwu ,Taiwan-Liwu ,China,Asia,2460H005,,,March 2005 - September 2006,24.18,121.49,SS,Bulk,,,0.43,0.01,-24.3,0.1,-632.5,,7986.8,0.37,0.07,5.7,,Hilton et al. (2010)*
Liwu ,Taiwan-Liwu ,China,Asia,2460H005,,,March 2005 - September 2006,24.18,121.49,SS,Bulk,,,0.44,0.01,-24.2,0.1,-592.7,,7162.2,0.41,0.07,6.1,,Hilton et al. (2010)*
Liwu ,Taiwan-Liwu ,China,Asia,2460H005,,,March 2005 - September 2006,24.18,121.49,SS,Bulk,,,0.48,0.01,-24.4,0.1,-553,,6414.4,0.45,0.07,6.6,,Hilton et al. (2010)*
Liwu ,Taiwan-Liwu ,China,Asia,2460H005,,,March 2005 - September 2006,24.18,121.49,SS,Bulk,,,0.16,0.01,-22.5,0.1,-811.3,,13340.7,0.19,0.03,5.7,,Hilton et al. (2010)*
Liwu ,Taiwan-Liwu ,China,Asia,2460H005,,,March 2005 - September 2006,24.18,121.49,SS,Bulk,,,0.28,0.01,-23.2,0.1,-880.8,,17032.1,0.12,0.05,4.8,,Hilton et al. (2010)*
Liwu ,Taiwan-Liwu ,China,Asia,2460H005,,,March 2005 - September 2006,24.18,121.49,SS,Bulk,,,0.25,0.01,-22.7,0.1,-741.7,,10821,0.26,0.04,6.1,,Hilton et al. (2010)*
Liwu ,Taiwan-Liwu ,China,Asia,2460H005,,,March 2005 - September 2006,24.18,121.49,SS,Bulk,,,0.27,0.01,-22.8,0.1,-731.8,,10517.9,0.27,0.04,6.1,,Hilton et al. (2010)*
Liwu ,Taiwan-Liwu ,China,Asia,2460H005,,,March 2005 - September 2006,24.18,121.49,SS,Bulk,,,0.27,0.01,-22.9,0.1,-801.3,,12928.6,0.2,0.04,5.7,,Hilton et al. (2010)*
Liwu ,Taiwan-Liwu ,China,Asia,2460H005,,,March 2005 - September 2006,24.18,121.49,SS,Bulk,,,0.29,0.01,-23.2,0.1,-702,,9671.5,0.3,0.04,6.1,,Hilton et al. (2010)*
Liwu ,Taiwan-Liwu ,China,Asia,2460H005,,,March 2005 - September 2006,24.18,121.49,SS,Bulk,,,0.22,0.01,-21.8,0.1,-731.8,,10517.9,0.27,0.03,7.7,,Hilton et al. (2010)*
Liwu ,Taiwan-Liwu ,China,Asia,2460H005,,,March 2005 - September 2006,24.18,121.49,SS,Bulk,,,0.25,0.01,-21.8,0.1,-731.8,,10517.9,0.27,0.03,7.7,,Hilton et al. (2010)*
Liwu ,Taiwan-Liwu ,China,Asia,2460H005,,,March 2005 - September 2006,24.18,121.49,SS,Bulk,,,0.29,0.01,-22.3,0.1,-622.5,,7772.6,0.38,0.03,8.3,,Hilton et al. (2010)*
Liwu ,Taiwan-Liwu ,China,Asia,2460H005,,,March 2005 - September 2006,24.18,121.49,SS,Bulk,,,0.28,0.01,-22.3,0.1,-711.9,,9943.8,0.29,0.04,7.1,,Hilton et al. (2010)*
Liwu ,Taiwan-Liwu ,China,Asia,2460H005,,,March 2005 - September 2006,24.18,121.49,SS,Bulk,,,0.38,0.01,-22.3,0.1,-721.9,,10225.7,0.28,0.05,7.1,,Hilton et al. (2010)*
Liwu ,Taiwan-Liwu ,China,Asia,2460H005,,,March 2005 - September 2006,24.18,121.49,SS,Bulk,,,0.26,0.01,-22.1,0.1,-721.9,,10225.7,0.28,0.03,7.1,,Hilton et al. (2010)*
Liwu ,Taiwan-Liwu ,China,Asia,2460H005,,,March 2005 - September 2006,24.18,121.49,SS,Bulk,,,0.26,0.01,-22,0.1,-682.1,,9153.1,0.32,0.03,7.7,,Hilton et al. (2010)*
Liwu ,Taiwan-Liwu ,China,Asia,2460H005,,,March 2005 - September 2006,24.18,121.49,SS,Bulk,,,0.27,0.01,-21.9,0.1,-672.2,,8905.9,0.33,0.03,8.3,,Hilton et al. (2010)*
Liwu ,Taiwan-Liwu ,China,Asia,2460H005,,,March 2005 - September 2006,24.18,121.49,SS,Bulk,,,0.26,0.01,-22,0.1,-692.1,,9408.1,0.31,0.03,7.7,,Hilton et al. (2010)*
Liwu ,Taiwan-Liwu ,China,Asia,2460H005,,,March 2005 - September 2006,24.18,121.49,SS,Bulk,,,0.27,0.01,-22.5,0.1,-662.3,,8666.1,0.34,0.03,7.7,,Hilton et al. (2010)*
Liwu ,Taiwan-Liwu ,China,Asia,2460H005,,,March 2005 - September 2006,24.18,121.49,SS,Bulk,,,0.26,0.01,-22.9,0.1,-860.9,,15793.8,0.14,0.05,5.1,,Hilton et al. (2010)*
Liwu ,Taiwan-Liwu ,China,Asia,2460H005,,,March 2005 - September 2006,24.18,121.49,SS,Bulk,,,0.22,0.01,-22.8,0.1,-860.9,,15793.8,0.14,0.04,5.4,,Hilton et al. (2010)*
Liwu ,Taiwan-Liwu ,China,Asia,2460H005,,,March 2005 - September 2006,24.18,121.49,SS,Bulk,,,0.26,0.01,-22.8,0.1,-721.9,,10225.7,0.28,0.04,6.1,,Hilton et al. (2010)*
Liwu ,Taiwan-Liwu ,China,Asia,2460H005,,,March 2005 - September 2006,24.18,121.49,SS,Bulk,,,0.3,0.01,-23.4,0.1,-682.1,,9153.1,0.32,0.05,6.1,,Hilton et al. (2010)*
Liwu ,Taiwan-Liwu ,China,Asia,2460H005,,,March 2005 - September 2006,24.18,121.49,SS,Bulk,,,0.32,0.01,-24,0.1,-682.1,,9153.1,0.32,0.05,5.7,,Hilton et al. (2010)*
Liwu ,Taiwan-Liwu ,China,Asia,2460H005,,,March 2005 - September 2006,24.18,121.49,SS,Bulk,,,0.31,0.01,-23.4,0.1,-870.9,,16389.1,0.13,0.06,4.8,,Hilton et al. (2010)*
Liwu ,Taiwan-Liwu ,China,Asia,2460H005,,,March 2005 - September 2006,24.18,121.49,SS,Bulk,,,0.27,0.01,-21.9,0.1,-741.7,,10821,0.26,0.03,7.1,,Hilton et al. (2010)*
Liwu ,Taiwan-Liwu ,China,Asia,2460H005,,,March 2005 - September 2006,24.18,121.49,SS,Bulk,,,0.25,0.01,-22.1,0.1,-801.3,,12928.6,0.2,0.04,6.1,,Hilton et al. (2010)*
Liwu ,Taiwan-Liwu ,China,Asia,2460H005,,,March 2005 - September 2006,24.18,121.49,SS,Bulk,,,0.26,0.01,-22.4,0.1,-811.3,,13340.7,0.19,0.04,6.1,,Hilton et al. (2010)*
Liwu ,Taiwan-Liwu ,China,Asia,LW1,6,4,2008,24.18,121.49,SS,Bulk,5395.2,11.5,0.21,0,-23.1,0,-737.2,5.6,10677.1,0.265,,,,Hemingway et al. (2018)
Liwu ,Taiwan-Liwu ,China,Asia,LW2,7,28,2008,24.18,121.49,SS,Bulk,20262.3,53.1,0.26,0.02,-22.7,0.1,-868.9,13.2,16260.4,0.132,,,,Hemingway et al. (2018)
Liwu ,Taiwan-Liwu ,China,Asia,LW3,7,28,2008,24.18,121.49,SS,Bulk,75069.9,215.5,0.29,0,-22.6,0.1,-885.4,15.3,17346.1,0.115,,,,Hemingway et al. (2018)
Liwu ,Taiwan-Liwu ,China,Asia,LW4,7,28,2008,24.18,121.49,SS,Bulk,43777.8,126.1,0.29,0.02,-22.9,0.2,-826.7,9.5,14019.7,0.175,,,,Hemingway et al. (2018)
Liwu ,Taiwan-Liwu ,China,Asia,LW5,7,29,2008,24.18,121.49,SS,Bulk,18000,48.4,0.27,0.01,-22.7,0,-900.6,18,18488.6,0.1,,,,Hemingway et al. (2018)
Liwu ,Taiwan-Liwu ,China,Asia,LW6,8,1,2008,24.18,121.49,SS,Bulk,11593.2,29.3,0.25,0.01,-22.8,0,-928.2,25.7,21102.1,0.072,,,,Hemingway et al. (2018)
Liwu ,Taiwan-Liwu ,China,Asia,LW7,8,3,2008,24.18,121.49,SS,Bulk,7206.9,19,0.26,0,-22.3,0.2,-920.2,22.9,20249.1,0.08,,,,Hemingway et al. (2018)
Liwu ,Taiwan-Liwu ,China,Asia,LW8,8,4,2008,24.18,121.49,SS,Bulk,8338.5,21.4,0.26,0.01,-22.2,0,-907.4,19.5,19053.8,0.093,,,,Hemingway et al. (2018)
Liwu ,Taiwan-Liwu ,China,Asia,LW9,9,12,2008,24.18,121.49,SS,Bulk,6829.3,10.6,0.16,0,-22.1,0.1,-831.9,9.8,14267.3,0.169,,,,Hemingway et al. (2018)
Liwu ,Taiwan-Liwu ,China,Asia,LW10,9,14,2008,24.18,121.49,SS,Bulk,36000,79.2,0.22,0.01,-22.6,0.1,-851.3,11.4,15250.3,0.15,,,,Hemingway et al. (2018)
Liwu ,Taiwan-Liwu ,China,Asia,LW11,9,15,2008,24.18,121.49,SS,Bulk,23290.3,69.2,0.3,0.01,-23.2,0.1,-815.4,8.8,13511.6,0.186,,,,Hemingway et al. (2018)
Liwu ,Taiwan-Liwu ,China,Asia,LW12,9,18,2008,24.18,121.49,SS,Bulk,9539,23.6,0.25,0.01,-23.2,0.1,-871.5,13.5,16420,0.13,,,,Hemingway et al. (2018)
Liwu ,Taiwan-Liwu ,China,Asia,LW13,9,19,2008,24.18,121.49,SS,Bulk,7566.7,19.3,0.26,0,-23,0.1,,,,,,,,Hemingway et al. (2018)
Liwu ,Taiwan-Liwu ,China,Asia,LW14,9,21,2008,24.18,121.49,SS,Bulk,4393.4,11.1,0.25,0.01,-23.5,0,-838.8,10.3,14601.5,0.162,,,,Hemingway et al. (2018)
Liwu ,Taiwan-Liwu ,China,Asia,LW15,9,22,2008,24.18,121.49,SS,Bulk,3147.5,8.4,0.27,0.01,-23.8,0.1,-819.6,9,13699.5,0.182,,,,Hemingway et al. (2018)
Liwu ,Taiwan-Liwu ,China,Asia,LW16,9,24,2008,24.18,121.49,SS,Bulk,3924.9,9.4,0.24,0.01,-23.3,0,-805.3,8.2,13086.8,0.196,,,,Hemingway et al. (2018)
Liwu ,Taiwan-Liwu ,China,Asia,LW17,9,28,2008,24.18,121.49,SS,Bulk,60129.9,159.9,0.27,0,-22.7,0.1,-676,4.1,8994,0.326,,,,Hemingway et al. (2018)
Liwu ,Taiwan-Liwu ,China,Asia,LW18,9,28,2008,24.18,121.49,SS,Bulk,49841.3,106.7,0.21,0,-22.3,0.2,-789.9,7.5,12471.9,0.212,,,,Hemingway et al. (2018)
Liwu ,Taiwan-Liwu ,China,Asia,LW19,9,28,2008,24.18,121.49,SS,Bulk,49304.6,106.5,0.22,0.01,-22.2,0.1,-807.4,8.3,13173.3,0.194,,,,Hemingway et al. (2018)
Liwu ,Taiwan-Liwu ,China,Asia,LW20,9,29,2008,24.18,121.49,SS,Bulk,26690.1,69.7,0.26,0.01,-22.7,0,-879.5,14.5,16938.9,0.121,,,,Hemingway et al. (2018)
Liwu ,Taiwan-Liwu ,China,Asia,LW21,9,29,2008,24.18,121.49,SS,Bulk,24152.3,65.7,0.27,0,-22.8,0,-859.1,12.1,15685.5,0.142,,,,Hemingway et al. (2018)
Liwu ,Taiwan-Liwu ,China,Asia,LW22,9,29,2008,24.18,121.49,SS,Bulk,20639,54.1,0.26,0.02,-23,0.1,-869.4,13.2,16290.8,0.132,,,,Hemingway et al. (2018)
Liwu ,Taiwan-Liwu ,China,Asia,LW23,9,30,2008,24.18,121.49,SS,Bulk,14885.3,39.9,0.27,0.01,-23.1,0.4,-888.4,15.8,17557.7,0.112,,,,Hemingway et al. (2018)
Liwu ,Taiwan-Liwu ,China,Asia,LW24,9,30,2008,24.18,121.49,SS,Bulk,10343.8,33.7,0.33,0.01,-24.1,0.1,-833.8,10,14357.9,0.167,,,,Hemingway et al. (2018)
Liwu ,Taiwan-Liwu ,China,Asia,LW25,10,1,2008,24.18,121.49,SS,Bulk,11353.9,28.5,0.25,0.01,-22.9,0,-889.7,16,17651.1,0.111,,,,Hemingway et al. (2018)
Peinan ,Taiwan-Peinan ,China,Asia,2200H011,,,March 2005 - September 2006,22.79,121.13,SS,Bulk,,,0.37,0.01,-21.8,0.1,-751.7,,11136.1,0.25,0.06,5.7,,Hilton et al. (2010)*
Peinan ,Taiwan-Peinan ,China,Asia,2200H011,,,March 2005 - September 2006,22.79,121.13,SS,Bulk,,,0.42,0.01,-22,0.1,-920.5,,20289.2,0.08,0.09,4.4,,Hilton et al. (2010)*
Peinan ,Taiwan-Peinan ,China,Asia,2200H011,,,March 2005 - September 2006,22.79,121.13,SS,Bulk,,,0.49,0.01,-22.6,0.1,-612.6,,7563.9,0.39,0.07,6.6,,Hilton et al. (2010)*
Peinan ,Taiwan-Peinan ,China,Asia,2200H011,,,March 2005 - September 2006,22.79,121.13,SS,Bulk,,,0.55,0.01,-23.9,0.1,-612.6,,7563.9,0.39,0.09,5.4,,Hilton et al. (2010)*
Peinan ,Taiwan-Peinan ,China,Asia,2200H011,,,March 2005 - September 2006,22.79,121.13,SS,Bulk,,,0.38,0.01,-22.4,0.1,-761.6,,11464,0.24,0.07,5.1,,Hilton et al. (2010)*
Peinan ,Taiwan-Peinan ,China,Asia,2200H011,,,March 2005 - September 2006,22.79,121.13,SS,Bulk,,,0.4,0.01,-21.8,0.1,-811.3,,13340.7,0.19,0.07,5.4,,Hilton et al. (2010)*
Peinan ,Taiwan-Peinan ,China,Asia,2200H011,,,March 2005 - September 2006,22.79,121.13,SS,Bulk,,,0.43,0.01,-21.8,0.1,-970.2,,28168.2,0.03,0.09,4.2,,Hilton et al. (2010)*
Peinan ,Taiwan-Peinan ,China,Asia,2200H011,,,March 2005 - September 2006,22.79,121.13,SS,Bulk,,,0.41,0.01,-21.7,0.1,-990.1,,36993.3,0.01,0.09,4.2,,Hilton et al. (2010)*
Peinan ,Taiwan-Peinan ,China,Asia,2200H011,,,March 2005 - September 2006,22.79,121.13,SS,Bulk,,,0.36,0.01,-22,0.1,-721.9,,10225.7,0.28,0.06,5.7,,Hilton et al. (2010)*
Peinan ,Taiwan-Peinan ,China,Asia,2200H011,,,March 2005 - September 2006,22.79,121.13,SS,Bulk,,,0.48,0.01,-21.8,0.1,-950.3,,24064.7,0.05,0.1,4.4,,Hilton et al. (2010)*
Peinan ,Taiwan-Peinan ,China,Asia,2200H011,,,March 2005 - September 2006,22.79,121.13,SS,Bulk,,,0.43,0.01,-21.9,0.1,-702,,9671.5,0.3,0.06,6.1,,Hilton et al. (2010)*
Peinan ,Taiwan-Peinan ,China,Asia,2200H011,,,March 2005 - September 2006,22.79,121.13,SS,Bulk,,,0.44,0.01,-21.8,0.1,-702,,9671.5,0.3,0.06,6.6,,Hilton et al. (2010)*
Peinan ,Taiwan-Peinan ,China,Asia,2200H011,,,March 2005 - September 2006,22.79,121.13,SS,Bulk,,,0.47,0.01,-22.2,0.1,-721.9,,10225.7,0.28,0.08,5.7,,Hilton et al. (2010)*
Peinan ,Taiwan-Peinan ,China,Asia,2200H011,,,March 2005 - September 2006,22.79,121.13,SS,Bulk,,,0.49,0.01,-22.8,0.1,-711.9,,9943.8,0.29,0.08,5.4,,Hilton et al. (2010)*
Peinan ,Taiwan-Peinan ,China,Asia,2200H011,,,March 2005 - September 2006,22.79,121.13,SS,Bulk,,,0.53,0.01,-23.2,0.1,-642.4,,8206.9,0.36,0.09,5.7,,Hilton et al. (2010)*
Peinan ,Taiwan-Peinan ,China,Asia,2200H011,,,March 2005 - September 2006,22.79,121.13,SS,Bulk,,,0.68,0.01,-23.9,0.1,-463.6,,4949.8,0.54,0.09,7.1,,Hilton et al. (2010)*
Peinan ,Taiwan-Peinan ,China,Asia,2200H011,,,March 2005 - September 2006,22.79,121.13,SS,Bulk,,,1.17,0.01,-25.2,0.1,-235.1,,2099.5,0.77,0.12,8.3,,Hilton et al. (2010)*
Peinan ,Taiwan-Peinan ,China,Asia,2200H011,,,March 2005 - September 2006,22.79,121.13,SS,Bulk,,,1.24,0.01,-25,0.1,-185.4,,1594.2,0.82,0.11,10.2,,Hilton et al. (2010)*
Peinan ,Taiwan-Peinan ,China,Asia,2200H011,,,March 2005 - September 2006,22.79,121.13,SS,Bulk,,,0.82,0.01,-24.2,0.1,-533.1,,6065.1,0.47,0.13,5.7,,Hilton et al. (2010)*
Peinan ,Taiwan-Peinan ,China,Asia,2200H011,,,March 2005 - September 2006,22.79,121.13,SS,Bulk,,,1.66,0.01,-24.9,0.1,-493.4,,5409,0.51,0.27,5.4,,Hilton et al. (2010)*
Peinan ,Taiwan-Peinan ,China,Asia,2200H011,,,March 2005 - September 2006,22.79,121.13,SS,Bulk,,,0.77,0.01,-24.1,0.1,-612.6,,7563.9,0.39,0.14,5.1,,Hilton et al. (2010)*
Peinan ,Taiwan-Peinan ,China,Asia,2200H011,,,March 2005 - September 2006,22.79,121.13,SS,Bulk,,,0.52,0.01,-22,0.1,-900.7,,18496.7,0.1,0.1,4.6,,Hilton et al. (2010)*
Peinan ,Taiwan-Peinan ,China,Asia,2200H011,,,March 2005 - September 2006,22.79,121.13,SS,Bulk,,,0.6,0.01,-23.1,0.1,-702,,9671.5,0.3,0.11,5.1,,Hilton et al. (2010)*
Peinan ,Taiwan-Peinan ,China,Asia,2200H011,,,March 2005 - September 2006,22.79,121.13,SS,Bulk,,,0.42,0.01,-21.6,0.1,-890.7,,17731,0.11,0.08,4.8,,Hilton et al. (2010)*
Peinan ,Taiwan-Peinan ,China,Asia,2200H011,,,March 2005 - September 2006,22.79,121.13,SS,Bulk,,,0.45,0.01,-22,0.1,-880.8,,17032.1,0.12,0.09,4.6,,Hilton et al. (2010)*
Peinan ,Taiwan-Peinan ,China,Asia,2200H011,,,March 2005 - September 2006,22.79,121.13,SS,Bulk,,,0.46,0.01,-21.5,0.1,-900.7,,18496.7,0.1,0.09,4.8,,Hilton et al. (2010)*
Peinan ,Taiwan-Peinan ,China,Asia,2200H011,,,March 2005 - September 2006,22.79,121.13,SS,Bulk,,,1.46,0.01,-24.2,0.1,-334.4,,3217,0.67,0.16,8.3,,Hilton et al. (2010)*
Peinan ,Taiwan-Peinan ,China,Asia,2200H011,,,March 2005 - September 2006,22.79,121.13,SS,Bulk,,,0.52,0.01,-22.2,0.1,-880.8,,17032.1,0.12,0.1,4.6,,Hilton et al. (2010)*
Peinan ,Taiwan-Peinan ,China,Asia,2200H011,,,March 2005 - September 2006,22.79,121.13,SS,Bulk,,,0.47,0.01,-21.8,0.1,-910.6,,19343,0.09,0.09,4.6,,Hilton et al. (2010)*
Peinan ,Taiwan-Peinan ,China,Asia,2200H011,,,March 2005 - September 2006,22.79,121.13,SS,Bulk,,,0.4,0.01,-22.9,0.1,-781.5,,12163,0.22,0.08,4.8,,Hilton et al. (2010)*
Peinan ,Taiwan-Peinan ,China,Asia,2200H011,,,March 2005 - September 2006,22.79,121.13,SS,Bulk,,,0.47,0.01,-21.6,0.1,-841.1,,14721.1,0.16,0.08,5.1,,Hilton et al. (2010)*
Peinan ,Taiwan-Peinan ,China,Asia,2200H011,,,March 2005 - September 2006,22.79,121.13,SS,Bulk,,,0.41,0.01,-21.3,0.1,-890.7,,17731,0.11,0.07,5.1,,Hilton et al. (2010)*
Peinan ,Taiwan-Peinan ,China,Asia,2200H011,,,March 2005 - September 2006,22.79,121.13,SS,Bulk,,,0.45,0.01,-22.3,0.1,-801.3,,12928.6,0.2,0.08,5.1,,Hilton et al. (2010)*
Peinan ,Taiwan-Peinan ,China,Asia,2200H011,,,March 2005 - September 2006,22.79,121.13,SS,Bulk,,,0.44,0.01,-22.4,0.1,-761.6,,11464,0.24,0.08,5.4,,Hilton et al. (2010)*
Peinan ,Taiwan-Peinan ,China,Asia,2200H011,,,March 2005 - September 2006,22.79,121.13,SS,Bulk,,,0.55,0.01,-22.9,0.1,-702,,9671.5,0.3,0.1,5.4,,Hilton et al. (2010)*
Taan ,Taiwan-Taan ,China,Asia,1400H011,,,March 2005 - September 2006,24.31,120.81,SS,Bulk,,,0.69,0.01,-25.9,0.1,-294.7,,2751.2,0.71,0.09,7.1,,Hilton et al. (2010)*
Taan ,Taiwan-Taan ,China,Asia,1400H011,,,March 2005 - September 2006,24.31,120.81,SS,Bulk,,,0.43,0.01,-25.7,0.1,-394,,3970.7,0.61,0.06,6.6,,Hilton et al. (2010)*
Taan ,Taiwan-Taan ,China,Asia,1400H011,,,March 2005 - September 2006,24.31,120.81,SS,Bulk,,,0.71,0.01,-26.2,0.1,-145.7,,1211.6,0.86,0.07,9.2,,Hilton et al. (2010)*
Taan ,Taiwan-Taan ,China,Asia,1400H011,,,March 2005 - September 2006,24.31,120.81,SS,Bulk,,,0.84,0.01,-26.3,0.1,-175.5,,1496.8,0.83,0.09,8.3,,Hilton et al. (2010)*
Taan ,Taiwan-Taan ,China,Asia,1400H011,,,March 2005 - September 2006,24.31,120.81,SS,Bulk,,,0.48,0.01,-25.5,0.1,-473.5,,5100,0.53,0.08,6.1,,Hilton et al. (2010)*
Taan ,Taiwan-Taan ,China,Asia,1400H011,,,March 2005 - September 2006,24.31,120.81,SS,Bulk,,,0.51,0.01,-25.6,0.1,-394,,3970.7,0.61,0.07,6.6,,Hilton et al. (2010)*
Taan ,Taiwan-Taan ,China,Asia,1400H011,,,March 2005 - September 2006,24.31,120.81,SS,Bulk,,,0.61,0.01,-25.4,0.1,-652.3,,8433.2,0.35,0.12,4.8,,Hilton et al. (2010)*
Taan ,Taiwan-Taan ,China,Asia,1400H011,,,March 2005 - September 2006,24.31,120.81,SS,Bulk,,,0.54,0.01,-25.5,0.1,-453.6,,4802.4,0.55,0.08,6.1,,Hilton et al. (2010)*
Taan ,Taiwan-Taan ,China,Asia,1400H011,,,March 2005 - September 2006,24.31,120.81,SS,Bulk,,,0.49,0.01,-25.1,0.1,-543.1,,6237.9,0.46,0.08,5.7,,Hilton et al. (2010)*
Taan ,Taiwan-Taan ,China,Asia,1400H011,,,March 2005 - September 2006,24.31,120.81,SS,Bulk,,,0.7,0.01,-25.3,0.1,-334.4,,3217,0.67,0.08,7.7,,Hilton et al. (2010)*
Taan ,Taiwan-Taan ,China,Asia,1400H011,,,March 2005 - September 2006,24.31,120.81,SS,Bulk,,,0.99,0.01,-26.1,0.1,-255,,2311,0.75,0.12,7.7,,Hilton et al. (2010)*
Taan ,Taiwan-Taan ,China,Asia,1400H011,,,March 2005 - September 2006,24.31,120.81,SS,Bulk,,,0.93,0.01,-25,0.1,-394,,3970.7,0.61,0.12,7.1,,Hilton et al. (2010)*
Taan ,Taiwan-Taan ,China,Asia,1400H011,,,March 2005 - September 2006,24.31,120.81,SS,Bulk,,,0.67,0.01,-25.5,0.1,-374.2,,3711.5,0.63,0.09,7.1,,Hilton et al. (2010)*
Taan ,Taiwan-Taan ,China,Asia,1400H011,,,March 2005 - September 2006,24.31,120.81,SS,Bulk,,,0.93,0.01,-25.3,0.1,-394,,3970.7,0.61,0.12,7.1,,Hilton et al. (2010)*
Taan ,Taiwan-Taan ,China,Asia,1400H011,,,March 2005 - September 2006,24.31,120.81,SS,Bulk,,,1.25,0.01,-25.7,0.1,-115.9,,936.1,0.89,0.1,11.5,,Hilton et al. (2010)*
Taan ,Taiwan-Taan ,China,Asia,1400H011,,,March 2005 - September 2006,24.31,120.81,SS,Bulk,,,0.77,0.01,-25.5,0.1,-314.6,,2980.8,0.69,0.09,7.7,,Hilton et al. (2010)*
Taan ,Taiwan-Taan ,China,Asia,1400H011,,,March 2005 - September 2006,24.31,120.81,SS,Bulk,,,0.68,0.01,-25.6,0.1,-423.8,,4375.8,0.58,0.1,6.1,,Hilton et al. (2010)*
Taan ,Taiwan-Taan ,China,Asia,1400H011,,,March 2005 - September 2006,24.31,120.81,SS,Bulk,,,5.62,0.01,-25.8,0.1,102.6,,moderm,1.11,0.2,23,,Hilton et al. (2010)*
Taan ,Taiwan-Taan ,China,Asia,1400H011,,,March 2005 - September 2006,24.31,120.81,SS,Bulk,,,0.96,0.01,-25.6,0.1,-235.1,,2099.5,0.77,0.1,8.3,,Hilton et al. (2010)*
Taan ,Taiwan-Taan ,China,Asia,1400H011,,,March 2005 - September 2006,24.31,120.81,SS,Bulk,,,0.26,0.01,-25.6,0.1,-404,,4103.5,0.6,0.04,6.6,,Hilton et al. (2010)*
Taan ,Taiwan-Taan ,China,Asia,1400H011,,,March 2005 - September 2006,24.31,120.81,SS,Bulk,,,0.31,0.01,-25.7,0.1,-245,,2204.6,0.76,0.04,8.3,,Hilton et al. (2010)*
Tsengwen ,Taiwan-Tsengwen ,China,Asia,1630H019,,,March 2005 - September 2006,23.08,120.1,SS,Bulk,,,0.78,0.01,-24.1,0.1,,,,,0.15,4.8,,Hilton et al. (2010)
Tsengwen ,Taiwan-Tsengwen ,China,Asia,1630H019,,,March 2005 - September 2006,23.08,120.1,SS,Bulk,,,1.44,0.01,-28.6,0.1,,,,,0.25,5.4,,Hilton et al. (2010)
Tsengwen ,Taiwan-Tsengwen ,China,Asia,1630H019,,,March 2005 - September 2006,23.08,120.1,SS,Bulk,,,2.07,0.01,-30.3,0.1,,,,,0.34,5.7,,Hilton et al. (2010)
Tsengwen ,Taiwan-Tsengwen ,China,Asia,1630H019,,,March 2005 - September 2006,23.08,120.1,SS,Bulk,,,1.66,0.01,-29.8,0.1,,,,,0.29,5.4,,Hilton et al. (2010)
Tsengwen ,Taiwan-Tsengwen ,China,Asia,1630H019,,,March 2005 - September 2006,23.08,120.1,SS,Bulk,,,0.6,0.01,-24.7,0.1,,,,,0.13,4.2,,Hilton et al. (2010)
Tsengwen ,Taiwan-Tsengwen ,China,Asia,1630H019,,,March 2005 - September 2006,23.08,120.1,SS,Bulk,,,0.59,0.01,-24.5,0.1,,,,,0.12,4.6,,Hilton et al. (2010)
Tsengwen ,Taiwan-Tsengwen ,China,Asia,1630H019,,,March 2005 - September 2006,23.08,120.1,SS,Bulk,,,0.77,0.01,-25.6,0.1,,,,,0.14,5.1,,Hilton et al. (2010)
Tsengwen ,Taiwan-Tsengwen ,China,Asia,1630H019,,,March 2005 - September 2006,23.08,120.1,SS,Bulk,,,2.09,0.01,-28.6,0.1,,,,,0.3,6.6,,Hilton et al. (2010)
Tsengwen ,Taiwan-Tsengwen ,China,Asia,1630H019,,,March 2005 - September 2006,23.08,120.1,SS,Bulk,,,0.49,0.01,-24.4,0.1,,,,,0.1,4.6,,Hilton et al. (2010)
Tsengwen ,Taiwan-Tsengwen ,China,Asia,1630H019,,,March 2005 - September 2006,23.08,120.1,SS,Bulk,,,0.62,0.01,-24.7,0.1,,,,,0.13,4.4,,Hilton et al. (2010)
Tsengwen ,Taiwan-Tsengwen ,China,Asia,1630H019,,,March 2005 - September 2006,23.08,120.1,SS,Bulk,,,0.49,0.01,-24.8,0.1,,,,,0.1,4.4,,Hilton et al. (2010)
Tsengwen ,Taiwan-Tsengwen ,China,Asia,1630H019,,,March 2005 - September 2006,23.08,120.1,SS,Bulk,,,0.78,0.01,-24.8,0.1,,,,,0.16,4.6,,Hilton et al. (2010)
Tsengwen ,Taiwan-Tsengwen ,China,Asia,1630H019,,,March 2005 - September 2006,23.08,120.1,SS,Bulk,,,0.6,0.01,-24.8,0.1,,,,,0.1,5.4,,Hilton et al. (2010)
Tsengwen ,Taiwan-Tsengwen ,China,Asia,1630H019,,,March 2005 - September 2006,23.08,120.1,SS,Bulk,,,0.64,0.01,-24.3,0.1,,,,,0.13,4.4,,Hilton et al. (2010)
Tsengwen ,Taiwan-Tsengwen ,China,Asia,1630H019,,,March 2005 - September 2006,23.08,120.1,SS,Bulk,,,0.97,0.01,-25.8,0.1,,,,,0.18,4.8,,Hilton et al. (2010)
Tsengwen ,Taiwan-Tsengwen ,China,Asia,1630H019,,,March 2005 - September 2006,23.08,120.1,SS,Bulk,,,1.34,0.01,-28,0.1,,,,,0.2,6.1,,Hilton et al. (2010)
Tsengwen ,Taiwan-Tsengwen ,China,Asia,1630H019,,,March 2005 - September 2006,23.08,120.1,SS,Bulk,,,0.94,0.01,-25.5,0.1,,,,,0.2,4.2,,Hilton et al. (2010)
Tsengwen ,Taiwan-Tsengwen ,China,Asia,1630H019,,,March 2005 - September 2006,23.08,120.1,SS,Bulk,,,1.13,0.01,-25.7,0.1,,,,,0.23,4.6,,Hilton et al. (2010)
Tsengwen ,Taiwan-Tsengwen ,China,Asia,1630H019,,,March 2005 - September 2006,23.08,120.1,SS,Bulk,,,2.04,0.01,-30.8,0.1,,,,,0.32,5.7,,Hilton et al. (2010)
Tsengwen ,Taiwan-Tsengwen ,China,Asia,1630H019,,,March 2005 - September 2006,23.08,120.1,SS,Bulk,,,2.19,0.01,-31.3,0.1,,,,,0.34,5.7,,Hilton et al. (2010)
Tsengwen ,Taiwan-Tsengwen ,China,Asia,1630H019,,,March 2005 - September 2006,23.08,120.1,SS,Bulk,,,2.07,0.01,-30.1,0.1,,,,,0.29,6.6,,Hilton et al. (2010)
Tsengwen ,Taiwan-Tsengwen ,China,Asia,1630H019,,,March 2005 - September 2006,23.08,120.1,SS,Bulk,,,2.29,0.01,-30,0.1,,,,,0.37,5.7,,Hilton et al. (2010)
Tsengwen ,Taiwan-Tsengwen ,China,Asia,1630H019,,,March 2005 - September 2006,23.08,120.1,SS,Bulk,,,2.02,0.01,-29.5,0.1,,,,,0.27,7.1,,Hilton et al. (2010)
Tsengwen ,Taiwan-Tsengwen ,China,Asia,1630H019,,,March 2005 - September 2006,23.08,120.1,SS,Bulk,,,3.53,0.01,-31.6,0.1,,,,,0.6,5.4,,Hilton et al. (2010)
Tsengwen ,Taiwan-Tsengwen ,China,Asia,1630H019,,,March 2005 - September 2006,23.08,120.1,SS,Bulk,,,0.74,0.01,-25.3,0.1,,,,,0.19,3.5,,Hilton et al. (2010)
Tsengwen ,Taiwan-Tsengwen ,China,Asia,1630H019,,,March 2005 - September 2006,23.08,120.1,SS,Bulk,,,2.04,0.01,-29.6,0.1,,,,,0.39,4.8,,Hilton et al. (2010)
Tsengwen ,Taiwan-Tsengwen ,China,Asia,1630H019,,,March 2005 - September 2006,23.08,120.1,SS,Bulk,,,0.9,0.01,-26.4,0.1,,,,,0.22,3.8,,Hilton et al. (2010)
Tsengwen ,Taiwan-Tsengwen ,China,Asia,1630H019,,,March 2005 - September 2006,23.08,120.1,SS,Bulk,,,0.86,0.01,-26.2,0.1,,,,,0.19,4.2,,Hilton et al. (2010)
Tsengwen ,Taiwan-Tsengwen ,China,Asia,1630H019,,,March 2005 - September 2006,23.08,120.1,SS,Bulk,,,0.51,0.01,-24.9,0.1,,,,,0.11,4.4,,Hilton et al. (2010)
Tsengwen ,Taiwan-Tsengwen ,China,Asia,1630H019,,,March 2005 - September 2006,23.08,120.1,SS,Bulk,,,1.76,0.01,-27.7,0.1,,,,,0.34,4.8,,Hilton et al. (2010)
Tsengwen ,Taiwan-Tsengwen ,China,Asia,1630H019,,,March 2005 - September 2006,23.08,120.1,SS,Bulk,,,0.57,0.01,-25,0.1,,,,,0.12,4.4,,Hilton et al. (2010)
Tsengwen ,Taiwan-Tsengwen ,China,Asia,1630H019,,,March 2005 - September 2006,23.08,120.1,SS,Bulk,,,0.44,0.01,-24.6,0.1,,,,,0.09,4.4,,Hilton et al. (2010)
Tsengwen ,Taiwan-Tsengwen ,China,Asia,1630H019,,,March 2005 - September 2006,23.08,120.1,SS,Bulk,,,0.63,0.01,-25.2,0.1,,,,,0.12,4.8,,Hilton et al. (2010)
Tsengwen ,Taiwan-Tsengwen ,China,Asia,1630H019,,,March 2005 - September 2006,23.08,120.1,SS,Bulk,,,0.64,0.01,-25.2,0.1,,,,,0.14,4.4,,Hilton et al. (2010)
Tsengwen ,Taiwan-Tsengwen ,China,Asia,1630H019,,,March 2005 - September 2006,23.08,120.1,SS,Bulk,,,0.98,0.01,-28.6,0.1,,,,,0.17,5.4,,Hilton et al. (2010)
Tsengwen ,Taiwan-Tsengwen ,China,Asia,1630H019,,,March 2005 - September 2006,23.08,120.1,SS,Bulk,,,0.66,0.01,-25.1,0.1,,,,,0.2,3.1,,Hilton et al. (2010)
Tsengwen ,Taiwan-Tsengwen ,China,Asia,1630H019,,,March 2005 - September 2006,23.08,120.1,SS,Bulk,,,0.69,0.01,-25,0.1,,,,,0.18,3.7,,Hilton et al. (2010)
Tsengwen ,Taiwan-Tsengwen ,China,Asia,1630H019,,,March 2005 - September 2006,23.08,120.1,SS,Bulk,,,0.68,0.01,-25.2,0.1,,,,,0.16,4,,Hilton et al. (2010)
Tsengwen ,Taiwan-Tsengwen ,China,Asia,NZA-10302,,,1994,23.11,120.21,SS,Bulk,12900,63.2,0.49,,-24.9,< 0.2,-622,< 10,7772.2,0.38,,,,Kao et al. (2014)
Wu ,Taiwan-Wu ,China,Asia,NZA-10317,,,1994,24.15,120.52,SS,Bulk,3900,26.5,0.68,,-24.7,< 0.2,-441,< 10,4629.3,0.562,,,,Kao et al. (2014)
Wulu ,Taiwan-Wulu ,China,Asia,2200H020,,,March 2005 - September 2006,23.12,121.16,SS,Bulk,,,0.59,0.01,-23.4,0.1,-473.5,,5100,0.53,0.07,7.1,,Hilton et al. (2010)*
Wulu ,Taiwan-Wulu ,China,Asia,2200H020,,,March 2005 - September 2006,23.12,121.16,SS,Bulk,,,0.42,0.01,-22.5,0.1,-632.5,,7986.8,0.37,0.06,6.6,,Hilton et al. (2010)*
Wulu ,Taiwan-Wulu ,China,Asia,2200H020,,,March 2005 - September 2006,23.12,121.16,SS,Bulk,,,0.69,0.01,-25.6,0.1,-264.9,,2418.8,0.74,0.08,7.7,,Hilton et al. (2010)*
Wulu ,Taiwan-Wulu ,China,Asia,2200H020,,,March 2005 - September 2006,23.12,121.16,SS,Bulk,,,0.29,0.01,-23,0.1,-741.7,,10821,0.26,0.05,5.1,,Hilton et al. (2010)*
Wulu ,Taiwan-Wulu ,China,Asia,2200H020,,,March 2005 - September 2006,23.12,121.16,SS,Bulk,,,0.36,0.01,-22.8,0.1,-602.7,,7360.6,0.4,0.05,6.6,,Hilton et al. (2010)*
Wulu ,Taiwan-Wulu ,China,Asia,2200H020,,,March 2005 - September 2006,23.12,121.16,SS,Bulk,,,0.42,0.01,-22.9,0.1,-642.4,,8206.9,0.36,0.07,6.1,,Hilton et al. (2010)*
Wulu ,Taiwan-Wulu ,China,Asia,2200H020,,,March 2005 - September 2006,23.12,121.16,SS,Bulk,,,0.43,0.01,-22.4,0.1,-791.4,,12536.7,0.21,0.08,5.1,,Hilton et al. (2010)*
Wulu ,Taiwan-Wulu ,China,Asia,2200H020,,,March 2005 - September 2006,23.12,121.16,SS,Bulk,,,0.28,0.01,-22.3,0.1,-682.1,,9153.1,0.32,0.04,6.1,,Hilton et al. (2010)*
Wulu ,Taiwan-Wulu ,China,Asia,2200H020,,,March 2005 - September 2006,23.12,121.16,SS,Bulk,,,0.31,0.01,-22.5,0.1,-682.1,,9153.1,0.32,0.05,5.7,,Hilton et al. (2010)*
Wulu ,Taiwan-Wulu ,China,Asia,2200H020,,,March 2005 - September 2006,23.12,121.16,SS,Bulk,,,0.28,0.01,-22.8,0.1,-582.8,,6968.6,0.42,0.04,6.6,,Hilton et al. (2010)*
Wulu ,Taiwan-Wulu ,China,Asia,2200H020,,,March 2005 - September 2006,23.12,121.16,SS,Bulk,,,0.38,0.01,-23.1,0.1,-662.3,,8666.1,0.34,0.06,5.4,,Hilton et al. (2010)*
Wulu ,Taiwan-Wulu ,China,Asia,2200H020,,,March 2005 - September 2006,23.12,121.16,SS,Bulk,,,0.35,0.01,-23.5,0.1,-473.5,,5100,0.53,0.05,7.1,,Hilton et al. (2010)*
Wulu ,Taiwan-Wulu ,China,Asia,2200H020,,,March 2005 - September 2006,23.12,121.16,SS,Bulk,,,0.34,0.01,-23.3,0.1,-473.5,,5100,0.53,0.04,7.7,,Hilton et al. (2010)*
Wulu ,Taiwan-Wulu ,China,Asia,2200H020,,,March 2005 - September 2006,23.12,121.16,SS,Bulk,,,0.31,0.01,-23.3,0.1,-463.6,,4949.8,0.54,0.04,7.7,,Hilton et al. (2010)*
Wulu ,Taiwan-Wulu ,China,Asia,2200H020,,,March 2005 - September 2006,23.12,121.16,SS,Bulk,,,0.59,0.01,-23.4,0.1,-622.5,,7772.6,0.38,0.1,5.7,,Hilton et al. (2010)*
Wulu ,Taiwan-Wulu ,China,Asia,2200H020,,,March 2005 - September 2006,23.12,121.16,SS,Bulk,,,2.06,0.01,-25.2,0.1,-175.5,,1496.8,0.83,0.19,10.2,,Hilton et al. (2010)*
Wulu ,Taiwan-Wulu ,China,Asia,2200H020,,,March 2005 - September 2006,23.12,121.16,SS,Bulk,,,0.42,0.01,-23.3,0.1,-741.7,,10821,0.26,0.08,4.8,,Hilton et al. (2010)*
Wulu ,Taiwan-Wulu ,China,Asia,2200H020,,,March 2005 - September 2006,23.12,121.16,SS,Bulk,,,1.25,0.01,-25,0.1,-255,,2311,0.75,0.13,8.3,,Hilton et al. (2010)*
Wulu ,Taiwan-Wulu ,China,Asia,2200H020,,,March 2005 - September 2006,23.12,121.16,SS,Bulk,,,0.58,0.01,-23,0.1,-622.5,,7772.6,0.38,0.09,6.1,,Hilton et al. (2010)*
Wulu ,Taiwan-Wulu ,China,Asia,2200H020,,,March 2005 - September 2006,23.12,121.16,SS,Bulk,,,0.7,0.01,-23.6,0.1,-533.1,,6065.1,0.47,0.1,6.6,,Hilton et al. (2010)*
Wulu ,Taiwan-Wulu ,China,Asia,2200H020,,,March 2005 - September 2006,23.12,121.16,SS,Bulk,,,0.49,0.01,-22.7,0.1,-682.1,,9153.1,0.32,0.08,5.7,,Hilton et al. (2010)*
Wulu ,Taiwan-Wulu ,China,Asia,2200H020,,,March 2005 - September 2006,23.12,121.16,SS,Bulk,,,0.46,0.01,-22,0.1,-930.5,,21361.8,0.07,0.1,4.4,,Hilton et al. (2010)*
Wulu ,Taiwan-Wulu ,China,Asia,2200H020,,,March 2005 - September 2006,23.12,121.16,SS,Bulk,,,0.9,0.01,-23.5,0.1,-562.9,,6594.9,0.44,0.13,6.1,,Hilton et al. (2010)*
Wulu ,Taiwan-Wulu ,China,Asia,2200H020,,,March 2005 - September 2006,23.12,121.16,SS,Bulk,,,0.38,0.01,-22.8,0.1,-731.8,,10517.9,0.27,0.07,5.1,,Hilton et al. (2010)*
Wulu ,Taiwan-Wulu ,China,Asia,2200H020,,,March 2005 - September 2006,23.12,121.16,SS,Bulk,,,0.32,0.01,-22.4,0.1,-791.4,,12536.7,0.21,0.06,5.1,,Hilton et al. (2010)*
Wulu ,Taiwan-Wulu ,China,Asia,2200H020,,,March 2005 - September 2006,23.12,121.16,SS,Bulk,,,0.36,0.01,-22.7,0.1,-692.1,,9408.1,0.31,0.06,5.7,,Hilton et al. (2010)*
Wulu ,Taiwan-Wulu ,China,Asia,2200H020,,,March 2005 - September 2006,23.12,121.16,SS,Bulk,,,0.38,0.01,-23,0.1,-652.3,,8433.2,0.35,0.06,5.7,,Hilton et al. (2010)*
Wulu ,Taiwan-Wulu ,China,Asia,2200H020,,,March 2005 - September 2006,23.12,121.16,SS,Bulk,,,0.48,0.01,-23.1,0.1,-612.6,,7563.9,0.39,0.07,6.1,,Hilton et al. (2010)*
Wulu ,Taiwan-Wulu ,China,Asia,2200H020,,,March 2005 - September 2006,23.12,121.16,SS,Bulk,,,0.58,0.01,-23.4,0.1,-533.1,,6065.1,0.47,0.08,6.6,,Hilton et al. (2010)*
Wulu ,Taiwan-Wulu ,China,Asia,2200H020,,,March 2005 - September 2006,23.12,121.16,SS,Bulk,,,0.42,0.01,-21.5,0.1,-870.9,,16389.1,0.13,0.08,5.1,,Hilton et al. (2010)*
Yenping ,Taiwan-Yenping ,China,Asia,2200H007,,,March 2005 - September 2006,22.9,121.08,SS,Bulk,,,0.38,0.01,-21.4,0.1,-860.9,,15793.8,0.14,0.07,5.1,,Hilton et al. (2010)*
Yenping ,Taiwan-Yenping ,China,Asia,2200H007,,,March 2005 - September 2006,22.9,121.08,SS,Bulk,,,0.4,0.01,-21.4,0.1,-990.1,,36993.3,0.01,0.08,4.4,,Hilton et al. (2010)*
Yenping ,Taiwan-Yenping ,China,Asia,2200H007,,,March 2005 - September 2006,22.9,121.08,SS,Bulk,,,0.44,0.01,-22,0.1,-821.2,,13775,0.18,0.08,5.1,,Hilton et al. (2010)*
Yenping ,Taiwan-Yenping ,China,Asia,2200H007,,,March 2005 - September 2006,22.9,121.08,SS,Bulk,,,0.45,0.01,-21.8,0.1,-781.5,,12163,0.22,0.08,5.4,,Hilton et al. (2010)*
Yenping ,Taiwan-Yenping ,China,Asia,2200H007,,,March 2005 - September 2006,22.9,121.08,SS,Bulk,,,0.4,0.01,-21.7,0.1,-821.2,,13775,0.18,0.07,5.4,,Hilton et al. (2010)*
Yenping ,Taiwan-Yenping ,China,Asia,2200H007,,,March 2005 - September 2006,22.9,121.08,SS,Bulk,,,0.4,0.01,-21.7,0.1,-831.1,,14234.1,0.17,0.07,5.1,,Hilton et al. (2010)*
Yenping ,Taiwan-Yenping ,China,Asia,2200H007,,,March 2005 - September 2006,22.9,121.08,SS,Bulk,,,0.38,0.01,-21.6,0.1,-781.5,,12163,0.22,0.06,5.7,,Hilton et al. (2010)*
Yenping ,Taiwan-Yenping ,China,Asia,2200H007,,,March 2005 - September 2006,22.9,121.08,SS,Bulk,,,0.41,0.01,-21.5,0.1,-801.3,,12928.6,0.2,0.07,5.7,,Hilton et al. (2010)*
Yenping ,Taiwan-Yenping ,China,Asia,2200H007,,,March 2005 - September 2006,22.9,121.08,SS,Bulk,,,0.5,0.01,-21.7,0.1,-980.1,,31425.3,0.02,0.11,4.4,,Hilton et al. (2010)*
Yenping ,Taiwan-Yenping ,China,Asia,2200H007,,,March 2005 - September 2006,22.9,121.08,SS,Bulk,,,0.45,0.01,-21.6,0.1,-980.1,,31425.3,0.02,0.1,4.4,,Hilton et al. (2010)*
Yenping ,Taiwan-Yenping ,China,Asia,2200H007,,,March 2005 - September 2006,22.9,121.08,SS,Bulk,,,0.5,0.01,-22.1,0.1,-920.5,,20289.2,0.08,0.1,4.4,,Hilton et al. (2010)*
Yenping ,Taiwan-Yenping ,China,Asia,2200H007,,,March 2005 - September 2006,22.9,121.08,SS,Bulk,,,0.45,0.01,-22.1,0.1,-870.9,,16389.1,0.13,0.09,4.6,,Hilton et al. (2010)*
Yenping ,Taiwan-Yenping ,China,Asia,2200H007,,,March 2005 - September 2006,22.9,121.08,SS,Bulk,,,0.33,0.01,-22,0.1,-702,,9671.5,0.3,0.05,6.1,,Hilton et al. (2010)*
Yenping ,Taiwan-Yenping ,China,Asia,2200H007,,,March 2005 - September 2006,22.9,121.08,SS,Bulk,,,0.55,0.01,-23.2,0.1,-602.7,,7360.6,0.4,0.08,6.1,,Hilton et al. (2010)*
Yenping ,Taiwan-Yenping ,China,Asia,2200H007,,,March 2005 - September 2006,22.9,121.08,SS,Bulk,,,0.45,0.01,-22.6,0.1,-741.7,,10821,0.26,0.08,5.4,,Hilton et al. (2010)*
Yenping ,Taiwan-Yenping ,China,Asia,2200H007,,,March 2005 - September 2006,22.9,121.08,SS,Bulk,,,0.42,0.01,-22.9,0.1,-612.6,,7563.9,0.39,0.06,6.1,,Hilton et al. (2010)*
Yenping ,Taiwan-Yenping ,China,Asia,2200H007,,,March 2005 - September 2006,22.9,121.08,SS,Bulk,,,0.51,0.01,-23,0.1,-781.5,,12163,0.22,0.1,4.8,,Hilton et al. (2010)*
Yenping ,Taiwan-Yenping ,China,Asia,2200H007,,,March 2005 - September 2006,22.9,121.08,SS,Bulk,,,0.56,0.01,-24.1,0.1,-503.3,,5568.1,0.5,0.08,6.1,,Hilton et al. (2010)*
Yenping ,Taiwan-Yenping ,China,Asia,2200H007,,,March 2005 - September 2006,22.9,121.08,SS,Bulk,,,0.52,0.01,-23.1,0.1,-751.7,,11136.1,0.25,0.1,4.8,,Hilton et al. (2010)*
Yenping ,Taiwan-Yenping ,China,Asia,2200H007,,,March 2005 - September 2006,22.9,121.08,SS,Bulk,,,0.46,0.01,-21.7,0.1,-950.3,,24064.7,0.05,0.1,4.4,,Hilton et al. (2010)*
Yenping ,Taiwan-Yenping ,China,Asia,2200H007,,,March 2005 - September 2006,22.9,121.08,SS,Bulk,,,0.51,0.01,-22.2,0.1,-870.9,,16389.1,0.13,0.1,4.6,,Hilton et al. (2010)*
Yenping ,Taiwan-Yenping ,China,Asia,2200H007,,,March 2005 - September 2006,22.9,121.08,SS,Bulk,,,0.48,0.01,-21.6,0.1,-811.3,,13340.7,0.19,0.08,5.4,,Hilton et al. (2010)*
Yenping ,Taiwan-Yenping ,China,Asia,2200H007,,,March 2005 - September 2006,22.9,121.08,SS,Bulk,,,0.49,0.01,-21.5,0.1,-851,,15239.6,0.15,0.09,5.4,,Hilton et al. (2010)*
Yenping ,Taiwan-Yenping ,China,Asia,2200H007,,,March 2005 - September 2006,22.9,121.08,SS,Bulk,,,0.51,0.01,-21.7,0.1,-940.4,,22600.1,0.06,0.1,4.6,,Hilton et al. (2010)*
Yenping ,Taiwan-Yenping ,China,Asia,2200H007,,,March 2005 - September 2006,22.9,121.08,SS,Bulk,,,0.49,0.01,-21.7,0.1,-970.2,,28168.2,0.03,0.1,4.4,,Hilton et al. (2010)*
Yenping ,Taiwan-Yenping ,China,Asia,2200H007,,,March 2005 - September 2006,22.9,121.08,SS,Bulk,,,0.48,0.01,-21.9,0.1,-970.2,,28168.2,0.03,0.1,4.4,,Hilton et al. (2010)*
Yenping ,Taiwan-Yenping ,China,Asia,2200H007,,,March 2005 - September 2006,22.9,121.08,SS,Bulk,,,0.5,0.01,-21.7,0.1,-960.3,,25857.2,0.04,0.1,4.4,,Hilton et al. (2010)*
Yenping ,Taiwan-Yenping ,China,Asia,2200H007,,,March 2005 - September 2006,22.9,121.08,SS,Bulk,,,0.46,0.01,-21.8,0.1,-920.5,,20289.2,0.08,0.09,4.6,,Hilton et al. (2010)*
Yenping ,Taiwan-Yenping ,China,Asia,2200H007,,,March 2005 - September 2006,22.9,121.08,SS,Bulk,,,0.47,0.01,-22,0.1,-920.5,,20289.2,0.08,0.1,4.6,,Hilton et al. (2010)*
Yenping ,Taiwan-Yenping ,China,Asia,2200H007,,,March 2005 - September 2006,22.9,121.08,SS,Bulk,,,0.48,0.01,-22,0.1,-900.7,,18496.7,0.1,0.1,4.6,,Hilton et al. (2010)*
Yenping ,Taiwan-Yenping ,China,Asia,2200H007,,,March 2005 - September 2006,22.9,121.08,SS,Bulk,,,0.52,0.01,-22.2,0.1,-841.1,,14721.1,0.16,0.1,4.8,,Hilton et al. (2010)*
Yenping ,Taiwan-Yenping ,China,Asia,2200H007,,,March 2005 - September 2006,22.9,121.08,SS,Bulk,,,0.47,0.01,-22.1,0.1,-880.8,,17032.1,0.12,0.09,4.6,,Hilton et al. (2010)*
Yenping ,Taiwan-Yenping ,China,Asia,2200H007,,,March 2005 - September 2006,22.9,121.08,SS,Bulk,,,0.55,0.01,-22.3,0.1,-781.5,,12163,0.22,0.1,5.1,,Hilton et al. (2010)*
Tay,Tay ,Scotland,Asia,Earn confluence,8,14,2016,-3.25,56.35,SS,Bulk,,,,,-28.1,,-120.5,,968,0.887,,,,Eglinton et al. (2021)
Wanquan,Wanquan ,"Hainan, China",Asia,,8,28,2007,,,SS,Bulk,7.3,0.5,6.5,< 0.04,-27.8,< 0.1,,,,,0.63,10.3,,Wu et al. (2013)
Wanquan,Wanquan ,"Hainan, China",Asia,,7,23,2007,,,SS,Bulk,12.3,0.7,5.2,< 0.04,,,,,,,0.75,6.9,,Wu et al. (2013)
Wanquan,Wanquan ,"Hainan, China",Asia,,7,29,2008,,,SS,Bulk,5.1,0.3,4.9,< 0.04,-29.5,< 0.1,,,,,0.92,5.3,,Wu et al. (2013)
Wanquan,Wanquan ,"Hainan, China",Asia,,3,29,2008,,,SS,Bulk,5.2,0.3,5.5,< 0.04,,,,,,,1.17,4.7,,Wu et al. (2013)
Wanquan,Wanquan ,"Hainan, China",Asia,,4,1,2009,,,SS,Bulk,7.3,0.3,4.6,< 0.04,-27.3,< 0.1,,,,,,,,Wu et al. (2013)
Wanquan,Wanquan ,"Hainan, China",Asia,,4,3,2009,,,SS,Bulk,72,1.3,1.8,< 0.04,-24.9,< 0.1,,,,,,,,Wu et al. (2013)
Wanquan,Wanquan ,"Hainan, China",Asia,,8,13,2009,,,SS,Bulk,15.9,0.4,2.7,< 0.04,-27.2,< 0.1,,,,,,,,Wu et al. (2013)
Yana,Yana ,Russia,Asia,km 791,12,8,1995,67.55,134.03,SS,Bulk,735.9,11.9,1.62,,-25.5,< 0.4,,,,,0.15,11.1,,Rachold & Hubberten (1999)
Yana,Yana ,Russia,Asia,km 633,12,8,1995,68.21,134.91,SS,Bulk,290.1,5.8,2,,-25.4,< 0.4,,,,,0.18,11.3,,Rachold & Hubberten (1999)
Yana,Yana ,Russia,Asia,km 560,11,8,1995,68.61,134.66,SS,Bulk,368.1,9.4,2.55,,-26.3,< 0.4,,,,,0.2,13.1,,Rachold & Hubberten (1999)
Yana,Yana ,Russia,Asia,km 506,8,10,1995,68.95,134.46,SS,Bulk,315.9,5.9,1.86,,-25.2,< 0.4,,,,,0.19,10,,Rachold & Hubberten (1999)
Yana,Yana ,Russia,Asia,km 395,9,8,1995,69.72,135.07,SS,Bulk,44.9,1,2.33,,-26.1,< 0.4,,,,,0.25,9.2,,Rachold & Hubberten (1999)
Yana,Yana ,Russia,Asia,km 297,9,8,1995,70.22,135.12,SS,Bulk,61.2,1.3,2.2,,-25.9,0,,,,,0.21,10.5,,Rachold & Hubberten (1999)
Yana,Yana ,Russia,Asia,km 154,8,9,1995,70.76,136.07,SS,Bulk,102,2.2,2.12,,-26,0.03,,,,,0.21,10.2,,Rachold & Hubberten (1999)
Yana,Yana ,Russia,Asia,km 123,8,13,1995,70.97,136.49,SS,Bulk,70.6,1.6,2.23,,-26,< 0.4,,,,,0.22,10.1,,Rachold & Hubberten (1999)
Yana,Yana ,Russia,Asia,Sartang km 810,8,13,1995,67.46,133.22,SS,Bulk,898.4,16.4,1.83,,-25.7,< 0.4,,,,,0.18,10.4,,Rachold & Hubberten (1999)
Yana,Yana ,Russia,Asia,Dulgalakh km 810,8,17,1995,67.49,133.24,SS,Bulk,1142.8,21.7,1.9,,-25.5,< 0.4,,,,,0.17,11.3,,Rachold & Hubberten (1999)
Yana,Yana ,Russia,Asia,Tuostakh km 625,8,17,1995,67.87,135.67,SS,Bulk,31.6,1.2,3.66,,-26.2,< 0.4,,,,,0.25,14.8,,Rachold & Hubberten (1999)
Yana,Yana ,Russia,Asia,Adie ha km 625,8,18,1995,67.81,135.46,SS,Bulk,167.8,4.5,2.69,,-26.2,< 0.4,,,,,0.24,11.3,,Rachold & Hubberten (1999)
Yana,Yana ,Russia,Asia,Olbye km 580,8,18,1995,68.41,134.98,SS,Bulk,114.9,3.1,2.73,,-26.5,< 0.4,,,,,0.23,12,,Rachold & Hubberten (1999)
Yana,Yana ,Russia,Asia,Bytaktay km 545,8,21,1995,68.74,134.34,SS,Bulk,472,10.4,2.2,,-25.7,< 0.4,,,,,0.18,12.1,,Rachold & Hubberten (1999)
Yana,Yana ,Russia,Asia,Omoloy km 85,8,21,1995,70.71,133.48,SS,Bulk,5.8,0.3,5.72,,-27.2,< 0.4,,,,,0.51,11.3,,Rachold & Hubberten (1999)
Yana,Yana ,Russia,Asia,Kyugyulyur km 80,,,1995,70.71,133.4,SS,Bulk,8.6,0.6,7.09,,-26.6,< 0.4,,,,,0.55,12.9,,Rachold & Hubberten (1999)
Yenisei,Yenisei ,Russia,Asia,Delta,6/7 ,,1994,73.35,80.26,SS,Bulk,30,0.3,1.02,0.01,-26.3,0.5,,,,,0.08,12.1,,Lobbes et al. (2000)
Yenisei,Yenisei ,Russia,Asia,SR1,9,29,2010,51.73,107.46,SS,Bulk,,6.4,,,-27.6,,,,,,,,,De Jonge et al. (2015)
Yenisei,Yenisei ,Russia,Asia,YR2,8,27,2009,58.13,92.75,SS,Bulk,,0.1,,,-30.5,,,,,,,,,De Jonge et al. (2015)
Yenisei,Yenisei ,Russia,Asia,YR3,8,29,2009,61.46,90.09,SS,Bulk,,0.2,,,-29.3,,,,,,,,,De Jonge et al. (2015)
Yenisei,Yenisei ,Russia,Asia,YR5,9,20,2009,65.32,87.95,SS,Bulk,,0.1,,,-29,,,,,,,,,De Jonge et al. (2015)
Yenisei,Yenisei ,Russia,Asia,YR6,9,31,2009,66.17,87.23,SS,Bulk,,0.4,,,-31.4,,,,,,,,,De Jonge et al. (2015)
Yenisei,Yenisei ,Russia,Asia,YR7,9,1,2009,66.59,86.58,SS,Bulk,,0.2,,,-31.3,,,,,,,,,De Jonge et al. (2015)
Yenisei,Yenisei ,Russia,Asia,YR8,9,3,2009,68.68,86.27,SS,Bulk,,0.1,,,-33.3,,,,,,,,,De Jonge et al. (2015)
Yenisei,Yenisei ,Russia,Asia,YR9,9,20,2009,69.71,84.21,SS,Bulk,,0.1,,,-35,,,,,,,,,De Jonge et al. (2015)
Yenisei,Yenisei ,Russia,Asia,YM1,7,25,2009,70.86,83.43,SS,Bulk,,0.1,,,-32.6,,,,,,,,,De Jonge et al. (2015)
Yenisei,Yenisei ,Russia,Asia,Igarka-Roshydromet 9803,3,19,2003,66.48,86.15,SS,Bulk,14,0.6,4.21,,-31.6,,,,,,0.51,8.2,,Holmes et al. (2022)
Yenisei,Yenisei ,Russia,Asia,Igarka-Roshydromet 9803,6,14,2004,66.48,86.15,SS,Bulk,9.2,0.2,2.28,,-28.4,,-374.9,,3724.3,0.629,0.36,6.3,,Holmes et al. (2022)
Yenisei,Yenisei ,Russia,Asia,Igarka-Roshydromet 9803,6,16,2004,66.48,86.15,SS,Bulk,26.1,0.8,3.18,,-27.8,,-148.5,,1239.6,0.857,0.39,8.2,,Holmes et al. (2022)
Yenisei,Yenisei ,Russia,Asia,Igarka-Roshydromet 9803,6,18,2004,66.48,86.15,SS,Bulk,21.6,0.9,4.21,,-29.4,,-135,,1109.5,0.871,0.55,7.6,,Holmes et al. (2022)
Yenisei,Yenisei ,Russia,Asia,Igarka-Roshydromet 9803,8,25,2004,66.48,86.15,SS,Bulk,11.9,0.8,6.81,,-27.9,,-133.2,,1091,0.873,0.91,7.5,,Holmes et al. (2022)
Yenisei,Yenisei ,Russia,Asia,Igarka-Roshydromet 9803,10,1,2004,66.48,86.15,SS,Bulk,20,0.2,1.2,,-30.6,,-277.2,,2550.1,0.728,0.24,4.9,,Holmes et al. (2022)
Yenisei,Yenisei ,Russia,Asia,Igarka-Roshydromet 9803,10,2,2004,66.48,86.15,SS,Bulk,14.5,0.3,2,,-30.2,,-306.6,,2888.2,0.698,0.36,5.6,,Holmes et al. (2022)
Yenisei,Yenisei ,Russia,Asia,Igarka-Roshydromet 9803,3,26,2004,66.48,86.15,SS,Bulk,14.5,0.3,2,,-30.5,,-283,,2616.6,0.722,0.37,5.4,,Holmes et al. (2022)
Yenisei,Yenisei ,Russia,Asia,Igarka-Roshydromet 9803,6,11,2005,66.48,86.15,SS,Bulk,1.7,0.1,8.24,,-30.7,,-486.5,,5299.5,0.517,1.08,7.6,,Holmes et al. (2022)
Yenisei,Yenisei ,Russia,Asia,Igarka-Roshydromet 9803,6,16,2005,66.48,86.15,SS,Bulk,12.5,0.1,0.56,,-30.1,,-225.7,,2006.2,0.779,0.09,6.6,,Holmes et al. (2022)
Yenisei,Yenisei ,Russia,Asia,Igarka-Roshydromet 9803,6,17,2005,66.48,86.15,SS,Bulk,6.8,0.3,4.26,,-29.9,,-217.9,,1924.1,0.787,0.74,5.8,,Holmes et al. (2022)
Yenisei,Yenisei ,Russia,Asia,Igarka-Roshydromet 9803,8,16,2005,66.48,86.15,SS,Bulk,6.8,0.3,4.12,,-29.9,,-317.7,,3015.8,0.687,0.74,5.6,,Holmes et al. (2022)
Yenisei,Yenisei ,Russia,Asia,Igarka-Roshydromet 9803,8,21,2005,66.48,86.15,SS,Bulk,1.4,0.3,19.29,,-33.4,,-210.1,,1842.9,0.795,4.68,4.1,,Holmes et al. (2022)
Yenisei,Yenisei ,Russia,Asia,Igarka-Roshydromet 9803,9,21,2005,66.48,86.15,SS,Bulk,1.7,0.3,18.24,,-33,,-282.2,,2605.5,0.723,4.31,4.2,,Holmes et al. (2022)
Yenisei,Yenisei ,Russia,Asia,Igarka-Roshydromet 9803,6,17,2005,66.48,86.15,SS,Bulk,1,0.2,20,,-31.8,,-334.5,,3217,0.67,4.42,4.5,,Holmes et al. (2022)
Yenisei,Yenisei ,Russia,Asia,Igarka-Roshydromet 9803,11,22,2006,66.48,86.15,SS,Bulk,26.1,,,,-27.6,,,,,,,,,Holmes et al. (2022)
Yenisei,Yenisei ,Russia,Asia,Igarka-Roshydromet 9803,6,17,2006,66.48,86.15,SS,Bulk,2.4,0.1,4.17,,-32.4,,-394.6,,4076.7,0.602,0.83,5,,Holmes et al. (2022)
Yenisei,Yenisei ,Russia,Asia,Igarka-Roshydromet 9803,6,21,2009,66.48,86.15,SS,Bulk,10.8,0.5,5,,-29,,,,,,0.65,7.7,,Holmes et al. (2022)
Yenisei,Yenisei ,Russia,Asia,Igarka-Roshydromet 9803,6,27,2009,66.48,86.15,SS,Bulk,14.1,0.7,4.82,,-28.4,,-234.1,,2089.1,0.771,0.59,8.1,,Holmes et al. (2022)
Yenisei,Yenisei ,Russia,Asia,Igarka-Roshydromet 9803,8,8,2009,66.48,86.15,SS,Bulk,9.4,0.5,5.74,,-28.3,,-296.9,,2773.9,0.708,0.83,6.9,,Holmes et al. (2022)
Yenisei,Yenisei ,Russia,Asia,Igarka-Roshydromet 9803,11,30,2009,66.48,86.15,SS,Bulk,2.8,0.4,13.21,,-32.7,,,,,,2.41,5.5,,Holmes et al. (2022)
Yenisei,Yenisei ,Russia,Asia,Igarka-Roshydromet 9803,6,18,2009,66.48,86.15,SS,Bulk,,0.5,,,-27,,,,,,0,9.2,,Holmes et al. (2022)
Yenisei,Yenisei ,Russia,Asia,Igarka-Roshydromet 9803,6,23,2010,66.48,86.15,SS,Bulk,16.5,0.7,4.3,,-27.6,,-316.9,,3004.1,0.688,0.65,6.6,,Holmes et al. (2022)
Yenisei,Yenisei ,Russia,Asia,Igarka-Roshydromet 9803,6,27,2010,66.48,86.15,SS,Bulk,12.3,0.7,5.85,,-28.8,,-275.4,,2528.1,0.73,0.81,7.3,,Holmes et al. (2022)
Yenisei,Yenisei ,Russia,Asia,Igarka-Roshydromet 9803,9,21,2010,66.48,86.15,SS,Bulk,7.9,0.5,6.46,,-29.6,,-247.6,,2225.7,0.758,1.02,6.3,,Holmes et al. (2022)
Yenisei,Yenisei ,Russia,Asia,Igarka-Roshydromet 9803,12,8,2010,66.48,86.15,SS,Bulk,5.2,0.5,9.81,,-29.9,,-302.6,,2842.3,0.702,1.55,6.3,,Holmes et al. (2022)
Yenisei,Yenisei ,Russia,Asia,Igarka-Roshydromet 9803,6,17,2010,66.48,86.15,SS,Bulk,0.9,0.2,20,,-30.6,,-373.2,,3698.8,0.631,3.39,5.9,,Holmes et al. (2022)
Yenisei,Yenisei ,Russia,Asia,Igarka-Roshydromet 9803,6,21,2011,66.48,86.15,SS,Bulk,2.2,0.3,14.09,,-32,,-252.3,,2278.9,0.753,2.77,5.1,,Holmes et al. (2022)
Yenisei,Yenisei ,Russia,Asia,Igarka-Roshydromet 9803,7,2,2011,66.48,86.15,SS,Bulk,1.6,0.3,19.38,,-32.8,,-186.2,,1594.2,0.82,3.74,5.2,,Holmes et al. (2022)
Yenisei,Yenisei ,Russia,Asia,Igarka-Roshydromet 9803,9,29,2011,66.48,86.15,SS,Bulk,1,0.4,38,,-33.1,,-164.7,,1381.5,0.842,6.32,6,,Holmes et al. (2022)
Yenisei,Yenisei ,Russia,Asia,Igarka-Roshydromet 9803,12,2,2011,66.48,86.15,SS,Bulk,1.3,0.2,13.85,,-31.4,,-120,,963.2,0.887,2.6,5.3,,Holmes et al. (2022)
Yenisei,Yenisei ,Russia,Asia,Igarka-Roshydromet 9803,6,20,2011,66.48,86.15,SS,Bulk,3.7,0.2,6.22,,-30.8,,-239.3,,2141.4,0.766,1.71,3.6,,Holmes et al. (2022)
Yenisei,Yenisei ,Russia,Asia,Igarka-Roshydromet 9803,8,19,2012,66.48,86.15,SS,Bulk,4.2,0.5,11.81,,-28.7,,-215.6,,1890.5,0.79,1.45,8.2,,Holmes et al. (2022)
Yenisei,Yenisei ,Russia,Asia,Igarka-Roshydromet 9803,10,19,2012,66.48,86.15,SS,Bulk,1.8,0.6,33.71,,-31.3,,,,,,4.99,6.8,,Holmes et al. (2022)
Yenisei,Yenisei ,Russia,Asia,Igarka-Roshydromet 9803,12,29,2012,66.48,86.15,SS,Bulk,11.3,0.3,3.01,,-30,,-528.1,,5971.6,0.476,0.35,8.6,,Holmes et al. (2022)
Yenisei,Yenisei ,Russia,Asia,Igarka-Roshydromet 9803,1,26,2012,66.48,86.15,SS,Bulk,0.7,0.2,25.68,,-28.3,,-481,,5206.8,0.523,2.71,9.5,,Holmes et al. (2022)
Yenisei,Yenisei ,Russia,Asia,Igarka-Roshydromet 9803,3,24,2013,66.48,86.15,SS,Bulk,1.8,0.2,12.5,,-28.7,,-682,,9140.5,0.321,1.24,10.1,,Holmes et al. (2022)
Yenisei,Yenisei ,Russia,Asia,Igarka-Roshydromet 9803,5,15,2013,66.48,86.15,SS,Bulk,2.2,0.2,10.76,,-27.5,,,,,,1.19,9,,Holmes et al. (2022)
Yenisei,Yenisei ,Russia,Asia,Igarka-Roshydromet 9803,7,19,2013,66.48,86.15,SS,Bulk,1.2,0.2,18.33,,-28.5,,-435.2,,4526.8,0.569,2.42,7.6,,Holmes et al. (2022)
Yenisei,Yenisei ,Russia,Asia,Igarka-Roshydromet 9803,7,19,2013,66.48,86.15,PSD,Bulk,0.4,0.3,91.67,,-31.5,,,,,,13.31,6.9,,Holmes et al. (2022)
Yenisei,Yenisei ,Russia,Asia,Igarka-Roshydromet 9803,9,23,2013,66.48,86.15,PSD,Bulk,1,0.3,33.01,,-31.2,,-393,,3949.6,0.612,7.87,4.2,,Holmes et al. (2022)
Yenisei,Yenisei ,Russia,Asia,Igarka-Roshydromet 9803,9,23,2013,66.48,86.15,PSD,Bulk,5.6,0.3,6.04,,-30,,,,,,0.79,7.6,,Holmes et al. (2022)
Yenisei,Yenisei ,Russia,Asia,Igarka-Roshydromet 9803,11,30,2013,66.48,86.15,PSD,Bulk,2.1,0.5,22.71,,-30.1,,-378.6,,3760.1,0.626,2.2,10.3,,Holmes et al. (2022)
Yenisei,Yenisei ,Russia,Asia,Igarka-Roshydromet 9803,2,25,2013,66.48,86.15,SS,Bulk,3.9,0.8,21.19,,-28.3,,-329.7,,3152.6,0.675,2.08,10.2,,Holmes et al. (2022)
Yenisei,Yenisei ,Russia,Asia,Igarka-Roshydromet 9803,4,26,2014,66.48,86.15,SS,Bulk,1.5,0.9,60.69,,-26.8,,-503.1,,5555.2,0.501,4.18,14.5,,Holmes et al. (2022)
Yenisei,Yenisei ,Russia,Asia,Igarka-Roshydromet 9803,6,27,2014,66.48,86.15,SS,Bulk,0.4,0.3,70.27,,-28.3,,,,,,7.42,9.5,,Holmes et al. (2022)
Yenisei,Yenisei ,Russia,Asia,Igarka-Roshydromet 9803,6,27,2014,66.48,86.15,PSD,Bulk,0.7,0.5,70.27,,-28.1,,,,,,6.06,11.6,,Holmes et al. (2022)
Yenisei,Yenisei ,Russia,Asia,Igarka-Roshydromet 9803,8,17,2014,66.48,86.15,PSD,Bulk,,0.6,,,-29.7,,-240.5,,2147.7,0.765,,8.8,,Holmes et al. (2022)
Yenisei,Yenisei ,Russia,Asia,Igarka-Roshydromet 9803,8,17,2014,66.48,86.15,PSD,Bulk,4.7,0.3,7.02,,-29.7,,,,,,1.09,6.4,,Holmes et al. (2022)
Yenisei,Yenisei ,Russia,Asia,Igarka-Roshydromet 9803,10,17,2014,66.48,86.15,PSD,Bulk,6.5,0.5,7.35,,-30.3,,-407.6,,4143.7,0.597,0.89,8.3,,Holmes et al. (2022)
Yenisei,Yenisei ,Russia,Asia,Igarka-Roshydromet 9803,10,17,2014,66.48,86.15,PSD,Bulk,3.2,0.5,15.31,,-29.1,,,,,,2.05,7.5,,Holmes et al. (2022)
Yenisei,Yenisei ,Russia,Asia,Igarka-Roshydromet 9803,12,7,2014,66.48,86.15,PSD,Bulk,7,1.4,19.89,,-28.7,,-489.8,,5343.1,0.514,2.26,8.8,,Holmes et al. (2022)
Yenisei,Yenisei ,Russia,Asia,Igarka-Roshydromet 9803,1,27,2014,66.48,86.15,SS,Bulk,3.1,0.2,7.77,,-28.7,,-552.2,,6391.2,0.451,0.86,9,,Holmes et al. (2022)
Yenisei,Yenisei ,Russia,Asia,Igarka-Roshydromet 9803,3,23,2015,66.48,86.15,SS,Bulk,2.9,0.4,13.01,,-27.4,,,,,,0.92,14.1,,Holmes et al. (2022)
Yenisei,Yenisei ,Russia,Asia,Igarka-Roshydromet 9803,5,4,2015,66.48,86.15,SS,Bulk,2.1,0.1,6.73,,-29,,-715.4,,10033,0.287,0.83,8.1,,Holmes et al. (2022)
Yenisei,Yenisei ,Russia,Asia,Igarka-Roshydromet 9803,7,25,2015,66.48,86.15,SS,Bulk,1.4,0.2,13.97,,-28.6,,-511.7,,5696,0.492,1.14,12.3,,Holmes et al. (2022)
Yenisei,Yenisei ,Russia,Asia,Igarka-Roshydromet 9803,7,25,2015,66.48,86.15,PSD,Bulk,1.4,0.4,26.28,,-32.1,,,,,,4.09,6.4,,Holmes et al. (2022)
Yenisei,Yenisei ,Russia,Asia,Igarka-Roshydromet 9803,9,16,2015,66.48,86.15,PSD,Bulk,2,0.2,11.33,,-32.2,,-362.6,,3555,0.642,2.75,4.1,,Holmes et al. (2022)
Yenisei,Yenisei ,Russia,Asia,Igarka-Roshydromet 9803,9,16,2015,66.48,86.15,PSD,Bulk,1.3,0.3,22.48,,-31.2,,,,,,4.77,4.7,,Holmes et al. (2022)
Yenisei,Yenisei ,Russia,Asia,Igarka-Roshydromet 9803,9,16,2015,66.48,86.15,PSD,Bulk,2.9,0.3,9.47,,-32.6,,,,,,1.97,4.8,,Holmes et al. (2022)
Yenisei,Yenisei ,Russia,Asia,Igarka-Roshydromet 9803,11,25,2015,66.48,86.15,PSD,Bulk,1.5,0.3,19.73,,-32.7,,-299.8,,2800,0.706,3.52,5.6,,Holmes et al. (2022)
Yenisei,Yenisei ,Russia,Asia,Igarka-Roshydromet 9803,2,23,2015,66.48,86.15,SS,Bulk,1.2,0.2,13.56,,-30.7,,,,,,1.83,7.4,,Holmes et al. (2022)
Yenisei,Yenisei ,Russia,Asia,Igarka-Roshydromet 9803,4,20,2016,66.48,86.15,SS,Bulk,1.4,0.3,18.44,,-28.3,,-523.7,,5894.3,0.48,1.89,9.7,,Holmes et al. (2022)
Yenisei,Yenisei ,Russia,Asia,Igarka-Roshydromet 9803,6,19,2016,66.48,86.15,SS,Bulk,0.4,0.2,45.71,,-29.1,,-480.8,,5202.2,0.523,5.97,7.7,,Holmes et al. (2022)
Yenisei,Yenisei ,Russia,Asia,Igarka-Roshydromet 9803,6,19,2016,66.48,86.15,PSD,Bulk,13.2,0.4,3.18,,-28.7,,,,,,0.51,6.2,,Holmes et al. (2022)
Yenisei,Yenisei ,Russia,Asia,Igarka-Roshydromet 9803,6,19,2016,66.48,86.15,PSD,Bulk,3.8,0.3,8.14,,-30,,,,,,1.32,6.2,,Holmes et al. (2022)
Yenisei,Yenisei ,Russia,Asia,Igarka-Roshydromet 9803,8,17,2016,66.48,86.15,PSD,Bulk,5.1,0.4,7.89,,-29.4,,-231.8,,2053.8,0.774,1.25,6.3,,Holmes et al. (2022)
Yenisei,Yenisei ,Russia,Asia,Igarka-Roshydromet 9803,8,17,2016,66.48,86.15,PSD,Bulk,0.8,0.5,66.25,,-33.4,,,,,,13.16,5,,Holmes et al. (2022)
Yenisei,Yenisei ,Russia,Asia,Igarka-Roshydromet 9803,8,17,2016,66.48,86.15,PSD,Bulk,4.6,0.4,8.89,,-34,,,,,,1.8,4.9,,Holmes et al. (2022)
Yenisei,Yenisei ,Russia,Asia,Igarka-Roshydromet 9803,10,4,2016,66.48,86.15,PSD,Bulk,1,0.4,43,,-33.8,,-353.8,,3444.4,0.651,8.58,5,,Holmes et al. (2022)
Yenisei,Yenisei ,Russia,Asia,Igarka-Roshydromet 9803,10,4,2016,66.48,86.15,PSD,Bulk,5.1,0.3,5.85,,-33.1,,,,,,0.73,8.1,,Holmes et al. (2022)
Yenisei,Yenisei ,Russia,Asia,Igarka-Roshydromet 9803,10,4,2016,66.48,86.15,PSD,Bulk,7.4,0.3,3.92,,-33,,,,,,0.75,5.3,,Holmes et al. (2022)
Yenisei,Yenisei ,Russia,Asia,Igarka-Roshydromet 9803,12,16,2016,66.48,86.15,PSD,Bulk,3.6,0.3,9.07,,-33.4,,-303.9,,2845.7,0.702,1.57,5.8,,Holmes et al. (2022)
Yenisei,Yenisei ,Russia,Asia,Igarka-Roshydromet 9803,2,19,2016,66.48,86.15,SS,Bulk,7.2,0.2,3.06,,-29.5,,-429.9,,4449.5,0.575,0.25,12.1,,Holmes et al. (2022)
Yenisei,Yenisei ,Russia,Asia,Igarka-Roshydromet 9803,2,19,2017,66.48,86.15,SS,Bulk,1.6,0.2,14.81,,-27.9,,-444.9,,4662,0.56,2.01,7.4,,Holmes et al. (2022)
Yenisei,Yenisei ,Russia,Asia,Igarka-Roshydromet 9803,4,1,2017,66.48,86.15,SS,Bulk,0.2,0.2,,,-28.7,,-526.9,,5948,0.477,12.53,9.6,,Holmes et al. (2022)
Yenisei,Yenisei ,Russia,Asia,Igarka-Roshydromet 9803,6,17,2017,66.48,86.15,SS,Bulk,9.2,0.4,4.25,,-28.6,,-191,,1637.4,0.816,1.46,2.9,,Holmes et al. (2022)
Yenisei,Yenisei ,Russia,Asia,Igarka-Roshydromet 9803,8,30,2017,66.48,86.15,SS,Bulk,1.5,0.4,28.97,,-32.4,,-363.1,,3558.7,0.642,4.42,6.6,,Holmes et al. (2022)
Yenisei,Yenisei ,Russia,Asia,Igarka-Roshydromet 9803,10,10,2017,66.48,86.15,SS,Bulk,1.4,0.3,18.71,,-31.1,,-363.2,,3560,0.642,2.68,7,,Holmes et al. (2022)
Yenisei,Yenisei ,Russia,Asia,Igarka-Roshydromet 9803,12,14,2017,66.48,86.15,SS,Bulk,0.9,0.2,22.22,,-29.1,,-499.8,,5499.3,0.504,1.91,11.6,,Holmes et al. (2022)
Yenisei,Yenisei ,Russia,Asia,Igarka-Roshydromet 9803,1,27,2018,66.48,86.15,SS,Bulk,0.6,0.2,29.51,,-28.6,,-367.7,,3616.5,0.638,3.28,9,,Holmes et al. (2022)
Yenisei,Yenisei ,Russia,Asia,Igarka-Roshydromet 9803,3,19,2018,66.48,86.15,SS,Bulk,,0.2,,,-28.2,,-332.6,,3182.3,0.673,,6.8,,Holmes et al. (2022)
Yenisei,Yenisei ,Russia,Asia,Igarka-Roshydromet 9803,5,15,2018,66.48,86.15,SS,Bulk,,0.2,,,-28.3,,-474.5,,5103,0.53,,8.5,,Holmes et al. (2022)
Yenisei,Yenisei ,Russia,Asia,Igarka-Roshydromet 9803,7,2,2018,66.48,86.15,SS,Bulk,4.5,0.4,8.17,,-29.7,,-241.8,,2158.2,0.764,1.35,6.1,,Holmes et al. (2022)
Yenisei,Yenisei ,Russia,Asia,Igarka-Roshydromet 9803,9,15,2018,66.48,86.15,SS,Bulk,1.8,0.4,21.71,,-32.4,,-261.2,,2365.8,0.745,3.31,6.6,,Holmes et al. (2022)
Yenisei,Yenisei ,Russia,Asia,Igarka-Roshydromet 9803,11,16,2018,66.48,86.15,SS,Bulk,2.4,0.3,14.05,,-29,,-368.3,,3622.8,0.637,1.32,10.6,,Holmes et al. (2022)
Yenisei,Yenisei ,Russia,Asia,Igarka-Roshydromet 9803,2,20,2019,66.48,86.15,SS,Bulk,0.3,0.2,88,,-27.6,,-367.5,,3612.7,0.638,9.6,9.2,,Holmes et al. (2022)
Yenisei,Yenisei ,Russia,Asia,Igarka-Roshydromet 9803,4,20,2019,66.48,86.15,SS,Bulk,0.1,0.3,,,-26.6,,-324.4,,3082.7,0.681,27.5,8.2,,Holmes et al. (2022)
Yenisei,Yenisei ,Russia,Asia,Igarka-Roshydromet 9803,6,28,2019,66.48,86.15,SS,Bulk,6.3,0.4,5.76,,-30.2,,-232.4,,2057.9,0.774,0.77,7.5,,Holmes et al. (2022)
Yenisei,Yenisei ,Russia,Asia,Igarka-Roshydromet 9803,8,19,2019,66.48,86.15,SS,Bulk,0.9,0.5,58.14,,-33,,-247.6,,2218.3,0.759,7.91,7.4,,Holmes et al. (2022)
Zhujiang,Xijiang ,China,Asia,Gui Ping,4,19,2018,23.41,110.07,SS,Bulk,,,,,-27.9,<0.2,-243.6,<5,2176.6,0.763,,,,Shan et al. (2021)
Zhujiang,Xijiang ,China,Asia,Wan Zhou,4,21,2018,23.42,111.2,SS,Bulk,,,,,-31.2,<0.2,-195.6,<5,1682.4,0.811,,,,Shan et al. (2021)
Zhujiang,Xijiang ,China,Asia,De Qing,9,25,2018,23.13,111.76,SS,Bulk,,,,,-31,<0.2,-181.3,<5,1540.8,0.825,,,,Shan et al. (2021)
Zhujiang,Guijiang ,China,Asia,G509,12,20,2005,23.51,111.34,SS,Bulk,6.1,0.3,5.15,< 0.3,-28.2,< 0.2,-152.5,,1275.7,0.853,0.78,6.6,,Tao et al. (2012)
Zhujiang,Guijiang ,China,Asia,G512,1,14,2005,23.51,111.34,SS,Bulk,16.4,0.8,5.17,< 0.3,-27.2,< 0.2,-181.1,,1551.5,0.824,0.72,7.2,,Tao et al. (2012)
Zhujiang,Guijiang ,China,Asia,G601,2,22,2006,23.51,111.34,SS,Bulk,99.1,7.5,7.57,< 0.3,-29.9,< 0.2,-107.1,,855.6,0.899,1.19,6.4,,Tao et al. (2012)
Zhujiang,Guijiang ,China,Asia,G602,4,23,2006,23.51,111.34,SS,Bulk,17.7,0.8,4.33,< 0.3,-27.2,< 0.2,-164.5,,1389.3,0.841,0.55,7.8,,Tao et al. (2012)
Zhujiang,Guijiang ,China,Asia,G604,7,13,2006,23.51,111.34,SS,Bulk,5.5,0.2,4.04,< 0.3,-26.7,< 0.2,-145.5,,1208.7,0.86,0.57,7,,Tao et al. (2012)
Zhujiang,Xijiang ,China,Asia,XJ-1,7,13,2005,,,SS,Bulk,39.6,0.6,1.44,< 0.3,-23.4,< 0.1,,,,,0.13,10.9,,Sun et al. (2011)
Zhujiang,Xijiang ,China,Asia,XJ-2,7,13,2005,,,SS,Bulk,48.7,0.8,1.66,< 0.3,-23.3,< 0.1,,,,,0.16,10.4,,Sun et al. (2011)
Zhujiang,Xijiang ,China,Asia,XJ-3,7,13,2005,,,SS,Bulk,47.9,0.8,1.69,< 0.3,-23.4,< 0.1,,,,,0.17,10.2,,Sun et al. (2011)
Zhujiang,Xijiang ,China,Asia,XJ-4,7,13,2005,,,SS,Bulk,44.6,0.7,1.55,< 0.3,-23,< 0.1,,,,,0.15,10.5,,Sun et al. (2011)
Zhujiang,Xijiang ,China,Asia,XJ-5,7,15,2005,,,SS,Bulk,41.8,0.7,1.75,< 0.3,-22.9,< 0.1,,,,,0.17,10.5,,Sun et al. (2011)
Zhujiang,Xijiang ,China,Asia,GJ-1,7,15,2005,,,SS,Bulk,7.2,0.4,5.73,< 0.3,-26.9,< 0.1,,,,,0.74,7.7,,Sun et al. (2011)
Zhujiang,Xijiang ,China,Asia,GJ-2,7,15,2005,,,SS,Bulk,9.3,0.4,3.88,< 0.3,-26.7,< 0.1,,,,,0.46,8.5,,Sun et al. (2011)
Zhujiang,Xijiang ,China,Asia,GJ-3,7,15,2005,,,SS,Bulk,5.4,0.2,4.06,< 0.3,-25.8,< 0.1,,,,,0.5,8.1,,Sun et al. (2011)
Zhujiang,Xijiang ,China,Asia,GJ-4,7,14,2005,,,SS,Bulk,5.3,0.2,4.37,< 0.3,-25.3,< 0.1,,,,,0.48,9.1,,Sun et al. (2011)
Zhujiang,Xijiang ,China,Asia,HJ-1,7,14,2005,,,SS,Bulk,6,0.2,3.68,< 0.3,-26.3,< 0.1,,,,,0.5,7.4,,Sun et al. (2011)
Zhujiang,Xijiang ,China,Asia,HJ-2,7,14,2005,,,SS,Bulk,5.3,0.2,3.94,< 0.3,-25.1,< 0.1,,,,,0.48,8.3,,Sun et al. (2011)
Zhujiang,Xijiang ,China,Asia,HJ-3,7,19,2005,,,SS,Bulk,1.7,0.1,8.38,< 0.3,-25.8,< 0.1,,,,,1.02,8.2,,Sun et al. (2011)
Zhujiang,Xijiang ,China,Asia,LD,12,13,2005,,,SS,Bulk,19,0.3,1.37,< 0.3,-23.9,< 0.1,,,,,0.2,6.7,,Sun et al. (2011)
Zhujiang,Xijiang ,China,Asia,XJ-1,12,13,2005,,,SS,Bulk,5.6,0.1,2.16,< 0.3,-26.2,< 0.1,,,,,0.36,6.1,,Sun et al. (2011)
Zhujiang,Xijiang ,China,Asia,XJ-2,12,13,2005,,,SS,Bulk,3.7,0.1,3.23,< 0.3,-24.9,< 0.1,,,,,0.44,7.4,,Sun et al. (2011)
Zhujiang,Xijiang ,China,Asia,XJ-3,12,13,2005,,,SS,Bulk,6.2,0.2,2.42,< 0.3,-25,< 0.1,,,,,0.36,6.8,,Sun et al. (2011)
Zhujiang,Xijiang ,China,Asia,XJ-4,12,13,2005,,,SS,Bulk,5.8,0.2,2.93,< 0.3,-24.1,< 0.1,,,,,0.43,6.8,,Sun et al. (2011)
Zhujiang,Xijiang ,China,Asia,XJ-5,12,16,2005,,,SS,Bulk,8.7,0.2,2.06,< 0.3,-23.5,< 0.1,,,,,0.28,7.4,,Sun et al. (2011)
Zhujiang,Xijiang ,China,Asia,GJ-1,12,16,2005,,,SS,Bulk,14.7,0.2,1.49,< 0.3,-27.3,< 0.1,,,,,0.25,6,,Sun et al. (2011)
Zhujiang,Xijiang ,China,Asia,GJ-3,12,16,2005,,,SS,Bulk,2.6,0.1,2.65,< 0.3,-26.3,< 0.1,,,,,0.33,8,,Sun et al. (2011)
Zhujiang,Xijiang ,China,Asia,GJ-4,12,14,2005,,,SS,Bulk,1.9,0.1,2.67,< 0.3,-26.3,< 0.1,,,,,0.31,8.6,,Sun et al. (2011)
Zhujiang,Xijiang ,China,Asia,HJ-1,12,14,2005,,,SS,Bulk,0.4,0,2.5,< 0.3,-27.5,< 0.1,,,,,0.27,9.2,,Sun et al. (2011)
Zhujiang,Xijiang ,China,Asia,HJ-2,12,14,2005,,,SS,Bulk,2.9,0.1,3.14,< 0.3,-25.9,< 0.1,,,,,0.38,8.2,,Sun et al. (2011)
Zhujiang,Xijiang ,China,Asia,HJ-3,12,19,2005,,,SS,Bulk,1.2,0,3.42,< 0.3,-26.7,< 0.1,,,,,0.36,9.5,,Sun et al. (2011)
Zhujiang,Xijiang ,China,Asia,LD,6,22,2005,,,SS,Bulk,6.8,0.2,2.19,< 0.3,-26.6,< 0.1,,,,,0.42,5.2,,Sun et al. (2011)
Zhujiang,Xijiang ,China,Asia,F1-Flood event,6,23,2005,,,SS,Bulk,360.8,6.6,1.83,< 0.3,-23.5,< 0.1,,,,,0.17,10.7,,Sun et al. (2011)
Zhujiang,Xijiang ,China,Asia,F3-Flood event,6,24,2005,,,SS,Bulk,502.3,7.1,1.42,< 0.3,-23,< 0.1,,,,,0.13,11,,Sun et al. (2011)
Zhujiang,Xijiang ,China,Asia,F5-Flood event,6,25,2005,,,SS,Bulk,554.9,8.3,1.5,< 0.3,-22.6,< 0.1,,,,,0.13,11.7,,Sun et al. (2011)
Zhujiang,Xijiang ,China,Asia,F7-Flood event,6,27,2005,,,SS,Bulk,319.1,4.3,1.34,< 0.3,-23.2,< 0.1,,,,,0.12,11.1,,Sun et al. (2011)
Zhujiang,Xijiang ,China,Asia,F9-Flood event,6,28,2005,,,SS,Bulk,235.8,3,1.26,< 0.3,-22.2,< 0.1,,,,,0.11,11,,Sun et al. (2011)
Zhujiang,Xijiang ,China,Asia,F11-Flood event,7,,2005,,,SS,Bulk,161.3,2.4,1.51,< 0.3,-23.8,< 0.1,,,,,0.14,10.6,,Sun et al. (2011)
Zhujiang,Xijiang ,China,Asia,Nanpan River,7,,2014,25.91,103.95,SS,Bulk,1255.9,7.1,0.59,,-24.9,,,,,,0.09,6.7,,Zou (2017)
Zhujiang,Xijiang ,China,Asia,Nanpan River,7,,2014,25.62,103.83,SS,Bulk,74.9,2.4,3.25,,-24.4,,,,,,0.31,10.4,,Zou (2017)
Zhujiang,Xijiang ,China,Asia,Nanpan River,7,,2014,25.29,103.86,SS,Bulk,237.3,2.9,1.23,,-24.4,,,,,,0.16,7.8,,Zou (2017)
Zhujiang,Xijiang ,China,Asia,Nanpan River,7,,2014,25.01,103.64,SS,Bulk,159.5,4.1,2.58,,-24.5,,,,,,0.24,10.8,,Zou (2017)
Zhujiang,Xijiang ,China,Asia,Nanpan River,7,,2014,24.94,103.18,SS,Bulk,57.3,1,1.75,,-24.2,,,,,,0.27,6.5,,Zou (2017)
Zhujiang,Xijiang ,China,Asia,Nanpan River,7,,2014,24.22,103.11,SS,Bulk,539.2,5.8,1.07,,-22.4,,,,,,0.14,7.7,,Zou (2017)
Zhujiang,Xijiang ,China,Asia,Huaxi River,7,,2014,24.21,103.11,SS,Bulk,221.3,2.8,1.27,,-24.1,,,,,,0.15,8.6,,Zou (2017)
Zhujiang,Xijiang ,China,Asia,Dianxi River,7,,2014,24.23,103.4,SS,Bulk,254,4.4,1.74,,-24.2,,,,,,0.14,12.1,,Zou (2017)
Zhujiang,Xijiang ,China,Asia,Mabie River,7,,2014,25.19,104.91,SS,Bulk,477.1,8.4,1.77,,-24.2,,,,,,0.12,15.3,,Zou (2017)
Zhujiang,Xijiang ,China,Asia,Beipan River,7,,2014,25.07,105.95,SS,Bulk,14.6,0,0.21,,-23.8,,,,,,0.03,7,,Zou (2017)
Zhujiang,Xijiang ,China,Asia,Luofan River,7,,2014,25.12,105.86,SS,Bulk,51,0.7,1.44,,-24.3,,,,,,0.2,7.2,,Zou (2017)
Zhujiang,Xijiang ,China,Asia,Baiceng River,7,,2014,25.38,105.76,SS,Bulk,9.7,0.2,1.55,,-23.8,,,,,,0.18,8.5,,Zou (2017)
Zhujiang,Xijiang ,China,Asia,Dabang River,7,,2014,25.87,105.67,SS,Bulk,12.8,0.1,0.7,,-24.6,,,,,,0.07,9.7,,Zou (2017)
Zhujiang,Xijiang ,China,Asia,Dabang River,7,,2014,25.89,105.64,SS,Bulk,598.8,16.1,2.68,,-21.6,,,,,,0.26,10.5,,Zou (2017)
Zhujiang,Xijiang ,China,Asia,Baishui River,7,,2014,26.01,105.67,SS,Bulk,81,2.5,3.05,,-21.8,,,,,,0.23,13.1,,Zou (2017)
Zhujiang,Xijiang ,China,Asia,Beipan River,7,,2014,25.67,105.66,SS,Bulk,115.1,1.8,1.55,,-24.1,,,,,,0.14,11.2,,Zou (2017)
Zhujiang,Xijiang ,China,Asia,Zangke River,7,,2014,26.17,105.19,SS,Bulk,14.8,0.3,2.31,,-24.9,,,,,,0.15,15.8,,Zou (2017)
Zhujiang,Xijiang ,China,Asia,Baiche River,7,,2014,26.44,105.08,SS,Bulk,158.4,3.8,2.4,,-25.2,,,,,,0.17,14.3,,Zou (2017)
Zhujiang,Xijiang ,China,Asia,Balang River,7,,2014,26.38,105.01,SS,Bulk,13.8,0.5,3.61,,-24.4,,,,,,0.19,19.2,,Zou (2017)
Zhujiang,Xijiang ,China,Asia,Dadu River,7,,2014,26.29,104.71,SS,Bulk,946.7,19.8,2.09,,-20,,,,,,0.1,21.1,,Zou (2017)
Zhujiang,Xijiang ,China,Asia,Qingshui River,3,23,2014,26,104.5,SS,Bulk,403.7,11.6,2.88,,-23.4,,,,,,0.15,19.1,,Zou (2017)
Zhujiang,Zengjiang ,China,Asia,Qilinzui ,4,20,2002,23.35,113.84,ISD,Bulk,9.2,0.5,5.76,0.3,-24.1,,-133,,1095.9,0.872,0.72,8,,Gao et al. (2007)
Zhujiang,Zengjiang ,China,Asia,Qilinzui ,5,18,2002,23.35,113.84,ISD,Bulk,5.3,0.4,8,0.3,-24,,-155.4,,1306.5,0.85,1,8,,Gao et al. (2007)
Zhujiang,Zengjiang ,China,Asia,Qilinzui ,6,15,2002,23.35,113.84,ISD,Bulk,7.6,0.4,5.32,0.3,-24.1,,-157.2,,1323.4,0.848,0.65,8.2,,Gao et al. (2007)
Zhujiang,Zengjiang ,China,Asia,Qilinzui ,7,13,2002,23.35,113.84,ISD,Bulk,16.6,0.6,3.45,0.3,-24.1,,-113.5,,917.1,0.892,0.42,8.2,,Gao et al. (2007)
Zhujiang,Zengjiang ,China,Asia,Qilinzui ,8,10,2002,23.35,113.84,ISD,Bulk,13.8,0.5,3.55,0.3,-25.5,,-185.3,,1596,0.82,0.4,8.9,,Gao et al. (2007)
Zhujiang,Zengjiang ,China,Asia,Qilinzui ,9,7,2002,23.35,113.84,ISD,Bulk,63,1.6,2.57,0.3,-24.3,,-62,,463.3,0.944,0.25,10.4,,Gao et al. (2007)
Zhujiang,Zengjiang ,China,Asia,Qilinzui ,10,5,2002,23.35,113.84,ISD,Bulk,13,0.5,3.9,0.3,-24.6,,-104.3,,834.3,0.901,0.46,8.5,,Gao et al. (2007)
Zhujiang,Zengjiang ,China,Asia,Qilinzui ,11,2,2002,23.35,113.84,ISD,Bulk,6.5,0.5,7.68,0.3,-24.8,,-68.6,,520,0.937,1.02,7.5,,Gao et al. (2007)
Zhujiang,Zengjiang ,China,Asia,Qilinzui ,11,30,2002,23.35,113.84,ISD,Bulk,6.9,0.4,5.41,0.3,-24.4,,-47.1,,337.3,0.959,0.64,8.4,,Gao et al. (2007)
Zhujiang,Zengjiang ,China,Asia,Qilinzui ,12,28,2002,23.35,113.84,ISD,Bulk,6.6,0.3,4.96,0.3,-24.5,,-73.9,,565.9,0.932,0.62,8.1,,Gao et al. (2007)
Zhujiang,Zengjiang ,China,Asia,Qilinzui ,1,25,2002,23.35,113.84,ISD,Bulk,5.6,0.3,4.78,0.3,-22.7,,-61.4,,458.3,0.945,0.58,8.3,,Gao et al. (2007)
Zhujiang,Zengjiang ,China,Asia,Qilinzui ,2,22,2003,23.35,113.84,ISD,Bulk,5,0.3,6.63,0.3,-23.1,,-54.1,,395.3,0.952,0.94,7,,Gao et al. (2007)
Zhujiang,Zengjiang ,China,Asia,Qilinzui ,8,19,2003,23.35,113.84,ISD,Bulk,18.1,0.8,4.44,0.3,-23,,-56.3,,413.7,0.95,0.62,7.2,,Gao et al. (2007)
Zhujiang,Zhujiang ,China,Asia,Shapu SP 1-1,8,19,2016,23.17,112.67,PST,Bulk,138.8,1.9,1.33,0.01,-24.8,0.04,-223.2,2.6,1964.9,0.783,0.21,6.2,0.36,This study
Zhujiang,Zhujiang ,China,Asia,Shapu SP 1-2,8,19,2016,23.17,112.67,PST,Bulk,153.8,1.9,1.25,0.02,-24.7,0.08,-185.1,2,1580.1,0.821,0.19,6.7,0.36,This study
Zhujiang,Zhujiang ,China,Asia,Shapu SP 1-3,8,19,2016,23.17,112.67,PST,Bulk,173.7,2.2,1.28,0.01,-24.8,0.05,-221.8,2.5,1950.1,0.784,0.19,6.8,0.34,This study
Zhujiang,Zhujiang ,China,Asia,Shapu SP 2-1,8,19,2016,23.17,112.67,PST,Bulk,119.7,1.5,1.24,0.02,-24.7,0.06,,,,,0.19,6.7,0.34,This study
Zhujiang,Zhujiang ,China,Asia,Shapu SP 2-2,8,19,2016,23.17,112.67,PST,Bulk,160.2,1.8,1.15,0.02,-24.8,0.02,,,,,0.16,7.1,0.32,This study
Zhujiang,Zhujiang ,China,Asia,Shapu SP 2-3,8,19,2016,23.17,112.67,PST,Bulk,135.6,1.7,1.24,0.03,-24.9,0.06,,,,,0.19,6.6,0.34,This study
Zhujiang,Zhujiang ,China,Asia,Shapu SP 2-4,8,19,2016,23.17,112.67,PST,Bulk,146.3,1.8,1.21,0.01,-25,0.08,,,,,0.17,7.2,0.3,This study
Zhujiang,Zhujiang ,China,Asia,Shapu SP 3-1,8,19,2016,23.17,112.67,PST,Bulk,103.9,1.3,1.21,0.01,-24.8,0.01,-142.7,1.7,1172.6,0.864,0.17,7,0.34,This study
Zhujiang,Zhujiang ,China,Asia,Shapu SP 3-2,8,19,2016,23.17,112.67,PST,Bulk,118.9,1.4,1.18,0.02,-24.9,0.06,-205.8,2.3,1787.2,0.801,0.17,6.8,0.35,This study
Zhujiang,Zhujiang ,China,Asia,Shapu SP 3-3,8,19,2016,23.17,112.67,PST,Bulk,146.4,1.7,1.17,0.02,-24.8,0.02,-156.5,1.8,1303,0.85,0.17,6.9,0.34,This study
Zhujiang,Zhujiang ,China,Asia,Shapu SP 3-4,8,19,2016,23.17,112.67,PST,Bulk,126.9,1.5,1.18,0.03,-24.9,0.08,-157.9,2.2,1316.7,0.849,0.17,6.8,0.34,This study
Zhujiang,Zhujiang ,China,Asia,Shapu SP 3-5,8,19,2016,23.17,112.67,PST,Bulk,134.1,1.6,1.17,0.01,-24.9,0.05,-163.7,2.1,1372.4,0.843,0.18,6.5,0.33,This study
Zhujiang,Zhujiang ,China,Asia,Shapu SP 4-1,8,19,2016,23.17,112.67,PST,Bulk,114.3,1.3,1.18,0.02,-24.9,0.09,,,,,0.17,6.9,0.32,This study
Zhujiang,Zhujiang ,China,Asia,Shapu SP 4-2,8,19,2016,23.17,112.67,PST,Bulk,138.5,1.6,1.16,0.01,-24.9,0.08,,,,,0.16,7.1,0.32,This study
Zhujiang,Zhujiang ,China,Asia,Shapu SP 4-3,8,19,2016,23.17,112.67,PST,Bulk,146,1.7,1.15,0.03,-24.9,0.08,,,,,0.16,7.2,0.31,This study
Zhujiang,Zhujiang ,China,Asia,Shapu SP 4-4,8,19,2016,23.17,112.67,PST,Bulk,214.8,2.2,1.04,0.02,-24.9,0.08,,,,,0.14,7.3,0.27,This study
Zhujiang,Zhujiang ,China,Asia,Shapu SP 5-1,8,19,2016,23.17,112.67,PST,Bulk,73.8,0.9,1.25,0.02,-25,0.1,,,,,0.18,6.8,0.35,This study
Zhujiang,Zhujiang ,China,Asia,Shapu SP 5-2,8,26,2016,23.17,112.67,PST,Bulk,78.6,1,1.22,0.02,-24.9,0.05,,,,,0.18,6.9,0.35,This study
Zhujiang,Zhujiang ,China,Asia,BPJ-rainy,8,30,2014,24.97,105.97,SS,Bulk,,6.5,,,-25,0.1,-132.1,7.5,1040,0.875,,,,Liu et al. (2017)
Zhujiang,Zhujiang ,China,Asia,YJ1-rainy,8,31,2014,22.68,108.28,SS,Bulk,,2.3,,,-24.8,0.1,-213.2,12.1,1875,0.793,,,,Liu et al. (2017)
Zhujiang,Zhujiang ,China,Asia,YJ2-rainy,9,1,2014,23.13,109.97,SS,Bulk,,8.1,,,-18.8,0.1,-100.5,5.7,760,0.906,,,,Liu et al. (2017)
Zhujiang,Zhujiang ,China,Asia,LJ3-rainy,9,1,2014,24.01,109.7,SS,Bulk,,1.4,,,-25,0.1,-270,15.5,2630,0.736,,,,Liu et al. (2017)
Zhujiang,Zhujiang ,China,Asia,GJ-QST-rainy,9,1,2014,25.43,110.37,SS,Bulk,,6.7,,,-26.4,0.1,-310.5,17.9,3175,0.695,,,,Liu et al. (2017)
Zhujiang,Zhujiang ,China,Asia,GJ1-rainy,9,2,2014,25.17,110.37,SS,Bulk,,1.7,,,-26.9,0.1,-242,13.7,2250,0.764,,,,Liu et al. (2017)
Zhujiang,Zhujiang ,China,Asia,GJ3-rainy,9,2,2014,24.39,110.71,SS,Bulk,,2.1,,,-27.2,0.1,-343.5,20.4,3625,0.662,,,,Liu et al. (2017)
Zhujiang,Zhujiang ,China,Asia,GJ4-rainy,8,26,2014,23.57,111.15,SS,Bulk,,2.3,,,-28.6,0.1,-296.2,17.6,2945,0.709,,,,Liu et al. (2017)
Zhujiang,Zhujiang ,China,Asia,XJ1-rainy,8,26,2014,25.43,103.87,SS,Bulk,,11.9,,,-27.4,0.1,-263.7,14.9,2580,0.742,,,,Liu et al. (2017)
Zhujiang,Zhujiang ,China,Asia,XJ2-rainy,8,26,2014,24.65,106.11,SS,Bulk,,7.8,,,-26.9,0.1,-219.9,12.4,1955,0.786,,,,Liu et al. (2017)
Zhujiang,Zhujiang ,China,Asia,XJ3-rainy,9,1,2014,24.96,106.3,SS,Bulk,,9.5,,,-25,0.1,-305,17.6,3085,0.7,,,,Liu et al. (2017)
Zhujiang,Zhujiang ,China,Asia,XJ4-rainy,8,31,2014,23.56,108.95,SS,Bulk,,1.3,,,-26.3,0.1,-217.4,12.3,1920,0.789,,,,Liu et al. (2017)
Zhujiang,Zhujiang ,China,Asia,XJ5-rainy,9,2,2014,23.4,109.95,SS,Bulk,,0.9,,,-25.6,0.1,-348.8,20.5,3730,0.656,,,,Liu et al. (2017)
Zhujiang,Zhujiang ,China,Asia,XJ6-rainy,9,3,2014,23.35,111.49,SS,Bulk,,2.5,,,-26.1,0.1,-218.8,12.4,1940,0.787,,,,Liu et al. (2017)
Zhujiang,Zhujiang ,China,Asia,BJ-rainy,9,3,2014,23.28,112.91,SS,Bulk,,4.1,,,-31.8,0.1,-126.4,7.1,985,0.88,,,,Liu et al. (2017)
Zhujiang,Zhujiang ,China,Asia,DJ-rainy,1,21,2014,23.16,114.33,SS,Bulk,,5.2,,,-27.6,0.1,-284.5,16.1,2800,0.721,,,,Liu et al. (2017)
Zhujiang,Zhujiang ,China,Asia,YJ1-dry,1,23,2015,22.68,108.28,SS,Bulk,,1.8,,,-25.7,0.1,-224.7,2,2010,0.781,,,,Liu et al. (2017)
Zhujiang,Zhujiang ,China,Asia,YJ2-dry,1,25,2015,23.13,109.97,SS,Bulk,413.2,1.3,0.3,,-26.2,0.1,-187.7,4.6,1640,0.819,,,,Liu et al. (2017)
Zhujiang,Zhujiang ,China,Asia,LJ3-dry,1,26,2015,24.01,109.7,SS,Bulk,101.6,0.8,0.76,,-26.6,0.1,-274.2,2.6,2735,0.732,,,,Liu et al. (2017)
Zhujiang,Zhujiang ,China,Asia,GJ-QST-dry,1,26,2015,25.43,110.37,SS,Bulk,74.2,1.3,1.7,,-25,0.1,-166.8,1.3,1355,0.84,,,,Liu et al. (2017)
Zhujiang,Zhujiang ,China,Asia,GJ1-dry,1,28,2015,25.17,110.37,SS,Bulk,,0.6,,,-26.1,0.1,-289.5,2.6,2835,0.716,,,,Liu et al. (2017)
Zhujiang,Zhujiang ,China,Asia,GJ3-dry,1,17,2015,24.39,110.71,SS,Bulk,,0.8,,,-25.9,0.1,-262.8,2.4,2540,0.743,,,,Liu et al. (2017)
Zhujiang,Zhujiang ,China,Asia,XJ1-dry,1,16,2015,25.43,103.87,SS,Bulk,204.6,1.6,0.79,,-26.6,0.1,-305,2.3,3085,0.7,,,,Liu et al. (2017)
Zhujiang,Zhujiang ,China,Asia,XJ2-dry,1,16,2015,24.65,106.11,SS,Bulk,,0.8,,,-26,0.1,-407.1,3.8,4745,0.598,,,,Liu et al. (2017)
Zhujiang,Zhujiang ,China,Asia,XJ3-dry,1,24,2015,24.96,106.3,SS,Bulk,135.4,0.6,0.47,,-26,0.1,-323.6,2.9,3380,0.682,,,,Liu et al. (2017)
Zhujiang,Zhujiang ,China,Asia,XJ4-dry,1,23,2015,23.56,108.95,SS,Bulk,353,0.5,0.14,,-27.5,0.1,-247.9,2.1,2235,0.758,,,,Liu et al. (2017)
Zhujiang,Zhujiang ,China,Asia,XJ5-dry,1,29,2015,23.4,109.95,SS,Bulk,,0.9,,,-24.8,0.1,-204.3,1.7,1775,0.802,,,,Liu et al. (2017)
Zhujiang,Zhujiang ,China,Asia,XJ6-dry,1,30,2015,23.35,111.49,SS,Bulk,395,0.8,0.19,,-27.9,0.1,-287.4,2.6,2820,0.718,,,,Liu et al. (2017)
Zhujiang,Zhujiang ,China,Asia,BJ-dry,1,30,2015,23.28,112.91,SS,Bulk,101.2,1.5,1.52,,-29.7,0.1,-304.5,3,3075,0.701,,,,Liu et al. (2017)
Zhujiang,Zhujiang ,China,Asia,DJ-dry,8,,2015,23.16,114.33,SS,Bulk,98,1.4,1.43,,-29.5,0.1,-147.8,1.2,1235,0.859,,,,Liu et al. (2017)
Zhujiang,Zhujiang ,China,Asia,XLLQ1097-Boluo,5,,1998,23.16,114.3,SS,Bulk,,,0.9,0.02,-22.6,< 0.2,-118,10,1010,0.887,,,,Wei et al. (2010)
Zhujiang,Zhujiang ,China,Asia,XLLQ1098-Boluo,8,,2000,23.16,114.3,SS,Bulk,,,1.2,0.02,-23.3,< 0.2,-89,7,750,0.917,,,,Wei et al. (2010)
Zhujiang,Zhujiang ,China,Asia,XLLQ1100-Boluo,5,,2000,23.16,114.3,SS,Bulk,,,0.8,0.02,-22,< 0.2,-65,7,540,0.941,,,,Wei et al. (2010)
Zhujiang,Zhujiang ,China,Asia,XLLQ1101-Boluo,6,,2000,23.16,114.3,SS,Bulk,,,1.3,0.03,-23.3,< 0.2,-193,10,1720,0.812,,,,Wei et al. (2010)
Zhujiang,Zhujiang ,China,Asia,GZ2484-Boluo,6,,2005,23.16,114.3,SS,Bulk,,,0.98,0.02,-23.8,< 0.2,-74,3,617,0.932,,,,Wei et al. (2010)
Zhujiang,Zhujiang ,China,Asia,XLLQ1102-Makou,8,,2000,23.11,112.8,SS,Bulk,,,1.42,0.03,-22.9,< 0.2,-174,10,1540,0.831,,,,Wei et al. (2010)
Zhujiang,Zhujiang ,China,Asia,XLLQ1103-Makou,3,,2000,23.11,112.8,SS,Bulk,,,2.04,0.04,-23.2,< 0.2,-225,7,2050,0.78,,,,Wei et al. (2010)
Zhujiang,Zhujiang ,China,Asia,GZ2473-Makou,4,,2004,23.11,112.8,SS,Bulk,,,2.82,0.06,-25.2,< 0.2,-368,3,3690,0.636,,,,Wei et al. (2010)
Zhujiang,Zhujiang ,China,Asia,GZ2474-Makou,5,,2004,23.11,112.8,SS,Bulk,,,2.95,0.06,-25.9,< 0.2,-425,4,4445,0.579,,,,Wei et al. (2010)
Zhujiang,Zhujiang ,China,Asia,GZ2475-Makou,6,,2004,23.11,112.8,SS,Bulk,,,1.23,0.02,-23.7,< 0.2,-132,4,1134,0.874,,,,Wei et al. (2010)
Zhujiang,Zhujiang ,China,Asia,GZ2476-Makou,7,,2004,23.11,112.8,SS,Bulk,,,2.29,0.05,-23.7,< 0.2,-289,4,2738,0.716,,,,Wei et al. (2010)
Zhujiang,Zhujiang ,China,Asia,GZ2477-Makou,8,,2004,23.11,112.8,SS,Bulk,,,1.64,0.03,-23.3,< 0.2,-201,4,1798,0.804,,,,Wei et al. (2010)
Zhujiang,Zhujiang ,China,Asia,GZ2478-Makou,9,,2004,23.11,112.8,SS,Bulk,,,1.75,0.04,-23.6,< 0.2,-249,4,2304,0.756,,,,Wei et al. (2010)
Zhujiang,Zhujiang ,China,Asia,GZ2479-Makou,10,,2004,23.11,112.8,SS,Bulk,,,2.78,0.06,-23.8,< 0.2,-364,3,3632,0.64,,,,Wei et al. (2010)
Zhujiang,Zhujiang ,China,Asia,GZ2480-Makou,12,,2004,23.11,112.8,SS,Bulk,,,2.05,0.04,-24.7,< 0.2,-282,4,2658,0.723,,,,Wei et al. (2010)
Zhujiang,Zhujiang ,China,Asia,GZ2481-Makou,6,,2004,23.11,112.8,SS,Bulk,,,2.57,0.05,-26.1,< 0.2,-343,4,3374,0.661,,,,Wei et al. (2010)
Zhujiang,Zhujiang ,China,Asia,GZ2482-Makou,8,,2005,23.11,112.8,SS,Bulk,,,1.86,0.04,-23.1,< 0.2,-219,4,1983,0.786,,,,Wei et al. (2010)
Zhujiang,Zhujiang ,China,Asia,XLLQ1104-Hekou,6,,2000,23.16,112.82,SS,Bulk,,,1.6,0.03,-24.1,< 0.2,-175,12,1550,0.83,,,,Wei et al. (2010)
Zhujiang,Zhujiang ,China,Asia,GZ2483-Hekou,8,,2005,23.16,112.82,SS,Bulk,,,2.07,0.04,-23.8,< 0.2,-254,4,2349,0.751,,,,Wei et al. (2010)
Zhujiang,Zhujiang ,China,Asia,GZ2485-Hekou,,,2004,23.16,112.82,SS,Bulk,,,1.2,0.02,-21.9,< 0.2,-245,3,2254,0.76,,,,Wei et al. (2010)
Zhujiang,Zhujiang ,China,Asia,Guangzhou,7,12,2018,23.09,113.49,SS,Bulk,,,,,-27.8,,-249.6,,2240,0.757,,,,Eglinton et al. (2021)
Alp,Erlenbach ,Switzerland,Europe,SUERC-40494,7,12,2010,48.71,8.74,SS,Bulk,508,10.4,2.04,< 0.06,-27.6,< 0.05,-317.9,3.5,3073,0.68,0.19,11,,Smith et al. (2013)
Alp,Erlenbach ,Switzerland,Europe,SUERC-39226,7,29,2010,48.71,8.74,SS,Bulk,4128.4,47.2,1.14,< 0.06,-26.5,< 0.05,-328,3.2,3193,0.67,0.13,8.5,,Smith et al. (2013)
Alp,Erlenbach ,Switzerland,Europe,SUERC-39232,7,12,2010,48.71,8.74,SS,Bulk,1569.5,18.7,1.19,< 0.06,-26.2,< 0.05,-530.5,2.3,6074,0.47,0.14,8.8,,Smith et al. (2013)
Alp,Erlenbach ,Switzerland,Europe,SUERC-39229,7,12,2010,48.71,8.74,SS,Bulk,10344,214.8,2.08,< 0.06,-26.7,< 0.05,-256.5,3.5,2381,0.74,0.16,13.3,,Smith et al. (2013)
Alp,Erlenbach ,Switzerland,Europe,SUERC-39230,7,12,2010,48.71,8.74,SS,Bulk,8498.9,145.2,1.71,< 0.06,-26.7,< 0.05,-314.4,3.2,3033,0.69,0.14,12,,Smith et al. (2013)
Alp,Erlenbach ,Switzerland,Europe,SUERC-39231,6,,2010,48.71,8.74,SS,Bulk,14063.1,228.5,1.62,< 0.06,-26.3,< 0.05,-333.8,3.2,3262,0.67,0.15,10.9,,Smith et al. (2013)
Danube,Danube ,Romania,Europe,Upstream of Tulcea,6,,2013,45.22,28.76,PST,Bulk,69,1.3,1.85,,-28.2,,-112.4,1.4,896.2,0.894,,,,Freymond et al. (2018)
Danube,Danube ,Romania,Europe,Upstream of Tulcea,6,,2013,45.22,28.76,PST,Bulk,50,0.9,1.78,,-28.4,,-89.6,1.2,692.6,0.917,,,,Freymond et al. (2018)
Danube,Danube ,Romania,Europe,Upstream of Tulcea,6,,2013,45.22,28.76,PST,Bulk,60,0.8,1.34,,-28,,-127.7,1.8,1036.5,0.879,,,,Freymond et al. (2018)
Danube,Danube ,Romania,Europe,Upstream of Tulcea,6,,2013,45.22,28.76,PST,Bulk,63,1.1,1.76,,-36.3,,-134.7,1.8,1100.6,0.872,,,,Freymond et al. (2018)
Danube,Danube ,Romania,Europe,Upstream of Tulcea,6,,2013,45.22,28.76,PST,Bulk,36,0.7,1.9,,-28.3,,-133.3,2.1,1088,0.873,,,,Freymond et al. (2018)
Danube,Danube ,Romania,Europe,Upstream of Tulcea,6,,2013,45.22,28.76,PST,Bulk,68,1.3,1.89,,-27.7,,-122.7,1.3,990.8,0.884,,,,Freymond et al. (2018)
Danube,Danube ,Romania,Europe,Upstream of Tulcea,6,,2013,45.22,28.76,PST,Bulk,54,0.8,1.41,,-27.7,,-132.3,2.1,1079.1,0.874,,,,Freymond et al. (2018)
Danube,Danube ,Romania,Europe,Upstream of Tulcea,6,,2013,45.22,28.76,PST,Bulk,70,1,1.38,,-27.6,,-126.6,2.3,1026.5,0.88,,,,Freymond et al. (2018)
Danube,Danube ,Romania,Europe,Upstream of Tulcea,6,,2013,45.22,28.76,PST,Bulk,30,0.4,1.45,,-28.4,,-121.9,1.5,983.5,0.885,,,,Freymond et al. (2018)
Danube,Danube ,Romania,Europe,Upstream of Tulcea,6,,2013,45.22,28.76,PST,Bulk,39,0.7,1.86,,-28.1,,-154.8,1.8,1289.8,0.852,,,,Freymond et al. (2018)
Danube,Danube ,Romania,Europe,Upstream of Tulcea,6,,2013,45.22,28.76,PST,Bulk,39,0.6,1.48,,-28,,-102.9,1.2,810.8,0.904,,,,Freymond et al. (2018)
Danube,Danube ,Romania,Europe,Upstream of Tulcea,9,,2013,45.22,28.76,PST,Bulk,45,0.6,1.43,,-27.7,,-144.5,1.7,1192.5,0.862,,,,Freymond et al. (2018)
Danube,Danube ,Romania,Europe,Upstream of Tulcea,9,,2014,45.22,28.76,PST,Bulk,44,0.8,1.8,,-28.1,,-50.1,1,351,0.957,,,,Freymond et al. (2018)
Danube,Danube ,Romania,Europe,Upstream of Tulcea,9,,2014,45.22,28.76,PST,Bulk,40,0.7,1.86,,-28,,-22.9,0.5,123.9,0.985,,,,Freymond et al. (2018)
Danube,Danube ,Romania,Europe,Upstream of Tulcea,9,,2014,45.22,28.76,PST,Bulk,38,0.7,1.82,,-28,,14.2,0.2,modern,1.022,,,,Freymond et al. (2018)
Danube,Danube ,Romania,Europe,Upstream of Tulcea,9,,2014,45.22,28.76,PST,Bulk,47,0.9,1.98,,-27.3,,-126.7,1.5,1026.3,0.88,,,,Freymond et al. (2018)
Danube,Danube ,Romania,Europe,Upstream of Tulcea,9,,2014,45.22,28.76,PST,Bulk,45,0.8,1.87,,-27.6,,-56,0.7,400.6,0.951,,,,Freymond et al. (2018)
Danube,Danube ,Romania,Europe,Upstream of Tulcea,9,,2014,45.22,28.76,PST,Bulk,29,0.4,1.32,,-28,,-88.9,1.2,685.5,0.918,,,,Freymond et al. (2018)
Danube,Danube ,Romania,Europe,Upstream of Tulcea,9,,2014,45.22,28.76,PST,Bulk,25,0.5,1.9,,-27.7,,-63.3,0.8,463.4,0.944,,,,Freymond et al. (2018)
Danube,Danube ,Romania,Europe,Upstream of Tulcea,9,,2014,45.22,28.76,PST,Bulk,47,0.9,2.02,,-27.5,,-42.4,0.5,285.4,0.965,,,,Freymond et al. (2018)
Danube,Danube ,Romania,Europe,Upstream of Tulcea,9,,2014,45.22,28.76,PST,Bulk,58,1,1.67,,-19.1,,-5.2,0.1,modern,1.003,,,,Freymond et al. (2018)
Danube,Danube ,Romania,Europe,Upstream of Tulcea,9,,2014,45.22,28.76,PST,Bulk,57,1.1,1.89,,-27.7,,-27.9,0.4,165.1,0.98,,,,Freymond et al. (2018)
Danube,Danube ,Romania,Europe,Upstream of Tulcea,9,,2014,45.22,28.76,PST,Bulk,59,1.4,2.41,,-27.3,,5.6,0.1,modern,1.013,,,,Freymond et al. (2018)
Danube,Danube ,Romania,Europe,Upstream of Tulcea,9,,2014,45.22,28.76,PST,Bulk,,,1.47,,-27.5,,-24.4,0.3,136.4,0.983,,,,Freymond et al. (2018)
Danube,Danube ,Romania,Europe,Upstream of Tulcea,9,,2014,45.22,28.76,PST,Bulk,54,0.9,1.75,,-27.4,,-42.3,0.5,285.4,0.965,,,,Freymond et al. (2018)
Dulnain,Dulnain ,Scotland,Europe,Dulnain Bridge,,,2016,-3.7,57.3,SS,Bulk,,,,,-28.2,,-105.6,,833,0.902,,,,Eglinton et al. (2021)
Earn,Earn ,Scotland,Europe,Bridge of Earn,,,2016,-3.4,56.35,SS,Bulk,,,,,-28.9,,-127.5,,1032,0.879,,,,Eglinton et al. (2021)
Efri Haukadalsá,Efri Haukadalsá ,Iceland,Europe,LHWS1-2,8,,2016,65.06,-21.48,SS,Bulk,,,0.41,,-26.4,,-68.7,0.1,505,0.939,,,,Torres et al. (2020)
Efri Haukadalsá,Efri Haukadalsá ,Iceland,Europe,LHWS1,8,,2016,65.06,-21.48,SS,Bulk,,,0.23,,-26.8,,-187.9,0.4,1610,0.819,,,,Torres et al. (2020)
Efri Haukadalsá,Efri Haukadalsá ,Iceland,Europe,LHWS2-a,8,,2016,65.06,-21.32,SS,Bulk,,,0.24,,-27.7,,-141,0.3,1160,0.866,,,,Torres et al. (2020)
Efri Haukadalsá,Efri Haukadalsá ,Iceland,Europe,LHWS3,8,,2016,65.06,-21.26,SS,Bulk,,,0.52,,-27.6,,-142.9,0.3,1180,0.864,,,,Torres et al. (2020)
Efri Haukadalsá,Efri Haukadalsá ,Iceland,Europe,LHWS6,8,,2016,65.06,-21.58,SS,Bulk,,,0.54,,-28.1,,-66.7,0.1,490,0.941,,,,Torres et al. (2020)
Efri Haukadalsá,Efri Haukadalsá ,Iceland,Europe,LHWS7,8,,2016,65.06,-21.39,SS,Bulk,,,0.2,,-26.1,,-125.3,0.3,1010,0.882,,,,Torres et al. (2020)
Efri Haukadalsá,Efri Haukadalsá ,Iceland,Europe,LHWS-82,8,,2016,65.06,-21.39,SS,Bulk,,,0.4,,-27.7,,-55.2,0.1,390,0.952,,,,Torres et al. (2020)
Efri Haukadalsá,Efri Haukadalsá ,Iceland,Europe,LHWS13,8,,2016,65.07,-21.36,SS,Bulk,,,0.68,,-28.6,,-46.1,0.1,315,0.962,,,,Torres et al. (2020)
Avon ,Avon ,England,Europe,Avon,10,22,2013,50.72,-1.76,SS,Bulk,10,2.5,24.53,,-28.3,,-93.9,4.4,731,0.913,,,,Adams et al. (2015)
Avon ,Avon ,England,Europe,Avon,2,6,2014,50.72,-1.76,SS,Bulk,2.8,0.5,17.57,,-29.9,,-112.3,3.2,895,0.895,,,,Adams et al. (2015)
Avon ,Avon ,England,Europe,Avon,4,23,2014,50.72,-1.76,SS,Bulk,14.8,2.5,17.16,,,,-73.7,5.2,553,0.933,,,,Adams et al. (2015)
Avon ,Avon ,England,Europe,Avon,8,28,2014,50.72,-1.76,SS,Bulk,4.8,0.8,17,,-30.1,,-73.8,4.4,554,0.933,,,,Adams et al. (2015)
Conwy ,Conwy ,England,Europe,Conwy,1,7,2014,53.14,-3.8,SS,Bulk,3.6,0.5,12.94,,-28.5,,-94.7,4.6,737,0.912,,,,Adams et al. (2015)
Conwy ,Conwy ,England,Europe,Conwy,1,27,2014,53.14,-3.8,SS,Bulk,1.4,0.4,29.86,,,,-99,3.1,775,0.908,,,,Adams et al. (2015)
Conwy ,Conwy ,England,Europe,Conwy,2,14,2014,53.14,-3.8,SS,Bulk,2.6,2,75.25,,-29.2,,-21,5,108,0.987,,,,Adams et al. (2015)
Conwy ,Conwy ,England,Europe,Conwy,10,22,2014,53.14,-3.8,SS,Bulk,3.2,1,31.04,,-28.3,,-7.7,4.7,modern,1,,,,Adams et al. (2015)
Cottage Hill Sike ,Cottage Hill Sike ,England,Europe,P3-pipe,8,19,2009,54.68,-2.38,SS,Bulk,,,,,-27.6,0.16,94.6,0.51,modern,1.102,,,,Billett et al. (2012b)
Cottage Hill Sike ,Cottage Hill Sike ,England,Europe,P3-pipe,8,20,2009,54.68,-2.38,SS,Bulk,,,,,-27.6,0.16,50.8,0.49,modern,1.058,,,,Billett et al. (2012b)
Cottage Hill Sike ,Cottage Hill Sike ,England,Europe,P3-pipe,8,20,2009,54.68,-2.38,SS,Bulk,,,,,-27.7,0.16,25.8,0.45,modern,1.033,,,,Billett et al. (2012b)
Cottage Hill Sike ,Cottage Hill Sike ,England,Europe,P6-pipe,8,19,2009,54.68,-2.38,SS,Bulk,,,,,-28.5,0.16,-70,0.43,525.3,0.937,,,,Billett et al. (2012b)
Cottage Hill Sike ,Cottage Hill Sike ,England,Europe,P6-pipe,8,20,2009,54.68,-2.38,SS,Bulk,,,,,-26.4,0.16,19.4,0.45,modern,1.027,,,,Billett et al. (2012b)
Cottage Hill Sike ,Cottage Hill Sike ,England,Europe,P6-pipe,8,20,2009,54.68,-2.38,SS,Bulk,,,,,-27.5,0.16,-73.9,0.44,559.7,0.933,,,,Billett et al. (2012b)
Cottage Hill Sike ,Cottage Hill Sike ,England,Europe,CHS,8,19,2009,54.68,-2.38,SS,Bulk,,,,,-27.5,0.16,39.4,0.48,modern,1.047,,,,Billett et al. (2012b)
Cottage Hill Sike ,Cottage Hill Sike ,England,Europe,CHS,8,20,2009,54.68,-2.38,SS,Bulk,,,,,-27.4,0.16,31.7,0.48,modern,1.039,,,,Billett et al. (2012b)
Cottage Hill Sike ,Cottage Hill Sike ,England,Europe,CHS,8,20,2009,54.68,-2.38,SS,Bulk,,,,,-26.9,0.16,25.1,0.45,modern,1.032,,,,Billett et al. (2012b)
Cottage Hill Sike ,Cottage Hill Sike ,England,Europe,P3-pipe,11,16,2009,54.68,-2.38,SS,Bulk,,,,,-27.1,0.16,19.5,0.45,modern,1.027,,,,Billett et al. (2012b)
Cottage Hill Sike ,Cottage Hill Sike ,England,Europe,P3-pipe,11,16,2009,54.68,-2.38,SS,Bulk,,,,,-27.1,0.16,86.9,0.5,modern,1.095,,,,Billett et al. (2012b)
Cottage Hill Sike ,Cottage Hill Sike ,England,Europe,P3-pipe,11,16,2009,54.68,-2.38,SS,Bulk,,,,,-26.3,0.16,78.9,0.5,modern,1.087,,,,Billett et al. (2012b)
Cottage Hill Sike ,Cottage Hill Sike ,England,Europe,P3-pipe,11,17,2009,54.68,-2.38,SS,Bulk,,,,,-26.7,0.16,70,0.5,modern,1.078,,,,Billett et al. (2012b)
Cottage Hill Sike ,Cottage Hill Sike ,England,Europe,P3-pipe,11,18,2009,54.68,-2.38,SS,Bulk,,,,,-27.3,0.16,80.2,0.4,modern,1.088,,,,Billett et al. (2012b)
Cottage Hill Sike ,Cottage Hill Sike ,England,Europe,P6-pipe,11,16,2009,54.68,-2.38,SS,Bulk,,,,,-27.6,0.16,-84.5,0.46,651.5,0.922,,,,Billett et al. (2012b)
Cottage Hill Sike ,Cottage Hill Sike ,England,Europe,P6-pipe,11,16,2009,54.68,-2.38,SS,Bulk,,,,,-27.2,0.16,32.7,0.46,modern,1.04,,,,Billett et al. (2012b)
Cottage Hill Sike ,Cottage Hill Sike ,England,Europe,P6-pipe,11,16,2009,54.68,-2.38,SS,Bulk,,,,,-27.1,0.16,49.8,0.49,modern,1.057,,,,Billett et al. (2012b)
Cottage Hill Sike ,Cottage Hill Sike ,England,Europe,P6-pipe,11,17,2009,54.68,-2.38,SS,Bulk,,,,,-27,0.16,69.8,0.5,modern,1.077,,,,Billett et al. (2012b)
Cottage Hill Sike ,Cottage Hill Sike ,England,Europe,P6-pipe,11,18,2009,54.68,-2.38,SS,Bulk,,,,,-27,0.16,-31.2,0.45,197.6,0.976,,,,Billett et al. (2012b)
Cottage Hill Sike ,Cottage Hill Sike ,England,Europe,P8-pipe,11,16,2009,54.68,-2.38,SS,Bulk,,,,,-26.7,0.16,101,0.51,modern,1.109,,,,Billett et al. (2012b)
Cottage Hill Sike ,Cottage Hill Sike ,England,Europe,P8-pipe,11,16,2009,54.68,-2.38,SS,Bulk,,,,,-26.8,0.16,107.3,0.51,modern,1.115,,,,Billett et al. (2012b)
Cottage Hill Sike ,Cottage Hill Sike ,England,Europe,CHS,11,16,2009,54.68,-2.38,SS,Bulk,,,,,-27,0.16,51.2,0.47,modern,1.059,,,,Billett et al. (2012b)
Cottage Hill Sike ,Cottage Hill Sike ,England,Europe,CHS,11,16,2009,54.68,-2.38,SS,Bulk,,,,,-27.2,0.16,19.1,0.45,modern,1.026,,,,Billett et al. (2012b)
Cottage Hill Sike ,Cottage Hill Sike ,England,Europe,CHS,11,16,2009,54.68,-2.38,SS,Bulk,,,,,-26.8,0.16,80.9,0.5,modern,1.089,,,,Billett et al. (2012b)
Cottage Hill Sike ,Cottage Hill Sike ,England,Europe,CHS,11,17,2009,54.68,-2.38,SS,Bulk,,,,,-26.8,0.16,58.4,0.47,modern,1.066,,,,Billett et al. (2012b)
Cottage Hill Sike ,Cottage Hill Sike ,England,Europe,CHS,11,18,2009,54.68,-2.38,SS,Bulk,,,,,-26.7,0.16,81,0.5,modern,1.089,,,,Billett et al. (2012b)
Dee ,Dee ,England,Europe,Gairn,1,7,2009,57.06,-3.07,SS,Bulk,0.7,0.4,47.41,,-28.5,,-94.1,4.6,732,0.913,,,,Adams et al. (2015)
Dee ,Dee ,England,Europe,Gairn,2,26,2009,57.06,-3.07,SS,Bulk,0.8,0.6,70.95,,,,-90.5,3.4,700,0.917,,,,Adams et al. (2015)
Dee ,Dee ,England,Europe,Gairn,3,16,2009,57.06,-3.07,SS,Bulk,0.9,0.3,33.95,,-27,,-41.6,4.7,279,0.966,,,,Adams et al. (2015)
Dee ,Dee ,England,Europe,Dee A,1,7,2014,57.09,-2.23,SS,Bulk,1.7,0.2,14.43,,-27.9,,-62.6,4.4,457,0.945,,,,Adams et al. (2015)
Dee ,Dee ,England,Europe,Dee A,2,26,2014,57.09,-2.23,SS,Bulk,0.6,0.2,39.37,,-28.2,,-104.8,5,827,0.902,,,,Adams et al. (2015)
Dee ,Dee ,England,Europe,Dee A,3,16,2014,57.09,-2.23,SS,Bulk,0.7,0.2,36.86,,-27.2,,-119.2,5.2,957,0.888,,,,Adams et al. (2015)
Dee ,Dee ,England,Europe,Dee B,1,7,2014,57.14,-2.09,SS,Bulk,1.8,0.4,19.49,,-27.8,,-69.6,4.4,517,0.938,,,,Adams et al. (2015)
Dee ,Dee ,England,Europe,Dee B,2,26,2014,57.14,-2.09,SS,Bulk,0.7,0.2,36.13,,,,-111.2,5.1,885,0.896,,,,Adams et al. (2015)
Dee ,Dee ,England,Europe,Dee B,3,16,2014,57.14,-2.09,SS,Bulk,0.6,0.3,45.65,,-27.6,,-110.5,4.9,878,0.896,,,,Adams et al. (2015)
Dee ,Dee ,England,Europe,Dee B,3,21,2014,57.14,-2.09,SS,Bulk,0.8,,,,-27.7,,-82.3,4.8,628,0.925,,,,Adams et al. (2015)
Ribble ,Ribble ,England,Europe,Calder,10,4,2013,53.82,-2.41,SS,Bulk,159.4,5.3,3.34,,-28.2,,-249.4,4.7,2243,0.756,,,,Adams et al. (2015)
Ribble ,Ribble ,England,Europe,Calder,10,22,2013,53.82,-2.41,SS,Bulk,60,2.4,4.02,,-27.5,,-311.3,4.4,2935,0.694,,,,Adams et al. (2015)
Ribble ,Ribble ,England,Europe,Calder,1,2,2014,53.82,-2.41,SS,Bulk,28.8,3.2,11.05,,-28.2,,-182,4.4,1552,0.824,,,,Adams et al. (2015)
Ribble ,Ribble ,England,Europe,Calder,1,7,2014,53.82,-2.41,SS,Bulk,6.8,1,14.25,,-28.5,,-194.2,4.6,1672,0.812,,,,Adams et al. (2015)
Ribble ,Ribble ,England,Europe,Hodder,10,4,2013,53.85,-2.45,SS,Bulk,15.4,1.8,11.91,,-28.6,,-101,4.3,794,0.906,,,,Adams et al. (2015)
Ribble ,Ribble ,England,Europe,Hodder,10,22,2013,53.85,-2.45,SS,Bulk,12.6,3.7,29.27,,-28.6,,-88.9,4.6,687,0.918,,,,Adams et al. (2015)
Ribble ,Ribble ,England,Europe,Hodder,1,2,2014,53.85,-2.45,SS,Bulk,23.6,3,12.6,,-28.8,,-87.5,4.4,673,0.92,,,,Adams et al. (2015)
Ribble ,Ribble ,England,Europe,Hodder,1,7,2014,53.85,-2.45,SS,Bulk,5.6,0.5,9.36,,,,-100.9,4.3,792,0.906,,,,Adams et al. (2015)
Ribble ,Ribble ,England,Europe,Ribble A,10,4,2013,53.85,-2.42,SS,Bulk,21.6,2.7,12.55,,-25.2,,-110.3,4.6,878,0.896,,,,Adams et al. (2015)
Ribble ,Ribble ,England,Europe,Ribble A,10,22,2013,53.85,-2.42,SS,Bulk,13.8,2.6,18.51,,-28.6,,-123.2,4.6,995,0.883,,,,Adams et al. (2015)
Ribble ,Ribble ,England,Europe,Ribble A,1,2,2014,53.85,-2.42,SS,Bulk,19.6,1.2,6.03,,-29.1,,-104.6,4.6,825,0.902,,,,Adams et al. (2015)
Ribble ,Ribble ,England,Europe,Ribble A,1,7,2014,53.85,-2.42,SS,Bulk,2.2,0.4,18.59,,-29.3,,-107.3,4.6,850,0.9,,,,Adams et al. (2015)
Ribble ,Ribble ,England,Europe,Ribble B,10,4,2013,53.77,-2.62,SS,Bulk,53.6,5.3,9.96,,-28.6,,-153.1,4.6,1274,0.853,,,,Adams et al. (2015)
Ribble ,Ribble ,England,Europe,Ribble B,10,22,2013,53.77,-2.62,SS,Bulk,12,3.4,28.6,,-28.6,,-153,4.6,1273,0.853,,,,Adams et al. (2015)
Ribble ,Ribble ,England,Europe,Ribble B,1,2,2014,53.77,-2.62,SS,Bulk,14.4,2.3,15.89,,-28.7,,-118.5,4.7,951,0.888,,,,Adams et al. (2015)
Ribble ,Ribble ,England,Europe,Ribble B,1,7,2014,53.77,-2.62,SS,Bulk,21.2,0.5,2.31,,-28.8,,-156.6,4.6,1306,0.85,,,,Adams et al. (2015)
Meuse,Meuse ,Netherlands,Europe,Eijsden,1,12,1993,50.77,5.69,SS,Bulk,,,4.4,,-27.1,0.1,-40,0.5-0.7,286.1,0.965,,,,Megens et al. (2001)
Mezen,Mezen ,Russia,Europe,,6/7 ,,1994,66.03,44.1,SS,Bulk,209.3,1.8,0.85,0.01,-25.9,0.5,,,,,0.06,13.2,,Lobbes et al. (2000)
Moroyyakha,Moroyyakha ,Russia,Europe,,6/7 ,,1994,70.2,67.47,SS,Bulk,102,1.3,1.29,0.01,-26.3,0.5,,,,,0.17,7.6,,Lobbes et al. (2000)
Po,Po ,Italy,Europe,Moderate Top Pila-North,4,23,2009,44.92,12.58,SS,Bulk,3.3,0.2,6.1,2.9,-23.8,0.5,,,,,1.08,5.6,,Tesi et al. (2011)
Po,Po ,Italy,Europe,Moderate Top Tolle-Center,4,23,2009,44.92,12.58,SS,Bulk,2.9,0.2,7.8,3,-24.6,1.2,,,,,1.46,5.4,,Tesi et al. (2011)
Po,Po ,Italy,Europe,Moderate Top Goro/Gnocca-South,4,23,2009,44.92,12.58,SS,Bulk,2.8,0.2,7.3,2.8,-24.9,0.4,,,,,1.36,5.4,,Tesi et al. (2011)
Po,Po ,Italy,Europe,Moderate Bottom Pila-North,4,23,2009,44.92,12.58,SS,Bulk,3.5,0.2,5.3,2.4,-23.8,0.5,,,,,0.92,5.7,,Tesi et al. (2011)
Po,Po ,Italy,Europe,Moderate Bottom Tolle-Center,4,23,2009,44.92,12.58,SS,Bulk,5.9,0.2,2.9,1.6,-24.3,0.6,,,,,0.54,5.4,,Tesi et al. (2011)
Po,Po ,Italy,Europe,Moderate Bottom Goro/Gnocca-South,4,23,2009,44.92,12.58,SS,Bulk,4.1,0.1,3.4,2.6,-24.3,0.4,,,,,0.63,5.5,,Tesi et al. (2011)
Po,Po ,Italy,Europe,Peak Top Pila-North,4,23,2009,44.92,12.58,SS,Bulk,10.2,0.5,5.1,4.2,-24.6,1.1,,,,,0.9,6.1,,Tesi et al. (2011)
Po,Po ,Italy,Europe,Peak Top Tolle-Center,4,23,2009,44.92,12.58,SS,Bulk,10.3,0.3,3.2,1.3,-24.9,0.5,,,,,0.59,5.5,,Tesi et al. (2011)
Po,Po ,Italy,Europe,Peak Top Goro/Gnocca-South,4,23,2009,44.92,12.58,SS,Bulk,5.7,0.3,5.8,2.1,-25.5,1.3,,,,,1.1,5.3,,Tesi et al. (2011)
Po,Po ,Italy,Europe,Peak Bottom Pila-North,4,23,2009,44.92,12.58,SS,Bulk,3.7,0.2,5.5,2.9,-23.9,0.9,,,,,0.99,5.9,,Tesi et al. (2011)
Po,Po ,Italy,Europe,Peak Bottom Tolle-Center,4,23,2009,44.92,12.58,SS,Bulk,3.8,0.2,4.4,1.3,-24.3,1.6,,,,,0.75,6.3,,Tesi et al. (2011)
Po,Po ,Italy,Europe,Peak Bottom Goro/Gnocca-South,4,23,2009,44.92,12.58,SS,Bulk,2.7,0.1,3.9,0.5,-24.1,0.5,,,,,0.82,4.8,,Tesi et al. (2011)
Rhine,Rhine ,Netherlands,Europe,Lobith,3,11,1993,51.85,6.11,SS,Bulk,,,3.1,,-27,0.1,-79,0.5-0.7,619.3,0.926,,,,Megens et al. (2001)
Rhine,Rhine ,Netherlands,Europe,Lobith,3,13,1996,51.85,6.11,SS,Bulk,,,5.9,,-29.7,0.1,-107,0.5-0.7,864.4,0.898,,,,Megens et al. (2001)
Rhine,Rhine ,Netherlands,Europe,Maassluis,11,10,1993,51.91,4.26,SS,Bulk,,,5,,-26.6,0.1,-93,0.5-0.7,742.3,0.912,,,,Megens et al. (2001)
Rhône,Rhône ,France,Europe,Arles,4,,2006,43.69,4.63,SS,Bulk,,,1.6,0.05,-27.1,0.15,147.7,2.8,modern,1.156,,,,Cathalot et al. (2013)
Rhône,Rhône ,France,Europe,Arles,3,,2007,43.69,4.63,SS,Bulk,,,1.9,0.06,-27.5,0.15,77.8,2.8,modern,1.085,,,,Cathalot et al. (2013)
Rhône,Rhône ,France,Europe,Arles,6,,2008,43.69,4.63,SS,Bulk,,,8,0.24,-25.8,0.15,-495.1,1.7,5433.4,0.508,,,,Cathalot et al. (2013)
Rhône,Rhône ,France,Europe,Arles,9,,2008,43.69,4.63,SS,Bulk,,,1.6,0.05,-27.2,0.15,40.6,3.1,modern,1.048,,,,Cathalot et al. (2013)
Rhône,Rhône ,France,Europe,Arles,11,,2008,43.69,4.63,SS,Bulk,,,2.7,0.08,-26.8,0.15,-89.7,2.6,757,0.917,,,,Cathalot et al. (2013)
Rhône,Rhône ,France,Europe,Arles,2,,2009,43.69,4.63,SS,Bulk,,,1.6,0.05,-27.8,0.15,-37,2.8,304,0.97,,,,Cathalot et al. (2013)
Välipuro,Välipuro ,Finland,Europe,Forested-peat-undrained SUERC-20039,4,29,2008,63.87,28.65,SS,Bulk,,1.7,,,-29.6,,-101.6,0.28,804.5,0.905,,,,Billett et al. (2012a)
Välipuro,Välipuro ,Finland,Europe,Forested-peat-undrained SUERC-20038,5,3,2008,63.87,28.65,SS,Bulk,,1.3,,,-31,,-137.8,0.25,1134.4,0.868,,,,Billett et al. (2012a)
Vaskina,Vaskina ,Russia,Europe,,6/7 ,,1994,68.46,48.46,SS,Bulk,146.8,1,0.68,0.01,-27,0.5,,,,,0.06,10.7,,Lobbes et al. (2000)
Velikaja,Velikaja ,Russia,Europe,,6/7 ,,1994,69.23,49.37,SS,Bulk,118.4,0.5,0.42,0,-26.4,0.5,,,,,0.04,11.2,,Lobbes et al. (2000)
Vizhas,Vizhas ,Russia,Europe,,6/7 ,,1994,66.43,45.54,SS,Bulk,214.3,0.9,0.41,0,-27.1,0.5,,,,,0.03,12.4,,Lobbes et al. (2000)
Alsea,Alsea ,USA,North America,,11,20,2007,44.39,-123.83,SS,<63μm,4,0.4,9.2,,-25.1,< 0.3,5.2,<0.03,modern,1.01,0.99,9.3,,Hatten et al. (2012)
Alsea,Alsea ,USA,North America,,12,20,2007,44.39,-123.83,SS,<63μm,51.4,1.3,2.6,,-25.6,< 0.3,-37.4,<0.2,244.7,0.97,0.22,11.8,,Hatten et al. (2012)
Alsea,Alsea ,USA,North America,,4,12,2007,44.39,-123.83,SS,<63μm,70.5,1.8,2.6,,-25.3,< 0.3,-6.4,<0.03,modern,1,0.2,13,,Hatten et al. (2012)
Alsea,Alsea ,USA,North America,,3,12,2007,44.39,-123.83,SS,<63μm,247,12.8,5.2,,-25.9,< 0.3,32.5,<0.16,modern,1.04,0.38,13.7,,Hatten et al. (2012)
Alsea,Alsea ,USA,North America,,11,15,2007,44.39,-123.83,SS,<63μm,1.3,0.2,15.8,,-24.5,< 0.3,,,,,1.8,8.8,,Hatten et al. (2012)
Alsea,Alsea ,USA,North America,,5,12,2007,44.39,-123.83,SS,<63μm,47.8,1.5,3.1,,-26.4,< 0.3,,,,,0.25,12.4,,Hatten et al. (2012)
Alsea,Alsea ,USA,North America,,3,18,2008,44.39,-123.83,SS,<63μm,8,0.5,6.5,,-25.5,< 0.3,,,,,0.55,11.8,,Hatten et al. (2012)
Alsea,Alsea ,USA,North America,,11,20,2007,44.39,-123.83,SS,>63μm,1,0.2,15.6,,-26.5,< 0.3,22.9,<0.11,modern,1.03,0.97,16.1,,Hatten et al. (2012)
Alsea,Alsea ,USA,North America,,12,20,2007,44.39,-123.83,SS,>63μm,30,1.1,3.8,,-26.6,< 0.3,26.9,<0.13,modern,1.03,0.2,19,,Hatten et al. (2012)
Alsea,Alsea ,USA,North America,,12,4,2007,44.39,-123.83,SS,>63μm,156,9.7,6.2,,-26.5,< 0.3,24.7,<0.12,modern,1.03,0.32,19.4,,Hatten et al. (2012)
Alsea,Alsea ,USA,North America,,12,3,2007,44.39,-123.83,SS,>63μm,150,11.4,7.6,,-26.9,< 0.3,30.6,<0.15,modern,1.04,0.38,20,,Hatten et al. (2012)
Alsea,Alsea ,USA,North America,,5,12,2007,44.39,-123.83,SS,>63μm,21.8,1.5,7,,-26.6,< 0.3,,,,,0.32,21.9,,Hatten et al. (2012)
Alsea,Alsea ,USA,North America,,3,18,2008,44.39,-123.83,SS,>63μm,5.1,0.4,7.6,,-27.5,< 0.3,,,,,0.4,19,,Hatten et al. (2012)
Brazos,Brazos ,USA,North America,BZ,5 and 6,,1986,28.88,-95.38,SS,Bulk,,,1.21,0.02,-18.5,< 0.2,,,,,0.12,11.8,,Onstad et al. (2000)
Brazos,Brazos ,USA,North America,460km middle Brazos,3,5,2009,32.44,-97.77,SS,Bulk,,1.1,,,-32.5,,-45,,312.5,0.962,,,,Zeng. (2010)
Brazos,Brazos ,USA,North America,460km middle Brazos,7,23,2009,32.44,-97.77,SS,Bulk,,1.9,,,-30.9,,-65,,482.6,0.942,,,,Zeng. (2010)
Brazos,Brazos ,USA,North America,460km middle Brazos,10,8,2009,32.44,-97.77,SS,Bulk,,1.4,,,-30,,-50,,354.7,0.957,,,,Zeng. (2010)
Brazos,Brazos ,USA,North America,460km middle Brazos,1,17,2010,32.44,-97.77,SS,Bulk,,1.3,,,-33.4,,-62,,455.9,0.945,,,,Zeng. (2010)
Brazos,Brazos ,USA,North America,344km middle Brazos,1,6,2008,31.56,-97.13,SS,Bulk,,0.7,,,-31.9,,2,,modern,1.009,,,,Zeng. (2010)
Brazos,Brazos ,USA,North America,344km middle Brazos,6,5,2008,31.56,-97.13,SS,Bulk,,1.1,,,-26.8,,71,,modern,1.079,,,,Zeng. (2010)
Brazos,Brazos ,USA,North America,344km middle Brazos,7,3,2008,31.56,-97.13,SS,Bulk,,0.9,,,-34.6,,119,,modern,1.127,,,,Zeng. (2010)
Brazos,Brazos ,USA,North America,344km middle Brazos,10,30,2008,31.56,-97.13,SS,Bulk,,1.1,,,-33.3,,62,,modern,1.069,,,,Zeng. (2010)
Brazos,Brazos ,USA,North America,344km middle Brazos,7,23,2009,31.56,-97.13,SS,Bulk,,1.1,,,-31.1,,62,,modern,1.07,,,,Zeng. (2010)
Brazos,Brazos ,USA,North America,230km lower Brazos,3,5,2009,30.56,-96.43,SS,Bulk,,2,,,-33.7,,-86,,665,0.921,,,,Zeng. (2010)
Brazos,Brazos ,USA,North America,230km lower Brazos,6,13,2007,30.13,-96.19,SS,Bulk,,5.9,,,-28.2,,-458,,4864.7,0.546,,,,Zeng. (2010)
Brazos,Brazos ,USA,North America,160km lower Brazos,11,28,2007,29.81,-96.1,SS,Bulk,,8.3,,,-27.6,,-378,,3758.8,0.626,,,,Zeng. (2010)
Brazos,Brazos ,USA,North America,20km lower Brazos,11,19,2008,29.81,-96.1,SS,Bulk,,8,,,-28.2,,-457,,4849,0.547,,,,Zeng. (2010)
Brazos,Brazos ,USA,North America,0km lower Brazos,11,28,2007,29.03,-95.46,SS,Bulk,,1,,,-28,,-396,,3994.7,0.608,,,,Zeng. (2010)
Colorado,Colorado ,USA,North America,COc,5 and 6,,1986,,,SS,Bulk,,,2.47,0.05,-25.7,< 0.2,,,,,0.26,11.1,,Onstad et al. (2000)
Colorado,Colorado ,USA,North America,COt,5 and 6,,1986,,,SS,Bulk,,,1.33,0.03,-19.7,< 0.2,,,,,0.12,12.9,,Onstad et al. (2000)
Colorado,Colorado ,USA,North America,Colorado River-Cisco,,,October 1996–September 1997,38.81,-109.29,SS,Bulk,318,,,,-26.6,0.28,,,,,,10.4,,Kendall et al. (2001)
Colorado,Colorado ,USA,North America,Colorado River-Lee’s Ferry,,,October 1996–September 1997,36.86,-111.59,SS,Bulk,6,,,,-30.1,0.28,,,,,,15.8,,Kendall et al. (2001)
Colorado,Colorado ,USA,North America,Colorado River-Diamond,,,October 1996–September 1997,35.77,-113.36,SS,Bulk,516,,,,-26.2,0.28,,,,,,7.5,,Kendall et al. (2001)
Colorado,Colorado ,USA,North America,Colorado River-Hoover,,,October 1996–September 1997,36.02,-114.74,SS,Bulk,6,,,,-28.3,0.28,,,,,,7.9,,Kendall et al. (2001)
Colorado,Colorado ,USA,North America,Colorado River-Imperial,,,October 1996–September 1997,32.88,-114.47,SS,Bulk,47,,,,-27.5,0.28,,,,,,7.9,,Kendall et al. (2001)
Colorado,Colorado ,USA,North America,Colorado River-NIB,,,October 1996–September 1997,32.72,-114.72,SS,Bulk,33,,,,-27,0.28,,,,,,9.4,,Kendall et al. (2001)
Colorado,Colorado ,USA,North America,C1,4,24,2013,32.7,-114.74,SS,Bulk,10.8,0.8,0.23,0.05,-25.7,0.1,,,,,0.03,8,,Daesslé et al. (2017)
Colorado,Colorado ,USA,North America,C2,4,24,2013,32.27,-114.98,SS,Bulk,6.6,1.4,0.51,0.05,-28.8,0.1,,,,,0.02,29,,Daesslé et al. (2017)
Colorado,Colorado ,USA,North America,C3,4,24,2013,32.26,-115.06,SS,Bulk,7.2,0.9,0.35,0.05,-30.4,0.1,,,,,0.01,27,,Daesslé et al. (2017)
Colorado,Colorado ,USA,North America,C4,4,24,2013,32.23,-115.06,SS,Bulk,9.2,2.9,1.08,0.05,-34.5,0.1,,,,,0.03,41,,Daesslé et al. (2017)
Colorado,Colorado ,USA,North America,C5,5,14,2013,32.21,-115.17,SS,Bulk,3.5,0.6,0.24,0.05,-28,0.1,,,,,0.01,24,,Daesslé et al. (2017)
Colorado,Colorado ,USA,North America,Confluence C6a,3,20,2013,32.05,-115.13,SS,Bulk,45,6.4,0.94,0.05,-28.6,0.1,,,,,0.01,79,,Daesslé et al. (2017)
Colorado,Colorado ,USA,North America,Confluence C6b,5,14,2013,32.05,-115.13,SS,Bulk,58.3,7.1,1.66,0.05,-30.6,0.1,,,,,0.03,61,,Daesslé et al. (2017)
Colorado,Colorado ,USA,North America,Confluence C6c,5,30,2013,32.05,-115.13,SS,Bulk,47.6,4.4,0.78,0.05,-29.1,0.1,,,,,0.01,76,,Daesslé et al. (2017)
Colorado,Green ,USA,North America,Green River-Green-T,,,October 1996–September 1997,38.99,-110.15,SS,Bulk,1847,,,,-26.3,0.28,,,,,,8.7,,Kendall et al. (2001)
Colorado,Hardy ,USA,North America,Hardy H1,3,20,2013,32.28,-115.31,SS,Bulk,27.2,16.6,2.93,0.05,-32.1,0.1,,,,,0.06,47,,Daesslé et al. (2017)
Colorado,Hardy ,USA,North America,Hardy H2,5,14,2013,32.16,-115.29,SS,Bulk,42,6,1.26,0.05,-32.2,0.1,,,,,0.02,64,,Daesslé et al. (2017)
Colorado,Hardy ,USA,North America,Hardy H3a,3,14,2013,32.09,-115.23,SS,Bulk,68,7.5,1.04,0.05,-26.9,0.1,,,,,0.01,72,,Daesslé et al. (2017)
Colorado,Hardy ,USA,North America,Hardy H3b,5,14,2013,32.09,-115.23,SS,Bulk,24.8,4.4,1.55,0.05,-31.1,0.1,,,,,0.04,37,,Daesslé et al. (2017)
Colorado,Hardy ,USA,North America,Hardy H3c,5,30,2013,32.09,-115.23,SS,Bulk,78.5,22,2.05,0.05,-30.8,0.1,,,,,0.01,157,,Daesslé et al. (2017)
Colorado,Hardy ,USA,North America,Hardy H4a,3,20,2013,32.04,-115.21,SS,Bulk,41.6,10.1,1.81,0.05,-27.7,0.1,,,,,0.03,62,,Daesslé et al. (2017)
Colorado,Hardy ,USA,North America,Hardy H4b,4,24,2013,32.04,-115.21,SS,Bulk,41.7,13.8,2.94,0.05,-28.6,0.1,,,,,0.04,79,,Daesslé et al. (2017)
Colorado,Hardy ,USA,North America,Hardy H4c,5,14,2013,32.04,-115.21,SS,Bulk,48.7,13.3,1.45,0.05,-31.3,0.1,,,,,0.01,163,,Daesslé et al. (2017)
Colorado,San Juan ,USA,North America,San Juan River-San Juan-T,,,October 1996–September 1997,37.15,-109.86,SS,Bulk,3163,,,,-24.5,0.28,,,,,,8.4,,Kendall et al. (2001)
Columbia,Columbia ,USA,North America,Columbia River-Northport,,,October 1996–September 1997,48.92,-117.78,SS,Bulk,7,,,,-28.2,0.28,,,,,,18.8,,Kendall et al. (2001)
Columbia,Columbia ,USA,North America,Columbia River-Vernita,,,October 1996–September 1997,46.64,-119.73,SS,Bulk,5,,,,-28.6,0.28,,,,,,7,,Kendall et al. (2001)
Columbia,Columbia ,USA,North America,Columbia River-Warrendale,,,October 1996–September 1997,45.61,-122.03,SS,Bulk,30,,,,-27.7,0.28,,,,,,12.3,,Kendall et al. (2001)
Columbia,Columbia ,USA,North America,Columbia River-Beaver,,,October 1996–September 1997,46.18,-123.18,SS,Bulk,44,,,,-27.9,0.28,,,,,,9.4,,Kendall et al. (2001)
Columbia,Snake ,USA,North America,Snake River at-Snake-T,,,October 1996–September 1997,46.22,-119.02,SS,Bulk,24,,,,-27.7,0.28,,,,,,9.2,,Kendall et al. (2001)
Columbia,Willamette ,USA,North America,Willamette River-Willamette-T,,,October 1996–September 1997,45.52,-122.67,SS,Bulk,44,,,,-27.7,0.28,,,,,,10,,Kendall et al. (2001)
Connecticut,Connecticut ,USA,North America,,,,1994,41.56,-72.64,SS,Bulk,,,,,-28,< 0.1,-69.2,< 7.0,533.6,0.936,,,,Hossler & Bauer (2012)
Connecticut,Connecticut ,USA,North America,,,,1994,41.56,-72.64,SS,Bulk,,,,,-29.7,< 0.1,-99.5,< 7.0,799.2,0.905,,,,Hossler & Bauer (2012)
Connecticut,Connecticut ,USA,North America,,,,1994,41.56,-72.64,SS,Bulk,,,,,-26.1,< 0.1,15.5,< 7.0,modern,1.021,,,,Hossler & Bauer (2012)
Connecticut,Connecticut ,USA,North America,,,,1994,41.56,-72.64,SS,Bulk,,,,,,,-194.4,< 7.0,1693.5,0.81,,,,Hossler & Bauer (2012)
Connecticut,Connecticut ,USA,North America,,,,1994,41.56,-72.64,SS,Bulk,,,,,-28.3,< 0.1,40.4,< 7.0,modern,1.046,,,,Hossler & Bauer (2012)
Connecticut,Connecticut ,USA,North America,,,,1994,41.56,-72.64,SS,Bulk,,,,,-25.9,< 0.1,62,< 7.0,modern,1.068,,,,Hossler & Bauer (2012)
Connecticut,Connecticut ,USA,North America,,,,1994,41.56,-72.64,SS,Bulk,,,,,-25.6,< 0.1,-33.2,< 7.0,228.8,0.972,,,,Hossler & Bauer (2012)
Connecticut,Connecticut ,USA,North America,,4,,1987,41.56,-72.64,SS,Bulk,,,3.84,0.08,-26.4,< 0.2,,,,,0.37,12.1,,Onstad et al. (2000)
Connecticut,Connecticut ,USA,North America,Lyme,,,2010,41.4,-72.4,SS,Bulk,,,,,-28.8,,,,,,,,,Eglinton et al. (2021)
Delaware,Delaware ,USA,North America,,4,1,2000,40.3,-74.87,SS,Bulk,,0.5,,,-25.6,< 0.1,6,5–10,modern,1.012,,,,Raymond et al. (2004)
Delaware,Delaware ,USA,North America,,,,1994,40.3,-74.87,SS,Bulk,,,,,-28.7,< 0.1,-94.5,< 7.0,755,0.91,,,,Hossler & Bauer (2012)
Delaware,Delaware ,USA,North America,,,,1994,40.3,-74.87,SS,Bulk,,,,,-24.8,< 0.1,-190.5,< 7.0,1655,0.814,,,,Hossler & Bauer (2012)
Delaware,Delaware ,USA,North America,,,,1994,40.3,-74.87,SS,Bulk,,,,,-27.6,< 0.1,-128.6,< 7.0,1063.3,0.876,,,,Hossler & Bauer (2012)
Delaware,Delaware ,USA,North America,,,,1994,40.3,-74.87,SS,Bulk,,,,,-26.1,< 0.1,-221.2,< 7.0,1966,0.783,,,,Hossler & Bauer (2012)
Delaware,Delaware ,USA,North America,,,,1994,40.3,-74.87,SS,Bulk,,,,,-27.6,< 0.1,-126,< 7.0,1038.8,0.879,,,,Hossler & Bauer (2012)
Delaware,Delaware ,USA,North America,,,,1994,40.3,-74.87,SS,Bulk,,,,,-26.2,< 0.1,-74,< 7.0,575.2,0.931,,,,Hossler & Bauer (2012)
Delaware,Delaware ,USA,North America,,,,1994,40.3,-74.87,SS,Bulk,,,,,-22.4,< 0.1,-153.8,< 7.0,1299.2,0.851,,,,Hossler & Bauer (2012)
Delaware,Delaware ,USA,North America,River,8,1,2010,,,SS,Bulk,,,,,-28.8,,-176,0.8,1512.3,0.828,,,,McIntosh (2013)
Delaware,Delaware ,USA,North America,ETM,8,1,2010,,,SS,Bulk,,,,,-25.3,,-229.4,1.6,2050.5,0.775,,,,McIntosh (2013)
Delaware,Delaware ,USA,North America,High turbidity,8,1,2010,,,SS,Bulk,,,,,-23.4,,-101.4,0.5,816.1,0.903,,,,McIntosh (2013)
Delaware,Delaware ,USA,North America,Chl a Max,8,1,2010,,,SS,Bulk,,,,,-23.7,,-38.5,0.2,272.6,0.967,,,,McIntosh (2013)
Delaware,Delaware ,USA,North America,River,10,1,2010,,,SS,Bulk,,,,,-27,,-124.6,,1026.2,0.88,,,,McIntosh (2013)
Delaware,Delaware ,USA,North America,ETM,10,1,2010,,,SS,Bulk,,,,,-24.3,,-70.5,,544.5,0.934,,,,McIntosh (2013)
Delaware,Delaware ,USA,North America,Chl a Max,10,1,2010,,,SS,Bulk,,,,,-22.8,,50.5,,modern,1.056,,,,McIntosh (2013)
Eel,Eel ,USA,North America,,3,15,2008,40.49,-124.1,SS,<63μm,81.2,0.8,0.99,0.05,-25.1,0.1,-510,2.6,5670,0.493,0.1,10.3,,Goñi et al (2013)
Eel,Eel ,USA,North America,,2,25,2008,40.49,-124.1,SS,<63μm,1072.2,8.9,0.83,0.04,-26,0.1,-610,3.1,7510,0.393,0.06,12.9,,Goñi et al (2013)
Eel,Eel ,USA,North America,,1,4,2008,40.49,-124.1,SS,<63μm,3252.8,35.3,1.09,0.05,-26.4,0.1,-444,2.2,4660,0.56,0.09,12,,Goñi et al (2013)
Eel,Eel ,USA,North America,,2,1,2008,40.49,-124.1,SS,<63μm,1909,15.4,0.81,0.04,-25.7,0.1,-542,2.7,6210,0.461,0.06,12.9,,Goñi et al (2013)
Eel,Eel ,USA,North America,SC000227,,,1999 - 2004,40.49,-124.1,SS,<4μm,,,0.9,0.02,-25,0.2,-631.6,,7986.8,0.37,0.07,13.3,,Leithold et al. (2006)
Eel,Eel ,USA,North America,SC000115,,,2000 - 2004,40.49,-124.1,SS,<4μm,,,1,0.02,-25.1,0.2,-550.5,,6414.4,0.45,0.08,13.3,,Leithold et al. (2006)
Eel,Eel ,USA,North America,SC000114,,,2001 - 2004,40.49,-124.1,SS,<4μm,,,1.09,0.02,-25.6,0.2,-470,,5100,0.53,0.08,14.2,,Leithold et al. (2006)
Eel,Eel ,USA,North America,SC000214,,,2002 - 2004,40.49,-124.1,SS,Bulk,,,0.76,0.02,-25.5,0.2,-402.5,,4103.5,0.6,0.05,16,,Leithold et al. (2006)
Eel,Eel ,USA,North America,SC000214,,,2003 - 2004,40.49,-124.1,SS,<4μm,,,1.06,0.02,-25,0.2,-534.7,,6065.1,0.47,0.09,11.5,,Leithold et al. (2006)
Eel,Eel ,USA,North America,CR000214,,,2004 - 2004,40.49,-124.1,SS,<4μm,,,,,-25,,-528.4,,6065.1,0.47,,,,Leithold et al. (2006)
Eel,Eel ,USA,North America,SC021216,,,2005 - 2004,40.49,-124.1,SS,Bulk,,,1.03,0.02,-25.4,0.2,,,,,0.07,14.9,,Leithold et al. (2006)
Eel,Eel ,USA,North America,,,,2000,40.89,-124.25,SS,Bulk,,,0.64,,-24.6,,-556.1,4.7,6468.1,0.447,0.08,12.9,,Wakeham et al. (2009)
Fraser,Blackwater ,Canada,North America,Blackwater River 705 km low,10,18,2010,53.29,-123.14,SS,Bulk,,,10.41,,-26.5,,-133.3,,1091,0.873,1.52,6.9,,Voss. (2014)
Fraser,Blackwater ,Canada,North America,Blackwater River 705 km med,8,8,2009,53.29,-123.14,SS,Bulk,,,,,-27.1,,-35.9,,236.4,0.971,,5.9,,Voss. (2014)
Fraser,Blackwater ,Canada,North America,Blackwater River 705 km high,5,30,2011,53.29,-123.14,SS,Bulk,,,0.63,,-26.3,,-147.3,,1220.9,0.859,,,,Voss. (2014)
Fraser,Bowron ,Canada,North America,Bowron River 478 km med,8,5,2009,53.9,-121.99,SS,Bulk,,,,,-29.6,,-161.1,,1352.9,0.845,,5.7,,Voss. (2014)
Fraser,Bridge ,Canada,North America,Bridge River 1045 km low,10,21,2010,50.75,-121.93,SS,Bulk,,,5,,-27.5,,-25.1,,145.9,0.982,0.45,11.1,,Voss. (2014)
Fraser,Bridge ,Canada,North America,Bridge River 1045 km med,8,10,2009,50.75,-121.93,SS,Bulk,,,,,-27.2,,-153.1,,1277.2,0.853,,8.1,,Voss. (2014)
Fraser,Chilcotin ,Canada,North America,Chilcotin River 805 km low,8,9,2009,51.83,-122.57,SS,Bulk,,,3.84,,-21.8,,-101.4,,801.9,0.905,0.51,7.5,,Voss. (2014)
Fraser,Chilcotin ,Canada,North America,Chilcotin River 805 km med,10,20,2010,51.83,-122.57,SS,Bulk,,,,,-28,,-138.3,,1137.2,0.868,,6.9,,Voss. (2014)
Fraser,Chilcotin ,Canada,North America,Chilcotin River 805 km high,5,29,2011,51.83,-122.57,SS,Bulk,,,2.2,,-26.6,,-2.4,,modern,1.005,0.18,12,,Voss. (2014)
Fraser,Fraser ,Canada,North America,Fraser at Fitz-william 50 km low,10,14,2010,52.85,-118.61,SS,Bulk,,,1.64,,-26.8,,-171,,1448.5,0.835,0.14,11.8,,Voss. (2014)
Fraser,Fraser ,Canada,North America,Fraser at Fitz-william 50 km high,6,3,2011,52.85,-118.61,SS,Bulk,,,0.67,,-25.9,,-150.3,,1249,0.856,0.06,11.4,,Voss. (2014)
Fraser,Fraser ,Canada,North America,Fraser at McBride 230 km med,8,4,2009,53.3,-120.14,SS,Bulk,,,,,-26.3,,-399.3,,4036.8,0.605,,6.5,,Voss. (2014)
Fraser,Fraser ,Canada,North America,Fraser at McBride 230 km high,6,2,2011,53.3,-120.14,SS,Bulk,,,0.53,,-25.8,,-238.6,,2130.9,0.767,0.05,9.8,,Voss. (2014)
Fraser,Fraser ,Canada,North America,Fraser at Hansard 480 km low,10,16,2010,54.08,-121.85,SS,Bulk,,,2.68,,-28.4,,-115.4,,927.1,0.891,0.29,9.2,,Voss. (2014)
Fraser,Fraser ,Canada,North America,Fraser at Hansard 480 km med,8,5,2009,54.08,-121.85,SS,Bulk,,,,,-27.3,,-226.5,,2006.2,0.779,,8.4,,Voss. (2014)
Fraser,Fraser ,Canada,North America,Fraser at Hansard 480 km high,6,1,2011,54.08,-121.85,SS,Bulk,,,0.97,,-26.4,,-226.7,,2006.2,0.779,0.1,9.3,,Voss. (2014)
Fraser,Fraser ,Canada,North America,Fraser at Stoner 615 km low,10,19,2010,53.64,-122.67,SS,Bulk,,,2.98,,-26.7,,-34,,219.9,0.973,0.35,8.4,,Voss. (2014)
Fraser,Fraser ,Canada,North America,Fraser at Lillooet 1050 km low,10,21,2010,50.71,-121.91,SS,Bulk,,,2,,-26.3,,-102.5,,810.7,0.904,0.24,8.5,,Voss. (2014)
Fraser,Fraser ,Canada,North America,Fraser at Lillooet 1050 km med,8,10,2009,50.71,-121.91,SS,Bulk,,,,,-28.9,,-238.5,,2130.9,0.767,,2.6,,Voss. (2014)
Fraser,Fraser ,Canada,North America,Fraser at Lytton 1110 km med,8,1,2009,50.25,-121.59,SS,Bulk,,,,,-28.4,,-282.1,,2605.5,0.723,,8.9,,Voss. (2014)
Fraser,Fraser ,Canada,North America,Fraser at Hope 1210 km low,10,24,2010,49.39,-121.46,SS,Bulk,,,1.94,,-25.9,,-131.3,,1072.7,0.875,0.26,7.5,,Voss. (2014)
Fraser,Fraser ,Canada,North America,Fraser at Hope 1210 km high,5,27,2011,49.38,-121.45,SS,Bulk,,,0.35,,-26.4,,-344.9,,3337.8,0.66,0.03,11.2,,Voss. (2014)
Fraser,Fraser ,Canada,North America,Fraser at Fort Langley 1315 km low,10,25,2010,49.18,-122.57,SS,Bulk,,,1.58,,-26.7,,-183.9,,1574.6,0.822,0.22,7.3,,Voss. (2014)
Fraser,Fraser ,Canada,North America,Fraser at Fort Langley 1315 km med,7,30,2009,49.18,-122.57,SS,Bulk,,,,,-28.5,,-249.4,,2246.9,0.756,,6.4,,Voss. (2014)
Fraser,Fraser ,Canada,North America,Fraser at Fort Langley 1315 km med,8,13,2009,49.17,-122.58,SS,Bulk,,,,,-28.8,,-299,,2796.6,0.706,,6.1,,Voss. (2014)
Fraser,Fraser ,Canada,North America,Fraser at Fort Langley 1315 km high,6,3,2011,49.17,-122.58,SS,Bulk,,,0.62,,-26.8,,-263.5,,2397.1,0.742,0.06,11.2,,Voss. (2014)
Fraser,Fraser ,Canada,North America,GRO001112,10,16,2010,54.08,-121.85,SS,Bulk,,,2.68,,-28.4,,-115.4,,927.1,0.891,,,,Voss. (2014)
Fraser,Fraser ,Canada,North America,GRO001114,10,18,2010,53.29,-123.14,SS,Bulk,,,10.41,,-26.5,,-133.3,,1091,0.873,,,,Voss. (2014)
Fraser,Fraser ,Canada,North America,GRO001119,10,21,2010,50.71,-121.91,SS,Bulk,,,2,,-26.3,,-102.5,,810.7,0.904,,,,Voss. (2014)
Fraser,Fraser ,Canada,North America,GRO001124,10,27,2010,49.21,-122.78,SS,Bulk,,,1.91,,-26.6,,-71.8,,539.9,0.935,,,,Voss. (2014)
Fraser,Fraser ,Canada,North America,GRO001126,5,27,2011,49.38,-121.45,SS,Bulk,,,0.35,,-26.4,,-344.9,,3337.8,0.66,,,0.17,Voss. (2014)
Fraser,Fraser ,Canada,North America,GRO001127,5,27,2011,50.35,-121.39,SS,Bulk,,,1.9,,-26.4,,-29.2,,178.7,0.978,,,,Voss. (2014)
Fraser,Fraser ,Canada,North America,GRO001128,5,29,2011,51.83,-122.57,SS,Bulk,,,2.24,,-26.6,,-2.4,,modern,1.005,,,,Voss. (2014)
Fraser,Fraser ,Canada,North America,GRO001129,5,30,2011,52.97,-122.49,SS,Bulk,,,0.51,,-25.8,,-425.3,,4389.7,0.579,,,0.25,Voss. (2014)
Fraser,Fraser ,Canada,North America,GRO001130,5,30,2011,53.29,-123.14,SS,Bulk,,,0.63,,-26.3,,-147.3,,1220.9,0.859,,,0.23,Voss. (2014)
Fraser,Fraser ,Canada,North America,GRO001131,5,31,2011,53.93,-122.74,SS,Bulk,,,1.28,,-27.8,,-107.6,,855.3,0.899,,,,Voss. (2014)
Fraser,Fraser ,Canada,North America,GRO001132,6,1,2011,54.22,-121.9,SS,Bulk,,,0.8,,-26.5,,-248.6,,2236.3,0.757,,,,Voss. (2014)
Fraser,Fraser ,Canada,North America,GRO001133,6,1,2011,54.08,-121.85,SS,Bulk,,,0.97,,-26.4,,-226.7,,2006.2,0.779,,,,Voss. (2014)
Fraser,Fraser ,Canada,North America,GRO001134,6,2,2011,53.3,-120.14,SS,Bulk,,,0.53,,-25.8,,-238.6,,2130.9,0.767,,,,Voss. (2014)
Fraser,Fraser ,Canada,North America,GRO001135,6,3,2011,52.85,-118.61,SS,Bulk,,,0.67,,-25.9,,-150.3,,1249,0.856,,,,Voss. (2014)
Fraser,Fraser ,Canada,North America,GRO001140,6,7,2011,49.18,-122.57,SS,Bulk,,,0.62,,-26.1,,-263.5,,2397.1,0.742,,,,Voss. (2014)
Fraser,Fraser ,Canada,North America,GRO000920,3,26,2013,49.18,-122.57,SS,Bulk,3.3,0.1,3.3,,-27.7,,-171.9,,1458.2,0.834,0.34,9.7,,Voss. (2014)
Fraser,Fraser ,Canada,North America,GRO000921,3,27,2013,49.18,-122.57,SS,Bulk,3.5,0.1,2.8,,-28.1,,,,,,0.27,10.5,,Voss. (2014)
Fraser,Fraser ,Canada,North America,GRO000922,3,28,2013,49.18,-122.57,SS,Bulk,3.3,0.1,3,,-27.1,,-166.4,,1400.6,0.84,0.31,9.6,,Voss. (2014)
Fraser,Fraser ,Canada,North America,GRO000178,2,27,2012,49.18,-122.57,SS,Bulk,5,0.2,3.1,,-27.3,,-250.7,,2257.6,0.755,0.34,9,,Voss. (2014)
Fraser,Fraser ,Canada,North America,GRO000924,3,31,2013,49.18,-122.57,SS,Bulk,5,0.2,4.5,,-27.2,,-138.6,,1137.2,0.868,0.44,10.3,,Voss. (2014)
Fraser,Fraser ,Canada,North America,GRO000925,4,1,2013,49.18,-122.57,SS,Bulk,5,0.2,4.5,,-27.3,,-178.3,,1516.2,0.828,0.51,8.9,,Voss. (2014)
Fraser,Fraser ,Canada,North America,GRO000926,4,2,2013,49.18,-122.57,SS,Bulk,5,0.2,3.6,,-27.2,,,,,,0.42,8.5,,Voss. (2014)
Fraser,Fraser ,Canada,North America,GRO000179,2,27,2012,49.18,-122.57,SS,Bulk,7.1,0.2,2.9,,-26.4,,-168.4,,1419.7,0.838,0.31,9.3,,Voss. (2014)
Fraser,Fraser ,Canada,North America,GRO000927,4,5,2013,49.18,-122.57,SS,Bulk,8.6,0.2,2.8,,-27.6,,-76.1,,574.3,0.931,0.3,9.4,,Voss. (2014)
Fraser,Fraser ,Canada,North America,GRO000928,4,6,2013,49.18,-122.57,SS,Bulk,10.9,0.3,2.9,,-26.1,,-157.4,,1315,0.849,0.31,9.3,,Voss. (2014)
Fraser,Fraser ,Canada,North America,GRO000929,4,6,2013,49.18,-122.57,SS,Bulk,18.5,0.3,1.8,,-27.3,,-171.3,,1448.5,0.835,0.18,9.9,,Voss. (2014)
Fraser,Fraser ,Canada,North America,GRO000180,2,27,2012,49.18,-122.57,SS,Bulk,34.9,0.5,1.4,,-26.9,,-211.9,,1853,0.794,0.14,10,,Voss. (2014)
Fraser,Fraser ,Canada,North America,GRO000930,4,8,2013,49.18,-122.57,SS,Bulk,63.4,0.8,1.2,,-26.9,,-218,,1913.9,0.788,0.11,10.5,,Voss. (2014)
Fraser,Fraser ,Canada,North America,GRO000931,4,9,2013,49.18,-122.57,SS,Bulk,60.8,0.7,1.2,,-26.8,,-231.9,,2057.9,0.774,0.11,10.7,,Voss. (2014)
Fraser,Fraser ,Canada,North America,GRO000932,4,10,2013,49.18,-122.57,SS,Bulk,85.9,0.9,1,,-27,,-234.9,,2089.1,0.771,0.1,10.3,,Voss. (2014)
Fraser,Fraser ,Canada,North America,GRO000933,4,11,2013,49.18,-122.57,SS,Bulk,91.8,1,1.1,,-27.1,,-210,,1832.8,0.796,0.1,11,,Voss. (2014)
Fraser,Fraser ,Canada,North America,GRO000181,2,27,2012,49.18,-122.57,SS,Bulk,70.2,0.6,0.9,,-26.9,,-305.2,,2865.2,0.7,0.08,10.9,,Voss. (2014)
Fraser,Fraser ,Canada,North America,GRO000934,4,13,2013,49.18,-122.57,SS,Bulk,61.9,0.7,1.2,,-27.1,,-225.9,,1995.9,0.78,0.11,10.7,,Voss. (2014)
Fraser,Fraser ,Canada,North America,GRO000935,4,14,2013,49.18,-122.57,SS,Bulk,49.1,0.6,1.2,,-26.8,,-221,,1944.6,0.785,0.11,10.8,,Voss. (2014)
Fraser,Fraser ,Canada,North America,GRO000936,4,15,2013,49.18,-122.57,SS,Bulk,133,1.1,0.8,,-26.4,,-348,,3374.4,0.657,0.07,10.9,,Voss. (2014)
Fraser,Fraser ,Canada,North America,GRO000182,4,16,2013,49.18,-122.57,SS,Bulk,71,0.8,1.1,,-26.9,,-222,,1954.8,0.784,0.1,10.9,,Voss. (2014)
Fraser,Fraser ,Canada,North America,GRO000937,4,17,2013,49.18,-122.57,SS,Bulk,63.5,0.7,1.1,,-26.7,,,,,,0.1,10.7,,Voss. (2014)
Fraser,Fraser ,Canada,North America,GRO000940,4,17,2013,49.18,-122.57,SS,Bulk,,,1.2,,-26.8,,-204.1,,1772.5,0.802,,,,Voss. (2014)
Fraser,Fraser ,Canada,North America,GRO000942,4,19,2013,49.18,-122.57,SS,Bulk,49.6,0.6,1.2,,-27.5,,-216,,1893.6,0.79,0.11,10.8,,Voss. (2014)
Fraser,Fraser ,Canada,North America,GRO000183,2,27,2012,49.18,-122.57,SS,Bulk,42.5,0.6,1.5,,-27.6,,-224.8,,1985.6,0.781,0.14,10.9,,Voss. (2014)
Fraser,Fraser ,Canada,North America,GRO000943,4,21,2013,49.18,-122.57,SS,Bulk,43.5,0.6,1.3,,-27.7,,-210,,1832.8,0.796,0.12,11.1,,Voss. (2014)
Fraser,Fraser ,Canada,North America,GRO000941,4,18,2013,49.18,-122.57,SS,Bulk,58.3,0.7,1.25,,-26.8,,-204.1,,1772.5,0.802,0.12,10.7,,Voss. (2014)
Fraser,Harrison ,Canada,North America,Harrison River 1265 km med,7,31,2009,49.24,-121.96,SS,Bulk,,,,,-28,,-91.5,,713.6,0.915,,4.7,,Voss. (2014)
Fraser,McGregor ,Canada,North America,McGregor River 500 km low,10,16,2010,54.22,-121.9,SS,Bulk,,,1.66,,-27.6,,-199.9,,1732.5,0.806,0.2,8.5,,Voss. (2014)
Fraser,McGregor ,Canada,North America,McGregor River 500 km high,6,1,2011,54.22,-121.9,SS,Bulk,,,0.8,,-26.5,,-248.5,,2236.3,0.757,0.07,10.9,,Voss. (2014)
Fraser,Nechako ,Canada,North America,Nechako River 575 km low,8,6,2009,53.93,-122.74,SS,Bulk,,,4.35,,-27.5,,-77.6,,591.6,0.929,0.55,8,,Voss. (2014)
Fraser,Nechako ,Canada,North America,Nechako River 575 km med,10,17,2010,53.93,-122.74,SS,Bulk,,,,,-29.5,,-72.8,,548.5,0.934,,6.5,,Voss. (2014)
Fraser,Quesnel ,Canada,North America,Quesnel River 770 km low,10,19,2010,52.97,-122.49,SS,Bulk,,,1.5,,-26.9,,-271.3,,2484.2,0.734,0.19,7.9,,Voss. (2014)
Fraser,Quesnel ,Canada,North America,Quesnel River 770 km med,8,9,2009,52.97,-122.49,SS,Bulk,,,,,-28.9,,-459.9,,4890.5,0.544,,8.7,,Voss. (2014)
Fraser,Quesnel ,Canada,North America,Quesnel River 770 km high,5,30,2011,52.97,-122.49,SS,Bulk,,,0.51,,-25.8,,-425.3,,4389.7,0.579,0.05,9.8,,Voss. (2014)
Fraser,Robson ,Canada,North America,Robson River 125 km low,10,14,2010,53.05,-119.21,SS,Bulk,,,0.65,,-27.5,,-340.8,,3289.3,0.664,0.12,5.4,,Voss. (2014)
Fraser,Robson ,Canada,North America,Robson River 125 km med,8,4,2009,53.05,-119.21,SS,Bulk,,,,,-28.7,,-345.7,,3350,0.659,,5.7,,Voss. (2014)
Fraser,Robson ,Canada,North America,Robson River 125 km high,6,3,2011,53.05,-119.21,SS,Bulk,,,1.75,,-30.2,,-240.6,,2151.9,0.765,0.22,8.1,,Voss. (2014)
Fraser,Stuart ,Canada,North America,Stuart Lake 575 km med,8,7,2009,54.42,-124.38,SS,Bulk,,,,,-29.4,,19.7,,modern,1.027,,7.4,,Voss. (2014)
Fraser,Stuart ,Canada,North America,Stuart Lake 575 km high,5,31,2011,53.93,-122.74,SS,Bulk,,,1.28,,-27.8,,-107.6,,855.3,0.899,0.15,8.5,,Voss. (2014)
Fraser,Thompson ,Canada,North America,Thompson River 1111 km low,10,22,2010,50.24,-121.53,SS,Bulk,,,5.3,,-23.2,,-118.4,,954.2,0.888,0.72,7.4,,Voss. (2014)
Fraser,Thompson ,Canada,North America,Thompson River 1111 km med,8,1,2009,50.24,-121.53,SS,Bulk,,,,,-28,,-142.1,,1174.3,0.864,,6.1,,Voss. (2014)
Fraser,Thompson ,Canada,North America,Thompson River 1111 km high,5,27,2011,50.35,-121.39,SS,Bulk,,,1.9,,-26.4,,-29.2,,178.7,0.978,0.18,10.5,,Voss. (2014)
Fraser,Willow ,Canada,North America,Willow River 555 km low,10,15,2010,54.07,-122.47,SS,Bulk,,,4.94,,-28.6,,,,,,,,,Voss. (2014)
Fraser,Willow ,Canada,North America,Willow River 555 km med,8,6,2009,54.07,-122.47,SS,Bulk,,,,,-29.5,,-82.6,,635,0.924,,5.8,,Voss. (2014)
Hudson,Hudson ,USA,North America,Danascara Cr.,4,,2003,42.94,-74.32,SS,Bulk,,0.2,,,-27.1,0.5,-28.5,< 5,180.8,0.978,,2,,Longworth et al. (2007)
Hudson,Hudson ,USA,North America,Gordon Cr.,4,,2003,43.01,-73.84,SS,Bulk,,0.3,,,-28.5,0.5,72.8,< 5,modern,1.08,,4.4,,Longworth et al. (2007)
Hudson,Hudson ,USA,North America,Winnie’s Hollow Br,4,,2003,42.78,-74.75,SS,Bulk,,0.2,,,-27.3,0.5,,,,,,7.3,,Longworth et al. (2007)
Hudson,Hudson ,USA,North America,Beaverdam Cr.,4,,2003,40.82,-72.66,SS,Bulk,,0.3,,,-27.9,0.5,13.7,< 5,modern,1.02,,4.9,,Longworth et al. (2007)
Hudson,Hudson ,USA,North America,Couch Hollow Br.,4,,2003,42.8,-73.4,SS,Bulk,,0.6,,,-27.5,0.5,94.9,< 5,modern,1.102,,28.8,,Longworth et al. (2007)
Hudson,Hudson ,USA,North America,Fly Br.,4,,2003,43.04,-73.48,SS,Bulk,,0.4,,,-27.9,0.5,23.4,< 5,modern,1.03,,8.1,,Longworth et al. (2007)
Hudson,Hudson ,USA,North America,Wampecack Cr.,4,,2003,42.92,-73.52,SS,Bulk,,0.4,,,-25.5,0.5,35.6,< 5,modern,1.042,,7.4,,Longworth et al. (2007)
Hudson,Hudson ,USA,North America,Kayaderosseras,4,,2003,43.04,-73.91,SS,Bulk,,0.5,,,-27.4,0.5,81.3,< 5,modern,1.088,,7.3,,Longworth et al. (2007)
Hudson,Hudson ,USA,North America,Hudson River-Germantown-NY,4,,2003,42.14,-73.9,SS,Bulk,,0.5,,,-27,0.5,-150,< 5,1254,0.855,,7.3,,Longworth et al. (2007)
Hudson,Hudson ,USA,North America,Upper Hudson River-Waterford-NY,4,,2003,42.83,-73.67,SS,Bulk,,0.7,,,-27.6,0.5,-20,< 5,110.8,0.986,,8.5,,Longworth et al. (2007)
Hudson,Hudson ,USA,North America,Mohawk River-Cohoes-NY,4,,2003,42.79,-73.71,SS,Bulk,,0.7,,,-26.8,0.5,-191,< 5,1651.1,0.814,,7.8,,Longworth et al. (2007)
Hudson,Hudson ,USA,North America,Otsquago Creek,3,4,2003,42.92,-74.63,SS,Bulk,,0.2,,,-26.5,0.5,-57,< 5,419.9,0.949,,2.9,,Longworth et al. (2007)
Hudson,Hudson ,USA,North America,Otsquago Creek,3,6,2003,42.92,-74.63,SS,Bulk,,0.2,,,-26.7,0.5,-32,< 5,209.8,0.974,,8.2,,Longworth et al. (2007)
Hudson,Hudson ,USA,North America,Otsquago Creek,3,7,2003,42.92,-74.63,SS,Bulk,,0.3,,,-28.4,0.5,-151,< 5,1263.5,0.854,,7.7,,Longworth et al. (2007)
Hudson,Hudson ,USA,North America,Otsquago Creek,3,9,2003,42.92,-74.63,SS,Bulk,,0.2,,,-27.4,0.5,-148,< 5,1235.1,0.857,,11,,Longworth et al. (2007)
Hudson,Hudson ,USA,North America,Nowadaga Creek,3,4,2003,43.01,-74.77,SS,Bulk,,0.4,,,-26.1,0.5,-109,< 5,875.6,0.897,,10,,Longworth et al. (2007)
Hudson,Hudson ,USA,North America,Nowadaga Creek,3,6,2003,43.01,-74.77,SS,Bulk,,0.4,,,-26.2,0.5,-84,< 5,653.3,0.922,,8.3,,Longworth et al. (2007)
Hudson,Hudson ,USA,North America,Nowadaga Creek,3,7,2003,43.01,-74.77,SS,Bulk,,0.4,,,-26.6,0.5,-97,< 5,768.1,0.909,,10,,Longworth et al. (2007)
Hudson,Hudson ,USA,North America,Nowadaga Creek,3,9,2003,43.01,-74.77,SS,Bulk,,0.2,,,-29.4,0.5,-123,< 5,1002.8,0.883,,7,,Longworth et al. (2007)
Hudson,Hudson ,USA,North America,Schoharie Tributary,3,4,2003,42.41,-74.34,SS,Bulk,,0.2,,,-26.9,0.5,-29,< 5,184.9,0.977,,3.4,,Longworth et al. (2007)
Hudson,Hudson ,USA,North America,Schoharie Tributary,3,6,2003,42.41,-74.34,SS,Bulk,,0.7,,,-28,0.5,25,< 5,modern,1.032,,10.3,,Longworth et al. (2007)
Hudson,Hudson ,USA,North America,Schoharie Tributary,3,7,2003,42.41,-74.34,SS,Bulk,,0.3,,,-27.2,0.5,11,< 5,modern,1.018,,8.4,,Longworth et al. (2007)
Hudson,Hudson ,USA,North America,Schoharie Tributary,3,9,2003,42.41,-74.34,SS,Bulk,,0,,,-30.2,0.5,-2,< 5,modern,1.004,,2,,Longworth et al. (2007)
Hudson,Hudson ,USA,North America,West Creek,3,4,2003,39.64,-74.31,SS,Bulk,,0.1,,,-27.4,0.5,-96,< 5,759.2,0.91,,1.5,,Longworth et al. (2007)
Hudson,Hudson ,USA,North America,West Creek,3,6,2003,39.64,-74.31,SS,Bulk,,0.5,,,-33.3,0.5,132,< 5,modern,1.139,,7.7,,Longworth et al. (2007)
Hudson,Hudson ,USA,North America,West Creek,3,7,2003,39.64,-74.31,SS,Bulk,,1.5,,,-29.2,0.5,-41,< 5,284.8,0.965,,8.3,,Longworth et al. (2007)
Hudson,Hudson ,USA,North America,West Creek,3,9,2003,39.64,-74.31,SS,Bulk,,0.3,,,-27.6,0.5,-6,< 5,modern,1,,7,,Longworth et al. (2007)
Hudson,Hudson ,USA,North America,Caroga Creek,3,4,2003,43.13,-74.49,SS,Bulk,,0.5,,,-28.3,0.5,44,< 5,modern,1.051,,14.8,,Longworth et al. (2007)
Hudson,Hudson ,USA,North America,Caroga Creek,3,6,2003,43.13,-74.49,SS,Bulk,,1,,,-27.9,0.5,15,< 5,modern,1.022,,13.5,,Longworth et al. (2007)
Hudson,Hudson ,USA,North America,Caroga Creek,3,7,2003,43.13,-74.49,SS,Bulk,,0.3,,,-27.9,0.5,17,< 5,modern,1.024,,8.6,,Longworth et al. (2007)
Hudson,Hudson ,USA,North America,Caroga Creek,3,9,2003,43.13,-74.49,SS,Bulk,,0.2,,,-27,0.5,4,< 5,modern,1.01,,12,,Longworth et al. (2007)
Hudson,Hudson ,USA,North America,Schafer's Brook,3,4,2003,,,SS,Bulk,,0.6,,,-27.8,0.5,68,< 5,modern,1.075,,19.6,,Longworth et al. (2007)
Hudson,Hudson ,USA,North America,Schafer's Brook,3,6,2003,,,SS,Bulk,,2,,,-28,0.5,19,< 5,modern,1.026,,16.7,,Longworth et al. (2007)
Hudson,Hudson ,USA,North America,Schafer's Brook,3,7,2003,,,SS,Bulk,,0.6,,,-28.5,0.5,33,< 5,modern,1.04,,14.4,,Longworth et al. (2007)
Hudson,Hudson ,USA,North America,Schafer's Brook,3,9,2003,,,SS,Bulk,,2.3,,,-29.9,0.5,20,< 5,modern,1.027,,12,,Longworth et al. (2007)
Hudson,Hudson ,USA,North America,,9,1,1998,,,SS,Bulk,,1.4,,,,,-447,5–10,4712.1,0.556,,,,Raymond et al. (2004)
Hudson,Hudson ,USA,North America,,10,1,1998,,,SS,Bulk,,0.5,,,,,-425,5–10,4398.7,0.578,,,,Raymond et al. (2004)
Hudson,Hudson ,USA,North America,,4,1,2000,,,SS,Bulk,,0.5,,,-26.8,< 0.1,-156,5–10,1313.8,0.849,,,,Raymond et al. (2004)
Hudson,Hudson ,USA,North America,,7,1,2000,,,SS,Bulk,,0.2,,,-28.9,< 0.1,-101,5–10,806.7,0.904,,,,Raymond et al. (2004)
Hudson,Hudson ,USA,North America,Upper Hudson River  ,4,1,2000,,,SS,Bulk,,0.5,,,-26.8,< 0.1,-33,5–10,221,0.973,,,,Raymond et al. (2004)
Hudson,Hudson ,USA,North America,Mohawk ,4,1,2000,42.79,-73.71,SS,Bulk,,1.4,,,-27.1,< 0.1,-267,5–10,2446.5,0.737,,,,Raymond et al. (2004)
Hudson,Hudson ,USA,North America,Tidal Hudson- Above Albany,4,1,2000,,,SS,Bulk,,3,,,-26.7,< 0.1,-156,5–10,1313.8,0.849,,,,Raymond et al. (2004)
Hudson,Hudson ,USA,North America,Upper Hudson River  ,7,1,2000,,,SS,Bulk,,0.2,,,-28.9,< 0.1,-58,5–10,431.4,0.948,,,,Raymond et al. (2004)
Hudson,Hudson ,USA,North America,Mohawk ,7,1,2000,42.79,-73.71,SS,Bulk,,0.2,,,-31.7,< 0.1,,5–10,,,,,,Raymond et al. (2004)
Hudson,Hudson ,USA,North America,Tidal Hudson- Above Albany,7,1,2000,,,SS,Bulk,,0.1,,,-28,< 0.1,-101,5–10,806.7,0.904,,,,Raymond et al. (2004)
Hudson,Hudson ,USA,North America,Tidal Hudson- Below Albany,7,1,2000,,,SS,Bulk,,0.4,,,-27.3,< 0.1,-96,5–10,762.2,0.909,,,,Raymond et al. (2004)
Hudson,Hudson ,USA,North America,Tidal Hudson- Above Albany,6,1,1998,,,SS,Bulk,,1.4,,,,,-447,5–10,4712.1,0.556,,,,Raymond et al. (2004)
Hudson,Hudson ,USA,North America,Tidal Hudson- Below Albany,6,1,1998,,,SS,Bulk,,1.4,,,-28.2,< 0.1,-98,5–10,781.9,0.907,,,,Raymond et al. (2004)
Hudson,Hudson ,USA,North America,Tidal Hudson- Above Albany,10,1,1998,,,SS,Bulk,,0.5,,,,,-425,5–10,4398.7,0.578,,,,Raymond et al. (2004)
Hudson,Hudson ,USA,North America,Tidal Hudson- Below Albany,10,1,1998,,,SS,Bulk,,0.5,,,-29.5,< 0.1,-103,5–10,826.5,0.902,,,,Raymond et al. (2004)
Hudson,Hudson ,USA,North America,A,,,2004 - 2005,,,SS,Bulk,,,,,-27.3,1.3,-166,43,1404.7,0.84,,,,Caraco et al. (2010)
Hudson,Hudson ,USA,North America,G,,,2006,,,SS,Bulk,,,,,-27,0.6,-115,50,927.9,0.891,,,,Caraco et al. (2010)
Hudson,Hudson ,USA,North America,N,,,2004 - 2005,,,SS,Bulk,,,,,-26.8,0.8,-154,23,1290,0.852,,,,Caraco et al. (2010)
Hudson,Hudson ,USA,North America,M tributary,,,2004 - 2005,,,SS,Bulk,,,,,-27.4,1.3,-66,39,495,0.94,,,,Caraco et al. (2010)
Hudson,Hudson ,USA,North America,U tributary,,,2004 - 2005,,,SS,Bulk,,,,,-27.4,1.5,-68,37,512.3,0.938,,,,Caraco et al. (2010)
Hudson,Hudson ,USA,North America,W tributary,,,2004 - 2005,,,SS,Bulk,,,,,-27.2,2.5,-131,50,1074.5,0.875,,,,Caraco et al. (2010)
Hudson,Hudson ,USA,North America,,,,1994,41.5,-74.01,SS,Bulk,,,,,-25.9,< 0.1,-162.7,< 7.0,1384,0.842,,,,Hossler & Bauer (2012)
Hudson,Hudson ,USA,North America,,,,1994,41.5,-74.01,SS,Bulk,,,,,-29.5,< 0.1,-136.8,< 7.0,1138.9,0.868,,,,Hossler & Bauer (2012)
Hudson,Hudson ,USA,North America,,,,1994,41.5,-74.01,SS,Bulk,,,,,-27.1,< 0.1,-129.7,< 7.0,1073.3,0.875,,,,Hossler & Bauer (2012)
Hudson,Hudson ,USA,North America,,,,1994,41.5,-74.01,SS,Bulk,,,,,-27,< 0.1,0,< 7.0,modern,1.005,,,,Hossler & Bauer (2012)
Hudson,Hudson ,USA,North America,,,,1994,41.5,-74.01,SS,Bulk,,,,,-27.5,< 0.1,-209.9,< 7.0,1849.8,0.794,,,,Hossler & Bauer (2012)
Hudson,Hudson ,USA,North America,,,,1994,41.5,-74.01,SS,Bulk,,,,,-27.1,< 0.1,-120.3,< 7.0,986.7,0.884,,,,Hossler & Bauer (2012)
Hudson,Hudson ,USA,North America,,,,1994,41.5,-74.01,SS,Bulk,,,,,-26.4,< 0.1,-191,< 7.0,1660.3,0.813,,,,Hossler & Bauer (2012)
Hudson,Hudson ,USA,North America,,6,,1998,,,SS,Bulk,,1.4,,,,,-447,21,4763,0.556,,,,Raymond & Bauer (2001)
Hudson,Hudson ,USA,North America,,10,,1998,,,SS,Bulk,,0.5,,,,,-426,27,4456,0.577,,,,Raymond & Bauer (2001)
Hudson Bay rivers,HB-Churchill ,Canada,North America,Churchill,7-Aug,,2010,60.52,-95.02,SS,Bulk,12,0.8,7,,-27.9,,-303.2,,2838.8,0.702,,,,Godin et al. (2017)
Hudson Bay rivers,HB-Innuksuac ,Canada,North America,Innuksuac,7-Aug,,2011,58.46,-78.08,SS,Bulk,2.7,0.2,5.93,,-26.1,,29.2,,modern,1.037,,,,Godin et al. (2017)
Hudson Bay rivers,HB-Josephine ,Canada,North America,Josephine,7-Aug,,2012,63.13,-90.98,SS,Bulk,8.4,0.5,5.36,,-26.5,,-33.5,,215.4,0.974,,,,Godin et al. (2017)
Hudson Bay rivers,HB-Little Whale ,Canada,North America,Little Whale,7-Aug,,2013,55.97,-76.67,SS,Bulk,10,0.2,1.9,,-27.2,,-4.9,,modern,1.003,,,,Godin et al. (2017)
Hudson Bay rivers,HB-Nastapoka ,Canada,North America,Nastapoka,7-Aug,,2014,56.92,-76.43,SS,Bulk,5.3,0.2,3.21,,-27.7,,-303,,2839.4,0.702,,,,Godin et al. (2017)
Hudson Bay rivers,HB-Povungnituk ,Canada,North America,Povungnituk,7-Aug,,2015,60.05,-77.22,SS,Bulk,3.4,0.1,3.82,,-26.4,,-91.8,,715.2,0.915,,,,Godin et al. (2017)
Hudson Bay rivers,HB-Thlewiaza ,Canada,North America,Thlewiaza,7-Aug,,2016,60.52,-95.02,SS,Bulk,10,0.2,2.3,,-27.2,,47.1,,modern,1.055,,,,Godin et al. (2017)
Hudson Bay rivers,HB-Winisk ,Canada,North America,Winisk,7-Aug,,2017,55.15,-85.3,SS,Bulk,6.2,0.4,7.1,,-27.4,,35,,modern,1.043,,,,Godin et al. (2017)
James,James ,USA,North America,James U1,7,6,2009,37.28,-76.72,SS,Bulk,,0.2,,,-29.7,<0.07,-80,<13.4,669,0.927,,,,Lu et al. (2014)
James,James ,USA,North America,James U2,7,6,2009,37.27,-76.71,SS,Bulk,,0.2,,,-31.3,<0.07,-99,<13.4,837,0.907,,,,Lu et al. (2014)
Mackenzie,Arctic Red ,Canada,North America,Arctic Red Tsiigehtchic,9,7,2010,67.44,-133.75,PSD,Bulk,123,2.7,2.17,0.17,-26.8,,-703.2,4.7,9698.3,0.299,0.2,10.7,0.3,Hilton et al. (2015)
Mackenzie,Arctic Red ,Canada,North America,Arctic Red Tsiigehtchic,9,7,2010,67.44,-133.75,PSD,Bulk,123,2.4,1.95,0.16,-26.8,,-711.1,4.89,9916.2,0.291,0.19,10.3,0.29,Hilton et al. (2015)
Mackenzie,Arctic Red ,Canada,North America,Tsiigehtchic,6,5,2017,67.43,-133.78,PSD,Bulk,,15.3,,,,,-552.6,7.4,6396.6,0.451,,,,Schwab et al. (2020)
Mackenzie,Arctic Red ,Canada,North America,Tsiigehtchic,6,5,2017,67.43,-133.78,PSD,Bulk,,8.8,,,,,-700.4,9.3,9618.1,0.302,,,,Schwab et al. (2020)
Mackenzie,Arctic Red ,Canada,North America,Tsiigehtchic,6,9,2018,67.43,-133.78,PSD,Bulk,,7.6,,,,,-651.9,7.4,8410.3,0.351,,,,Schwab et al. (2020)
Mackenzie,Arctic Red ,Canada,North America,Tsiigehtchic,6,9,2018,67.43,-133.78,PSD,Bulk,,7.5,,,,,-651.9,7.4,8410.3,0.351,,,,Schwab et al. (2020)
Mackenzie,Arctic Red ,Canada,North America,Tsiigehtchic,6,9,2018,67.43,-133.78,PSD,Bulk,,6.5,,,,,-694.5,6.8,9460.1,0.308,,,,Schwab et al. (2020)
Mackenzie,Arctic Red ,Canada,North America,Tsiigehtchic,6,9,2018,67.43,-133.78,PSD,Bulk,,4.2,,,,,-745.1,8.7,10914.3,0.257,,,,Schwab et al. (2020)
Mackenzie,Arctic Red ,Canada,North America,Tsiigehtchic,5,11,2018,67.44,-133.75,SS,Bulk,,5,,,,,-614.2,6.3,7584.6,0.389,,,,Schwab et al. (2020)
Mackenzie,Arctic Red ,Canada,North America,Tsiigehtchic,5,14,2018,67.44,-133.75,SS,Bulk,,2.8,,,,,-662.8,5.8,8666.1,0.34,,,,Schwab et al. (2020)
Mackenzie,Arctic Red ,Canada,North America,Tsiigehtchic,5,17,2018,67.44,-133.75,SS,Bulk,,2.6,,,,,-491.2,4.8,5361.9,0.513,,,,Schwab et al. (2020)
Mackenzie,Arctic Red ,Canada,North America,Tsiigehtchic,5,20,2018,67.44,-133.75,SS,Bulk,,7.9,,,,,-632,6.8,7965.1,0.371,,,,Schwab et al. (2020)
Mackenzie,Arctic Red ,Canada,North America,Tsiigehtchic,5,23,2018,67.44,-133.75,SS,Bulk,,8.5,,,,,-644.9,5.4,8251.7,0.358,,,,Schwab et al. (2020)
Mackenzie,Arctic Red ,Canada,North America,Tsiigehtchic,5,26,2018,67.44,-133.75,SS,Bulk,,4.9,,,,,-673.7,8.2,8930.3,0.329,,,,Schwab et al. (2020)
Mackenzie,Arctic Red ,Canada,North America,Tsiigehtchic,5,29,2018,67.44,-133.75,SS,Bulk,,5.3,,,,,-720.3,7.7,10168.6,0.282,,,,Schwab et al. (2020)
Mackenzie,Arctic Red ,Canada,North America,Tsiigehtchic,6,10,2019,67.43,-133.78,PSD,Bulk,,2.5,,,,,-544.8,5.9,6255.3,0.459,,,,Schwab et al. (2020)
Mackenzie,Arctic Red ,Canada,North America,Tsiigehtchic,6,10,2019,67.43,-133.78,PSD,Bulk,,2.7,,,,,-545.8,4.8,6272.9,0.458,,,,Schwab et al. (2020)
Mackenzie,Arctic Red ,Canada,North America,Tsiigehtchic,6,11,2019,67.43,-133.78,SS,Bulk,,2.7,,,,,-523,5.4,5879.3,0.481,,,,Schwab et al. (2020)
Mackenzie,Arctic Red ,Canada,North America,Arctic Red River at Mackenzie River junction,6,29,2018,67.57,-133.76,MS,Bulk,170,0.3,0.18,,-27.1,,-728.8,2.1,10416,0.273,,,,Campeau et al. (2020)
Mackenzie,Cameron ,Canada,North America,Cameron River upstream of Yellowknife,6,14,2018,62.63,-113.75,MS,Bulk,< 3,0.6,,,-25.6,,-9,2,7,0.999,,,,Campeau et al. (2020)
Mackenzie,Hay ,Canada,North America,Hay River near outlet-upstream of town,6,8,2018,60.81,-116.04,MS,Bulk,10,1.1,11,,-27.1,,-248.8,1.8,2232,0.757,,,,Campeau et al. (2020)
Mackenzie,Liard ,Canada,North America,Fort Simpson,9,13,2010,61.82,-121.3,PSD,Bulk,492,7.3,1.49,0.12,-26.6,,-371.6,1.76,3673.4,0.633,0.08,19,0.12,Hilton et al. (2015)
Mackenzie,Liard ,Canada,North America,Fort Simpson,9,13,2010,61.82,-121.3,PSD,Bulk,79,1.6,2,0.16,-26.6,,-558.2,2.51,6504.2,0.445,0.18,11.1,0.28,Hilton et al. (2015)
Mackenzie,Liard ,Canada,North America,Fort Simpson,6,4,2011,61.82,-121.3,PSD,Bulk,490,7,1.43,0.11,-26.4,,-522.5,2.17,5879.3,0.481,0.13,11.4,0.2,Hilton et al. (2015)
Mackenzie,Liard ,Canada,North America,Fort Simpson,6,4,2011,61.82,-121.3,PSD,Bulk,542,8.2,1.51,0.12,-26.4,,-538.4,2.32,6151,0.465,0.12,12.4,0.2,Hilton et al. (2015)
Mackenzie,Liard ,Canada,North America,Fort Simpson,6,4,2011,61.82,-121.3,PSD,Bulk,438,6.4,1.47,0.12,-26.4,,-551.3,2.44,6378.8,0.452,0.13,11.7,0.22,Hilton et al. (2015)
Mackenzie,Liard ,Canada,North America,Liard River at Mackenzie River junction,6,22,2018,61.12,-123.32,MS,Bulk,98,,,,-26.8,,-602.1,3.2,7337,0.401,,,,Campeau et al. (2020)
Mackenzie,Mackenzie ,Canada,North America,,6,22,2004,67.46,-133.62,SS,Bulk,,,,,-28.9,,-625,4,7840,0.377,,,,Guo et al. (2007)
Mackenzie,Mackenzie ,Canada,North America,,8,31,2004,67.46,-133.62,SS,Bulk,,,,,-26.8,,-530,3.5,6010,0.473,,,,Guo et al. (2007)
Mackenzie,Mackenzie ,Canada,North America,East Channel,6,,1987,,,SS,Bulk,204.8,,1.46,0.04,-26.4,0.05,-594.2,4.1,7209,0.408,0.14,11.4,,Goñi et al. (2005)
Mackenzie,Mackenzie ,Canada,North America,Middle Channesl,6,,1987,,,SS,Bulk,,,1.57,0.05,-26.2,0.05,,,,,0.13,13.6,,Goñi et al. (2005)
Mackenzie,Mackenzie ,Canada,North America,East Channel,7,,1987,,,SS,Bulk,50.6,0.9,1.84,0.06,-26.9,0.05,-680.3,4.1,9124.7,0.321,0.18,11.4,,Goñi et al. (2005)
Mackenzie,Mackenzie ,Canada,North America,Reindeer Channel,7,,1987,,,SS,Bulk,175.9,2.5,1.67,0.05,-26.4,0.05,-714.4,5.3,10030.7,0.287,0.13,14.4,,Goñi et al. (2005)
Mackenzie,Mackenzie ,Canada,North America,Delta,9,9,2010,68.41,-134.08,PSD,Bulk,513,7.3,1.42,0.11,-26.7,,-584,2.79,6987.8,0.419,0.11,12.5,0.2,Hilton et al. (2015)
Mackenzie,Mackenzie ,Canada,North America,Delta,9,9,2010,68.41,-134.08,PSD,Bulk,275,4.1,1.49,0.12,-26.6,,-625.7,3.32,7836.3,0.377,0.15,10,0.31,Hilton et al. (2015)
Mackenzie,Mackenzie ,Canada,North America,Delta,9,9,2010,68.41,-134.08,PSD,Bulk,251,3.8,1.5,0.12,-26.6,,-639.6,3.52,8140.3,0.363,0.15,9.9,0.33,Hilton et al. (2015)
Mackenzie,Mackenzie ,Canada,North America,Delta,9,9,2010,68.41,-134.08,PSD,Bulk,162,2.3,1.42,0.11,-26.6,,-695.2,4.53,9486.2,0.307,0.16,8.6,0.38,Hilton et al. (2015)
Mackenzie,Mackenzie ,Canada,North America,Delta,6,13,2011,68.41,-134.08,PSD,Bulk,848,23,2.71,0.22,-26.5,,-436.2,2.3,4543.7,0.568,0.14,19,0.15,Hilton et al. (2015)
Mackenzie,Mackenzie ,Canada,North America,Delta,6,13,2011,68.41,-134.08,PSD,Bulk,850,8.5,1,0.08,-26.6,,-636.7,3.48,8074.1,0.366,0.08,13.1,0.14,Hilton et al. (2015)
Mackenzie,Mackenzie ,Canada,North America,Delta,6,13,2011,68.41,-134.08,PSD,Bulk,240,3.7,1.54,0.12,-26.5,,-601.9,3,7340.5,0.401,0.14,11.1,0.24,Hilton et al. (2015)
Mackenzie,Mackenzie ,Canada,North America,Delta,6,13,2011,68.41,-134.08,PSD,Bulk,119,2,1.65,0.13,-26.2,,-637.7,1.75,8096.1,0.365,0.17,9.8,0.3,Hilton et al. (2015)
Mackenzie,Mackenzie ,Canada,North America,Tsiigehtchic,7,23,2009,67.45,-133.74,PSD,Bulk,,,1.5,0.03,-26.6,,-784.5,3.62,12273.3,0.217,0.18,8.2,,Hilton et al. (2015)
Mackenzie,Mackenzie ,Canada,North America,Tsiigehtchic,7,9,2010,67.45,-133.74,PSD,Bulk,255,3.6,1.41,0.11,-26.6,,-660.5,3.86,8619,0.342,0.15,9.5,0.33,Hilton et al. (2015)
Mackenzie,Mackenzie ,Canada,North America,Tsiigehtchic,7,9,2010,67.45,-133.74,PSD,Bulk,231,3.3,1.42,0.11,-26.6,,-648.6,3.66,8341.9,0.354,0.16,9.1,0.35,Hilton et al. (2015)
Mackenzie,Mackenzie ,Canada,North America,Tsiigehtchic,6,11,2011,67.45,-133.74,PSD,Bulk,941,15.2,1.62,0.13,-26.4,,-434.2,2.29,4515.5,0.57,0.08,19.8,0.12,Hilton et al. (2015)
Mackenzie,Mackenzie ,Canada,North America,Tsiigehtchic,6,11,2011,67.45,-133.74,PSD,Bulk,445,6.2,1.4,0.11,-26.4,,-559.3,2.52,6522.2,0.444,0.11,12.9,0.17,Hilton et al. (2015)
Mackenzie,Mackenzie ,Canada,North America,Tsiigehtchic,6,11,2011,67.45,-133.74,PSD,Bulk,322,4.6,1.43,0.11,-26.6,,-547.4,2.4,6308,0.456,0.13,11.1,0.21,Hilton et al. (2015)
Mackenzie,Mackenzie ,Canada,North America,Tsiigehtchic,6,11,2011,67.45,-133.74,PSD,Bulk,291,4.5,1.54,0.12,-26.5,,-552.3,2.45,6396.6,0.451,0.14,11.2,0.23,Hilton et al. (2015)
Mackenzie,Mackenzie ,Canada,North America,Norman Wells,9,10,2010,67.45,-133.74,PSD,Bulk,168,2.2,1.31,0.1,-26.7,,-586,2.81,7026.2,0.417,0.13,9.8,0.25,Hilton et al. (2015)
Mackenzie,Mackenzie ,Canada,North America,Norman Wells,9,10,2010,65.27,-126.76,PSD,Bulk,136,1.9,1.39,0.11,-26.6,,-592,2.88,7142.6,0.411,0.15,9.4,0.3,Hilton et al. (2015)
Mackenzie,Mackenzie ,Canada,North America,Delta,6,3,2017,68.42,-134.11,PSD,Bulk,,4.8,,,,,-713.3,9.9,9971.6,0.289,,,,Schwab et al. (2020)
Mackenzie,Mackenzie ,Canada,North America,Delta,6,3,2017,68.42,-134.12,PSD,Bulk,,6.5,,,,,-702.4,9.4,9671.5,0.3,,,,Schwab et al. (2020)
Mackenzie,Mackenzie ,Canada,North America,Delta,6,3,2017,68.42,-134.11,PSD,Bulk,,7.2,,,,,-681.6,10.6,9128,0.321,,,,Schwab et al. (2020)
Mackenzie,Mackenzie ,Canada,North America,Delta,6,3,2017,68.42,-134.12,PSD,Bulk,,4,,,,,-719.3,10.2,10140.1,0.283,,,,Schwab et al. (2020)
Mackenzie,Mackenzie ,Canada,North America,Delta,6,3,2017,68.41,-134.12,PSD,Bulk,,32.1,,,,,-407.8,4.1,4143.7,0.597,,,,Schwab et al. (2020)
Mackenzie,Mackenzie ,Canada,North America,Delta,6,3,2017,68.41,-134.12,PSD,Bulk,,6,,,,,-682.6,4.3,9153.1,0.32,,,,Schwab et al. (2020)
Mackenzie,Mackenzie ,Canada,North America,Delta,6,3,2017,68.41,-134.12,PSD,Bulk,,4.1,,,,,-713.3,9.9,9971.6,0.289,,,,Schwab et al. (2020)
Mackenzie,Mackenzie ,Canada,North America,Tsiigehtchic,6,5,2017,67.45,-133.74,PSD,Bulk,,4.2,,,,,-637.9,5.2,8096.1,0.365,,,,Schwab et al. (2020)
Mackenzie,Mackenzie ,Canada,North America,Tsiigehtchic,6,5,2017,67.45,-133.74,PSD,Bulk,,3.2,,,,,-638.9,5.3,8118.2,0.364,,,,Schwab et al. (2020)
Mackenzie,Mackenzie ,Canada,North America,Tsiigehtchic,6,5,2017,67.45,-133.74,PSD,Bulk,,4.1,,,,,-642.9,8.9,8206.9,0.36,,,,Schwab et al. (2020)
Mackenzie,Mackenzie ,Canada,North America,Tsiigehtchic,6,5,2017,67.45,-133.74,PSD,Bulk,,3.4,,,,,-639.9,8.8,8140.3,0.363,,,,Schwab et al. (2020)
Mackenzie,Mackenzie ,Canada,North America,Tsiigehtchic,6,5,2017,67.45,-133.74,PSD,Bulk,,2.6,,,,,-641.9,5.3,8184.6,0.361,,,,Schwab et al. (2020)
Mackenzie,Mackenzie ,Canada,North America,Tsiigehtchic,6,5,2017,67.45,-133.73,PSD,Bulk,,12.9,,,,,-542.7,4.7,6220.4,0.461,,,,Schwab et al. (2020)
Mackenzie,Mackenzie ,Canada,North America,Tsiigehtchic,6,5,2017,67.45,-133.73,PSD,Bulk,,6.2,,,,,-649.8,9.2,8364.7,0.353,,,,Schwab et al. (2020)
Mackenzie,Mackenzie ,Canada,North America,Tsiigehtchic,6,5,2017,67.45,-133.73,PSD,Bulk,,3.9,,,,,-608.2,7.7,7461.6,0.395,,,,Schwab et al. (2020)
Mackenzie,Mackenzie ,Canada,North America,Delta,6,10,2017,68.42,-134.12,PSD,Bulk,,29.9,,,,,-415.8,4.2,4252.1,0.589,,,,Schwab et al. (2020)
Mackenzie,Mackenzie ,Canada,North America,Delta,6,10,2017,68.42,-134.12,PSD,Bulk,,7,,,,,-623.1,6.6,7772.6,0.38,,,,Schwab et al. (2020)
Mackenzie,Mackenzie ,Canada,North America,Delta,6,10,2017,68.42,-134.12,PSD,Bulk,,5.7,,,,,-636,6.9,8052.2,0.367,,,,Schwab et al. (2020)
Mackenzie,Mackenzie ,Canada,North America,Delta,6,10,2017,68.42,-134.12,PSD,Bulk,,1.8,,,,,-678.6,8.4,9053.3,0.324,,,,Schwab et al. (2020)
Mackenzie,Mackenzie ,Canada,North America,Delta,6,6,2018,68.42,-134.11,PSD,Bulk,,1.4,,,,,-642,10.7,8184.6,0.361,,,,Schwab et al. (2020)
Mackenzie,Mackenzie ,Canada,North America,Delta,6,6,2018,68.41,-134.12,PSD,Bulk,,6.6,,,,,-476.3,4.5,5130.3,0.528,,,,Schwab et al. (2020)
Mackenzie,Mackenzie ,Canada,North America,Delta,6,6,2018,68.41,-134.12,PSD,Bulk,,6.5,,,,,-482.3,4.6,5222.2,0.522,,,,Schwab et al. (2020)
Mackenzie,Mackenzie ,Canada,North America,Delta,6,6,2018,68.41,-134.11,PSD,Bulk,,10,,,,,-436.7,4.6,4543.7,0.568,,,,Schwab et al. (2020)
Mackenzie,Mackenzie ,Canada,North America,Delta,6,6,2018,68.41,-134.11,PSD,Bulk,,4.3,,,,,-556.7,5,6468.1,0.447,,,,Schwab et al. (2020)
Mackenzie,Mackenzie ,Canada,North America,Delta,6,8,2018,68.42,-134.12,SS,Bulk,,,,,,,-637,7,8074.1,0.366,,,,Schwab et al. (2020)
Mackenzie,Mackenzie ,Canada,North America,Tsiigehtchic,6,9,2018,67.45,-133.73,PSD,Bulk,,6.9,,,,,-468.4,5.2,5009.5,0.536,,,,Schwab et al. (2020)
Mackenzie,Mackenzie ,Canada,North America,Tsiigehtchic,6,9,2018,67.45,-133.72,PSD,Bulk,,10.3,,,,,-434.7,4.6,4515.5,0.57,,,,Schwab et al. (2020)
Mackenzie,Mackenzie ,Canada,North America,Tsiigehtchic,6,9,2018,67.46,-133.72,PSD,Bulk,,2.3,,,,,-550.7,6.1,6361,0.453,,,,Schwab et al. (2020)
Mackenzie,Mackenzie ,Canada,North America,Tsiigehtchic,6,9,2018,67.46,-133.72,PSD,Bulk,,1.7,,,,,-555.7,6.2,6450.2,0.448,,,,Schwab et al. (2020)
Mackenzie,Mackenzie ,Canada,North America,Tsiigehtchic,6,9,2018,67.46,-133.72,PSD,Bulk,,1.5,,,,,-570.5,6.6,6723.8,0.433,,,,Schwab et al. (2020)
Mackenzie,Mackenzie ,Canada,North America,Delta,6,4,2019,68.42,-134.12,PSD,Bulk,,1.7,,,,,-607.3,6.1,7441.3,0.396,,,,Schwab et al. (2020)
Mackenzie,Mackenzie ,Canada,North America,Delta,6,4,2019,68.42,-134.12,PSD,Bulk,,2.5,,,,,-609.3,6.2,7482,0.394,,,,Schwab et al. (2020)
Mackenzie,Mackenzie ,Canada,North America,Delta,6,4,2019,68.42,-134.12,PSD,Bulk,,3.4,,,,,-612.2,6.3,7543.4,0.391,,,,Schwab et al. (2020)
Mackenzie,Mackenzie ,Canada,North America,Delta,6,4,2019,68.42,-134.13,PSD,Bulk,,4.3,,,,,-620.2,6.5,7709.4,0.383,,,,Schwab et al. (2020)
Mackenzie,Mackenzie ,Canada,North America,Delta,6,4,2019,68.42,-134.12,PSD,Bulk,,1.5,,,,,-598.4,5.9,7260.8,0.405,,,,Schwab et al. (2020)
Mackenzie,Mackenzie ,Canada,North America,Delta,6,4,2019,68.42,-134.12,PSD,Bulk,,2.9,,,,,-579.5,5.5,6892.5,0.424,,,,Schwab et al. (2020)
Mackenzie,Mackenzie ,Canada,North America,Delta,6,4,2019,68.42,-134.12,PSD,Bulk,,3.1,,,,,-616.2,6.4,7626,0.387,,,,Schwab et al. (2020)
Mackenzie,Mackenzie ,Canada,North America,Tsiigehtchic,6,10,2019,67.46,-133.73,PSD,Bulk,,2.8,,,,,-596.4,5.9,7221.2,0.407,,,,Schwab et al. (2020)
Mackenzie,Mackenzie ,Canada,North America,Tsiigehtchic,6,10,2019,67.46,-133.74,PSD,Bulk,,3.8,,,,,-584.5,5.6,6987.8,0.419,,,,Schwab et al. (2020)
Mackenzie,Mackenzie ,Canada,North America,Tsiigehtchic,6,10,2019,67.46,-133.74,PSD,Bulk,,3.4,,,,,-589.4,5.7,7084.2,0.414,,,,Schwab et al. (2020)
Mackenzie,Mackenzie ,Canada,North America,Tsiigehtchic,6,10,2019,67.46,-133.74,PSD,Bulk,,4,,,,,-610.3,6.2,7502.4,0.393,,,,Schwab et al. (2020)
Mackenzie,Mackenzie ,Canada,North America,Tsiigehtchic,6,10,2019,67.45,-133.73,PSD,Bulk,,3,,,,,-591.4,5.7,7123.1,0.412,,,,Schwab et al. (2020)
Mackenzie,Mackenzie ,Canada,North America,Tsiigehtchic,6,10,2019,67.45,-133.73,PSD,Bulk,,4.2,,,,,-573.6,5.3,6779.6,0.43,,,,Schwab et al. (2020)
Mackenzie,Mackenzie ,Canada,North America,Tsiigehtchic,6,10,2019,67.45,-133.73,PSD,Bulk,,7.9,,,,,-365.3,4,3585,0.64,,,,Schwab et al. (2020)
Mackenzie,Mackenzie ,Canada,North America,Arctic Red River 10LC014,3,24,2004,67.45,-133.74,SS,Bulk,17.6,0.6,3.24,,-30.2,,-441,,4614.8,0.563,0.3,10.7,,Holmes et al. (2022)
Mackenzie,Mackenzie ,Canada,North America,Arctic Red River 10LC014,6,17,2004,67.45,-133.74,SS,Bulk,195.9,3.4,1.75,,-27.8,,-560,,6540.4,0.443,0.2,8.9,,Holmes et al. (2022)
Mackenzie,Mackenzie ,Canada,North America,Arctic Red River 10LC014,6,22,2004,67.45,-133.74,SS,Bulk,204.8,2.5,1.24,,-29.5,,-581,,6930.5,0.422,0.13,9.8,,Holmes et al. (2022)
Mackenzie,Mackenzie ,Canada,North America,Arctic Red River 10LC014,7,13,2004,67.45,-133.74,SS,Bulk,117.1,3.1,2.62,,-30.2,,-553,,6414.4,0.45,0.3,8.7,,Holmes et al. (2022)
Mackenzie,Mackenzie ,Canada,North America,Arctic Red River 10LC014,8,4,2004,67.45,-133.74,SS,Bulk,61.5,1.7,2.81,,-29.8,,-646,,8296.7,0.356,0.32,8.7,,Holmes et al. (2022)
Mackenzie,Mackenzie ,Canada,North America,Arctic Red River 10LC014,8,25,2004,67.45,-133.74,SS,Bulk,69.5,0.1,0.1,,-30.1,,-483,,5237.6,0.521,0.02,4.6,,Holmes et al. (2022)
Mackenzie,Mackenzie ,Canada,North America,Arctic Red River 10LC014,9,8,2004,67.45,-133.74,SS,Bulk,73.4,0.1,0.15,,-30.8,,-486,,5299.5,0.517,0.04,3.7,,Holmes et al. (2022)
Mackenzie,Mackenzie ,Canada,North America,Arctic Red River 10LC014,3,16,2005,67.45,-133.74,SS,Bulk,2.6,0.2,6.54,,-31.1,,,,,,0.92,7.1,,Holmes et al. (2022)
Mackenzie,Mackenzie ,Canada,North America,Arctic Red River 10LC014,6,14,2005,67.45,-133.74,SS,Bulk,312,,,,-26.3,,-674,,8954.7,0.328,,,,Holmes et al. (2022)
Mackenzie,Mackenzie ,Canada,North America,Arctic Red River 10LC014,6,29,2005,67.45,-133.74,SS,Bulk,135,1.7,1.24,,-25.5,,-643,,8206.9,0.36,0.27,4.6,,Holmes et al. (2022)
Mackenzie,Mackenzie ,Canada,North America,Arctic Red River 10LC014,7,14,2005,67.45,-133.74,SS,Bulk,97.3,1.3,1.31,,-22.1,,-543,,6237.9,0.46,0.18,7.2,,Holmes et al. (2022)
Mackenzie,Mackenzie ,Canada,North America,Arctic Red River 10LC014,8,9,2005,67.45,-133.74,SS,Bulk,71.3,1.2,1.65,,-27.9,,-588,,7064.8,0.415,0.32,5.2,,Holmes et al. (2022)
Mackenzie,Mackenzie ,Canada,North America,Arctic Red River 10LC014,8,30,2005,67.45,-133.74,SS,Bulk,44.5,0.9,2.07,,-27.6,,-541,,6203,0.462,0.37,5.5,,Holmes et al. (2022)
Mackenzie,Mackenzie ,Canada,North America,Arctic Red River 10LC014,9,13,2005,67.45,-133.74,SS,Bulk,50,0.1,0.28,,-30.3,,-536,,6116.5,0.467,0.07,4.1,,Holmes et al. (2022)
Mackenzie,Mackenzie ,Canada,North America,Arctic Red River 10LC014,8,15,2006,67.45,-133.74,SS,Bulk,64.1,,,,-27.3,,,,,,,,,Holmes et al. (2022)
Mackenzie,Mackenzie ,Canada,North America,Arctic Red River 10LC014,3,27,2007,67.45,-133.74,SS,Bulk,2.1,0.2,10.48,,-33.7,,,,,,1.4,7.5,,Holmes et al. (2022)
Mackenzie,Mackenzie ,Canada,North America,Arctic Red River 10LC014,6,11,2009,67.45,-133.74,SS,Bulk,411.4,2.6,0.64,,-26.8,,,,,,0.07,9.4,,Holmes et al. (2022)
Mackenzie,Mackenzie ,Canada,North America,Arctic Red River 10LC014,6,30,2009,67.45,-133.74,SS,Bulk,209,3.1,1.5,,-25.6,,,,,,0.17,8.7,,Holmes et al. (2022)
Mackenzie,Mackenzie ,Canada,North America,Arctic Red River 10LC014,7,2,2009,67.45,-133.74,SS,Bulk,183.9,2.7,1.48,,-27,,,,,,0.18,8.3,,Holmes et al. (2022)
Mackenzie,Mackenzie ,Canada,North America,Arctic Red River 10LC014,9,8,2009,67.45,-133.74,SS,Bulk,96.3,3.4,3.57,,-24.3,,,,,,0.37,9.7,,Holmes et al. (2022)
Mackenzie,Mackenzie ,Canada,North America,Arctic Red River 10LC014,3,25,2010,67.45,-133.74,SS,Bulk,63,1.3,2,,-27.7,,,,,,0.18,11.1,,Holmes et al. (2022)
Mackenzie,Mackenzie ,Canada,North America,Arctic Red River 10LC014,6,15,2010,67.45,-133.74,SS,Bulk,210.4,1,0.48,,-27.1,,,,,,0.1,4.9,,Holmes et al. (2022)
Mackenzie,Mackenzie ,Canada,North America,Arctic Red River 10LC014,6,29,2010,67.45,-133.74,SS,Bulk,71.2,0.3,0.45,,-28.2,,,,,,0.26,1.8,,Holmes et al. (2022)
Mackenzie,Mackenzie ,Canada,North America,Arctic Red River 10LC014,7,2,2010,67.45,-133.74,SS,Bulk,58.2,0.9,1.49,,-28.7,,,,,,0.15,10.1,,Holmes et al. (2022)
Mackenzie,Mackenzie ,Canada,North America,Arctic Red River 10LC014,8,11,2010,67.45,-133.74,SS,Bulk,84.4,1.3,1.55,,-27.9,,,,,,0.23,6.6,,Holmes et al. (2022)
Mackenzie,Mackenzie ,Canada,North America,Arctic Red River 10LC014,3,10,2011,67.45,-133.74,SS,Bulk,4.6,0.2,4.35,,-28.4,,,,,,0.5,8.7,,Holmes et al. (2022)
Mackenzie,Mackenzie ,Canada,North America,Arctic Red River 10LC014,6,6,2011,67.45,-133.74,SS,Bulk,315.6,4,1.27,,-26.9,,,,,,0.23,5.6,,Holmes et al. (2022)
Mackenzie,Mackenzie ,Canada,North America,Arctic Red River 10LC014,6,14,2011,67.45,-133.74,SS,Bulk,195.3,4.5,2.3,,-26,,,,,,0.17,13.7,,Holmes et al. (2022)
Mackenzie,Mackenzie ,Canada,North America,Arctic Red River 10LC014,6,28,2011,67.45,-133.74,SS,Bulk,208.7,1.4,0.67,,-27.5,,,,,,0.08,8.1,,Holmes et al. (2022)
Mackenzie,Mackenzie ,Canada,North America,Arctic Red River 10LC014,8,18,2011,67.45,-133.74,SS,Bulk,72.8,1.6,2.23,,-27.8,,,,,,0.31,7.3,,Holmes et al. (2022)
Mackenzie,Mackenzie ,Canada,North America,Arctic Red River 10LC014,2,6,2012,67.45,-133.74,SS,Bulk,19.8,0.4,2.22,,-28.8,,,,,,0.21,10.4,,Holmes et al. (2022)
Mackenzie,Mackenzie ,Canada,North America,Arctic Red River 10LC014,6,7,2012,67.45,-133.74,SS,Bulk,338.2,4.3,1.27,,-27.5,,-752.8,,11165.1,0.249,0.12,10.6,,Holmes et al. (2022)
Mackenzie,Mackenzie ,Canada,North America,Arctic Red River 10LC014,8,9,2012,67.45,-133.74,SS,Bulk,67.7,1.4,2.13,,-28.4,,-685.7,,9238.9,0.317,0.21,10.1,,Holmes et al. (2022)
Mackenzie,Mackenzie ,Canada,North America,Arctic Red River 10LC014,10,3,2012,67.45,-133.74,SS,Bulk,15.6,0.8,4.81,,-28.8,,-620,,7713.6,0.383,0.5,9.6,,Holmes et al. (2022)
Mackenzie,Mackenzie ,Canada,North America,Arctic Red River 10LC014,11,30,2012,67.45,-133.74,SS,Bulk,4,0.2,5.21,,-28.7,,-562.9,,6589.5,0.44,0.62,8.4,,Holmes et al. (2022)
Mackenzie,Mackenzie ,Canada,North America,Arctic Red River 10LC014,1,26,2013,67.45,-133.74,SS,Bulk,4.2,0.2,4.52,,-28.4,,-605.4,,7408.9,0.398,0.47,9.7,,Holmes et al. (2022)
Mackenzie,Mackenzie ,Canada,North America,Arctic Red River 10LC014,3,29,2013,67.45,-133.74,SS,Bulk,3.4,0.3,8.19,,-29,,-631.5,,7956.5,0.371,0.67,12.2,,Holmes et al. (2022)
Mackenzie,Mackenzie ,Canada,North America,Arctic Red River 10LC014,6,8,2013,67.45,-133.74,SS,Bulk,461.4,4.9,1.06,,-27.1,,-615.4,,7613.5,0.388,0.11,9.5,,Holmes et al. (2022)
Mackenzie,Mackenzie ,Canada,North America,Arctic Red River 10LC014,7,18,2013,67.45,-133.74,PSD,Bulk,177.1,3.8,2.14,,-27.2,,-639.9,,8142.5,0.363,0.18,11.7,,Holmes et al. (2022)
Mackenzie,Mackenzie ,Canada,North America,Arctic Red River 10LC014,7,18,2013,67.45,-133.74,PSD,Bulk,208.2,3.9,1.85,,-27.1,,,,,,0.17,11.1,,Holmes et al. (2022)
Mackenzie,Mackenzie ,Canada,North America,Arctic Red River 10LC014,9,1,2013,67.45,-133.74,PSD,Bulk,137.5,1.8,1.29,,-27.2,,-774.3,,11893.7,0.228,0.19,6.7,,Holmes et al. (2022)
Mackenzie,Mackenzie ,Canada,North America,Arctic Red River 10LC014,9,1,2013,67.45,-133.74,PSD,Bulk,106.5,1.9,1.82,,-27.7,,,,,,0.21,8.6,,Holmes et al. (2022)
Mackenzie,Mackenzie ,Canada,North America,Arctic Red River 10LC014,11,30,2013,67.45,-133.74,SS,Bulk,2.4,0.2,9.05,,-28.9,,-526.7,,5948,0.477,0.99,9.2,,Holmes et al. (2022)
Mackenzie,Mackenzie ,Canada,North America,Arctic Red River 10LC014,2,1,2014,67.45,-133.74,SS,Bulk,3.1,0.2,6.39,,-28.1,,-531.7,,6032.7,0.472,0.7,9.2,,Holmes et al. (2022)
Mackenzie,Mackenzie ,Canada,North America,Arctic Red River 10LC014,4,16,2014,67.45,-133.74,SS,Bulk,15.9,0.3,1.95,,-27.3,,-648.5,,8337.4,0.354,0.23,8.4,,Holmes et al. (2022)
Mackenzie,Mackenzie ,Canada,North America,Arctic Red River 10LC014,6,6,2014,67.45,-133.74,PSD,Bulk,271.1,3.9,1.44,,-26.8,,-623.9,,7793.8,0.379,0.15,9.8,,Holmes et al. (2022)
Mackenzie,Mackenzie ,Canada,North America,Arctic Red River 10LC014,6,6,2014,67.45,-133.74,PSD,Bulk,228.4,3.8,1.66,,-27.9,,,,,,0.15,11.4,,Holmes et al. (2022)
Mackenzie,Mackenzie ,Canada,North America,Arctic Red River 10LC014,8,9,2014,67.45,-133.74,PSD,Bulk,110.2,1.6,1.45,,-28.1,,-768.6,,11694.9,0.233,0.17,8.6,,Holmes et al. (2022)
Mackenzie,Mackenzie ,Canada,North America,Arctic Red River 10LC014,8,9,2014,67.45,-133.74,PSD,Bulk,109.9,2.3,2.08,,-27.8,,,,,,0.19,10.8,,Holmes et al. (2022)
Mackenzie,Mackenzie ,Canada,North America,Arctic Red River 10LC014,10,13,2014,67.45,-133.74,PSD,Bulk,15.4,0.8,5.19,,-28.3,,-598.8,,7272.7,0.404,0.48,10.8,,Holmes et al. (2022)
Mackenzie,Mackenzie ,Canada,North America,Arctic Red River 10LC014,10,13,2014,67.45,-133.74,PSD,Bulk,20.1,0.5,2.68,,-28.7,,,,,,0.29,9.2,,Holmes et al. (2022)
Mackenzie,Mackenzie ,Canada,North America,Arctic Red River 10LC014,12,24,2014,67.45,-133.74,SS,Bulk,30.5,0.5,1.64,,-28.8,,-595.7,,7213.3,0.407,0.15,10.6,,Holmes et al. (2022)
Mackenzie,Mackenzie ,Canada,North America,Arctic Red River 10LC014,1,21,2015,67.45,-133.74,SS,Bulk,2.8,0.2,7.25,,-29.3,,-656.7,,8525.6,0.346,0.74,9.8,,Holmes et al. (2022)
Mackenzie,Mackenzie ,Canada,North America,Arctic Red River 10LC014,3,26,2015,67.45,-133.74,SS,Bulk,2.7,0.2,7.55,,-28.8,,-637.1,,8078.5,0.366,0.7,10.7,,Holmes et al. (2022)
Mackenzie,Mackenzie ,Canada,North America,Arctic Red River 10LC014,4,24,2015,67.45,-133.74,SS,Bulk,25,0.5,2,,-30.1,,-621,,7730.4,0.382,0.2,10.1,,Holmes et al. (2022)
Mackenzie,Mackenzie ,Canada,North America,Arctic Red River 10LC014,7,11,2015,67.45,-133.74,PSD,Bulk,93.1,1.7,1.83,,-28.1,,-657.9,,8553.5,0.345,0.17,10.4,,Holmes et al. (2022)
Mackenzie,Mackenzie ,Canada,North America,Arctic Red River 10LC014,7,11,2015,67.45,-133.74,PSD,Bulk,96.3,1.7,1.71,,-27.9,,,,,,0.19,8.9,,Holmes et al. (2022)
Mackenzie,Mackenzie ,Canada,North America,Arctic Red River 10LC014,7,11,2015,67.45,-133.74,PSD,Bulk,89.5,1.7,1.95,,-27.9,,,,,,0.25,7.6,,Holmes et al. (2022)
Mackenzie,Mackenzie ,Canada,North America,Arctic Red River 10LC014,9,13,2015,67.45,-133.74,PSD,Bulk,96.4,1.7,1.76,,-27.9,,-774.3,,11893.7,0.228,0.21,8.5,,Holmes et al. (2022)
Mackenzie,Mackenzie ,Canada,North America,Arctic Red River 10LC014,9,13,2015,67.45,-133.74,PSD,Bulk,85.3,0.9,1.1,,-28.8,,,,,,0.19,5.8,,Holmes et al. (2022)
Mackenzie,Mackenzie ,Canada,North America,Arctic Red River 10LC014,9,13,2015,67.45,-133.74,PSD,Bulk,81.5,1.5,1.8,,-28,,,,,,0.22,8.1,,Holmes et al. (2022)
Mackenzie,Mackenzie ,Canada,North America,Arctic Red River 10LC014,11,17,2015,67.45,-133.74,SS,Bulk,6.8,0.8,11.82,,-28.3,,-549.3,,6338,0.454,1.47,8,,Holmes et al. (2022)
Mackenzie,Mackenzie ,Canada,North America,Arctic Red River 10LC014,1,31,2016,67.45,-133.74,SS,Bulk,2.6,0.1,3.83,,-29.6,,-615.9,,7621.8,0.387,0.5,7.7,,Holmes et al. (2022)
Mackenzie,Mackenzie ,Canada,North America,Arctic Red River 10LC014,4,23,2016,67.45,-133.74,SS,Bulk,5.9,0.3,5.12,,-28,,-581.4,,6932.4,0.422,0.47,10.9,,Holmes et al. (2022)
Mackenzie,Mackenzie ,Canada,North America,Arctic Red River 10LC014,6,5,2016,67.45,-133.74,PSD,Bulk,186.7,1.6,0.86,,-27.7,,-761.1,,11437.3,0.241,0.12,7.2,,Holmes et al. (2022)
Mackenzie,Mackenzie ,Canada,North America,Arctic Red River 10LC014,6,5,2016,67.45,-133.74,PSD,Bulk,114.6,1.7,1.44,,-27.2,,,,,,0.19,7.7,,Holmes et al. (2022)
Mackenzie,Mackenzie ,Canada,North America,Arctic Red River 10LC014,6,5,2016,67.45,-133.74,PSD,Bulk,102.8,1.5,1.45,,-27.2,,,,,,0.18,8,,Holmes et al. (2022)
Mackenzie,Mackenzie ,Canada,North America,Arctic Red River 10LC014,8,21,2016,67.45,-133.74,PSD,Bulk,80.2,1.2,1.5,,-27.7,,-554.9,,6437.7,0.449,0.18,8.3,,Holmes et al. (2022)
Mackenzie,Mackenzie ,Canada,North America,Arctic Red River 10LC014,8,21,2016,67.45,-133.74,PSD,Bulk,59.5,1.2,1.98,,-27.6,,,,,,0.24,8.3,,Holmes et al. (2022)
Mackenzie,Mackenzie ,Canada,North America,Arctic Red River 10LC014,8,21,2016,67.45,-133.74,PSD,Bulk,58,1.2,2.14,,-27.5,,,,,,0.26,8.3,,Holmes et al. (2022)
Mackenzie,Mackenzie ,Canada,North America,Arctic Red River 10LC014,10,2,2016,67.45,-133.74,PSD,Bulk,48.7,1.1,2.26,,-27.8,,-565.6,,6633.4,0.438,0.21,10.6,,Holmes et al. (2022)
Mackenzie,Mackenzie ,Canada,North America,Arctic Red River 10LC014,10,2,2016,67.45,-133.74,PSD,Bulk,45.4,1.1,2.31,,-27.6,,,,,,0.22,10.4,,Holmes et al. (2022)
Mackenzie,Mackenzie ,Canada,North America,Arctic Red River 10LC014,10,2,2016,67.45,-133.74,PSD,Bulk,43.1,1,2.3,,-27.6,,,,,,0.27,8.6,,Holmes et al. (2022)
Mackenzie,Mackenzie ,Canada,North America,Arctic Red River 10LC014,12,1,2016,67.45,-133.74,SS,Bulk,28,1.3,4.64,,-27.7,,-587.5,,7047.4,0.416,0.51,9,,Holmes et al. (2022)
Mackenzie,Mackenzie ,Canada,North America,Arctic Red River 10LC014,2,22,2017,67.45,-133.74,SS,Bulk,0.8,0.3,35,,-27.4,,-588.1,,7061,0.415,2.69,13,,Holmes et al. (2022)
Mackenzie,Mackenzie ,Canada,North America,Arctic Red River 10LC014,4,25,2017,67.45,-133.74,SS,Bulk,4.1,0.2,4.85,,-27.4,,-738,,10695.4,0.264,0.42,11.4,,Holmes et al. (2022)
Mackenzie,Mackenzie ,Canada,North America,Arctic Red River 10LC014,6,29,2017,67.45,-133.74,SS,Bulk,208,3,1.43,,-26.9,,-771.5,,11795.4,0.23,0.18,8.2,,Holmes et al. (2022)
Mackenzie,Mackenzie ,Canada,North America,Arctic Red River 10LC014,8,28,2017,67.45,-133.74,SS,Bulk,84.9,1.3,1.53,,-27.6,,-727,,10364.6,0.275,0.19,8.3,,Holmes et al. (2022)
Mackenzie,Mackenzie ,Canada,North America,Arctic Red River 10LC014,11,28,2017,67.45,-133.74,SS,Bulk,2.8,0.2,8.3,,-27.8,,-614.5,,7590.8,0.389,0.85,9.7,,Holmes et al. (2022)
Mackenzie,Mackenzie ,Canada,North America,Arctic Red River 10LC014,12,19,2017,67.45,-133.74,SS,Bulk,1.6,0.2,12.18,,-29.3,,-609.6,,7490.1,0.394,0.9,13.6,,Holmes et al. (2022)
Mackenzie,Mackenzie ,Canada,North America,Arctic Red River 10LC014,2,19,2018,67.45,-133.74,SS,Bulk,4.7,0.1,2.15,,-27.7,,-517,,5779.7,0.487,0.28,7.7,,Holmes et al. (2022)
Mackenzie,Mackenzie ,Canada,North America,Arctic Red River 10LC014,3,9,2018,67.45,-133.74,SS,Bulk,6.5,0.2,3.1,,-27,,-563,,6584,0.441,0.26,11.8,,Holmes et al. (2022)
Mackenzie,Mackenzie ,Canada,North America,Arctic Red River 10LC014,5,3,2018,67.45,-133.74,SS,Bulk,3,0.2,5.72,,-27,,-533.4,,6058.3,0.47,0.64,8.9,,Holmes et al. (2022)
Mackenzie,Mackenzie ,Canada,North America,Arctic Red River 10LC014,7,18,2018,67.45,-133.74,SS,Bulk,163.5,2.4,1.49,,-26.7,,-631.5,,7954.3,0.372,0.14,10.9,,Holmes et al. (2022)
Mackenzie,Mackenzie ,Canada,North America,Arctic Red River 10LC014,9,19,2018,67.45,-133.74,SS,Bulk,42.7,0.7,1.52,,-27.3,,-529,,5981.8,0.475,0.19,8,,Holmes et al. (2022)
Mackenzie,Mackenzie ,Canada,North America,Arctic Red River 10LC014,11,27,2018,67.45,-133.74,SS,Bulk,2,0.1,5.56,,-27.5,,-492,,5374.4,0.512,0.76,7.3,,Holmes et al. (2022)
Mackenzie,Mackenzie ,Canada,North America,Arctic Red River 10LC014,2,7,2019,67.45,-133.74,SS,Bulk,2,0.1,4.52,,-27.3,,-484.9,,5262.3,0.519,0.6,7.5,,Holmes et al. (2022)
Mackenzie,Mackenzie ,Canada,North America,Arctic Red River 10LC014,4,16,2019,67.45,-133.74,SS,Bulk,5.6,0.2,2.85,,-27.9,,-507.9,,5627.7,0.496,0.32,8.9,,Holmes et al. (2022)
Mackenzie,Mackenzie ,Canada,North America,Arctic Red River 10LC014,6,10,2019,67.45,-133.74,SS,Bulk,229.7,1.6,0.7,,-26.8,,-618.8,,7680.1,0.384,0.11,6.7,,Holmes et al. (2022)
Mackenzie,Mackenzie ,Canada,North America,Arctic Red River 10LC014,9,12,2019,67.45,-133.74,SS,Bulk,102.3,1.7,1.64,,-26.9,,-629.2,,7902.6,0.374,0.16,10.2,,Holmes et al. (2022)
Mackenzie,Mackenzie ,Canada,North America,Mackenzie River at outlet of Great Slave Lake,6,18,2018,61.29,-117.67,MS,Bulk,< 3,0.2,,,-27,,-250.9,3.1,2254,0.755,,,,Campeau et al. (2020)
Mackenzie,Mackenzie ,Canada,North America,Mackenzie River at N'Dulee ferry,6,20,2018,62.2,-122.59,MS,Bulk,64,0.1,0.16,,-27,,-603.6,1.4,7368,0.4,,,,Campeau et al. (2020)
Mackenzie,Mackenzie ,Canada,North America,Mackenzie River-East channel in Inuvik,6,27,2018,68.45,-133.89,MS,Bulk,72,0.1,0.14,,-26.9,,-648.1,1.5,8323,0.355,,,,Campeau et al. (2020)
Mackenzie,Mackenzie ,Canada,North America,Mackenzie River upstream of Arctic Red River junction,6,29,2018,67.55,-133.86,MS,Bulk,116,0.4,0.34,,-26.5,,-612.6,1.6,7552,0.391,,,,Campeau et al. (2020)
Mackenzie,Mackenzie ,Canada,North America,Mackenzie River upstream of Peel River junction,6,30,2018,67.81,-134.71,MS,Bulk,142,0.2,0.14,,-26.7,,-642.9,1.4,8206,0.36,,,,Campeau et al. (2020)
Mackenzie,"Marian, ",Canada,North America,Marian River at outlet into Russell Lake,6,17,2018,63.23,-116.47,MS,Bulk,< 3,0.3,,,-27,,-133.7,2.4,1087,0.874,,,,Campeau et al. (2020)
Mackenzie,Peace ,Canada,North America,Peace River at Peace Point,6,12,2018,59.22,-112.48,MS,Bulk,146,,,,-26.8,,-635.7,1,8046,0.367,,,,Campeau et al. (2020)
Mackenzie,Peel ,Canada,North America,Peel Fort McPherson,9,7,2010,67.33,-134.87,PSD,Bulk,250,5,2,0.16,-26.8,,-619.8,3.24,7709.4,0.383,0.17,12,0.19,Hilton et al. (2015)
Mackenzie,Peel ,Canada,North America,Peel Fort McPherson,9,7,2010,67.33,-134.87,PSD,Bulk,101,2.3,2.24,0.18,-26.8,,-718.1,5.06,10111.8,0.284,0.21,10.7,0.28,Hilton et al. (2015)
Mackenzie,Peel ,Canada,North America,Peel Fort McPherson,6,11,2011,67.33,-134.87,PSD,Bulk,325,7.4,2.27,0.18,-26.8,,-523.5,2.18,5896,0.48,0.19,11.8,0.2,Hilton et al. (2015)
Mackenzie,Peel ,Canada,North America,Peel Fort McPherson,6,11,2011,67.33,-134.87,PSD,Bulk,146,2.7,1.85,0.15,-26.6,,-687.3,4.36,9279.6,0.315,0.18,10,0.27,Hilton et al. (2015)
Mackenzie,Peel ,Canada,North America,Fort McPherson,6,7,2017,67.33,-134.87,PSD,Bulk,,35.5,,,,,-393.9,3.2,3957.5,0.611,,,,Schwab et al. (2020)
Mackenzie,Peel ,Canada,North America,Fort McPherson,6,7,2017,67.33,-134.87,PSD,Bulk,,8.2,,,,,-533.8,4.5,6065.1,0.47,,,,Schwab et al. (2020)
Mackenzie,Peel ,Canada,North America,Fort McPherson,6,7,2017,67.33,-134.87,PSD,Bulk,,7.2,,,,,-568.5,6.5,6686.7,0.435,,,,Schwab et al. (2020)
Mackenzie,Peel ,Canada,North America,Fort McPherson,6,7,2017,67.33,-134.87,PSD,Bulk,,3.7,,,,,-664.7,9.8,8713.5,0.338,,,,Schwab et al. (2020)
Mackenzie,Peel ,Canada,North America,Fort McPherson,6,12,2018,67.32,-134.86,PSD,Bulk,,30.1,,,,,-552.7,6.1,6396.6,0.451,,,,Schwab et al. (2020)
Mackenzie,Peel ,Canada,North America,Fort McPherson,6,12,2018,67.32,-134.86,PSD,Bulk,,24.4,,,,,-594.4,5.8,7181.8,0.409,,,,Schwab et al. (2020)
Mackenzie,Peel ,Canada,North America,Fort McPherson,6,12,2018,67.33,-134.86,PSD,Bulk,,5.6,,,,,-613.2,6.3,7563.9,0.39,,,,Schwab et al. (2020)
Mackenzie,Peel ,Canada,North America,Fort McPherson,6,12,2018,67.33,-134.86,PSD,Bulk,,4.1,,,,,-704.4,7.1,9725.2,0.298,,,,Schwab et al. (2020)
Mackenzie,Peel ,Canada,North America,Fort McPherson,6,12,2018,67.33,-134.86,PSD,Bulk,,3,,,,,-727.3,7.9,10370.5,0.275,,,,Schwab et al. (2020)
Mackenzie,Peel ,Canada,North America,Fort McPherson,6,8,2019,67.34,-134.88,SS,Bulk,,2.7,,,,,-598.4,5.9,7260.8,0.405,,,,Schwab et al. (2020)
Mackenzie,Peel ,Canada,North America,Peel River at Fort McPherson,6,30,2018,67.52,-135.1,MS,Bulk,576,4.2,0.73,,-27,,-709.4,2,9861,0.293,,,,Campeau et al. (2020)
Mackenzie,Sambaa' Ke ,Canada,North America,Sambaa 'Ke  River at outlet,6,23,2018,61.3,-120.06,MS,Bulk,< 3,0.7,,,-26.8,,-98.7,3,769,0.909,,,,Campeau et al. (2020)
Mackenzie,Slave ,Canada,North America,Slave River 1-upstream of delta,6,10,2018,61.45,-113.63,MS,Bulk,218,,,,-26.9,,-690.4,0.9,9352,0.312,,,,Campeau et al. (2020)
Mackenzie,Slave ,Canada,North America,Slave River 2-at Fort Fitzgerald,6,11,2018,59.99,-111.83,MS,Bulk,248,,,,-27,,-644.3,1,8237,0.359,,,,Campeau et al. (2020)
Mackenzie,Snare ,Canada,North America,Snare River at outlet into Russell Lake,6,17,2018,63.28,-116.03,MS,Bulk,< 3,0.2,,,-26.7,,-179.8,3.1,1526,0.827,,,,Campeau et al. (2020)
Mackenzie,South Nahanni ,Canada,North America,South Nahanni River at Liard River junction,6,22,2018,61.26,-123.56,MS,Bulk,142,0.2,0.14,,-25.7,,-505.4,1.3,5589,0.499,,,,Campeau et al. (2020)
Mackenzie,Willowlake ,Canada,North America,Willowlake River at Mackenzie River junction,6,20,2018,62.87,-123.09,MS,Bulk,12,0.2,1.67,,-27.1,,-352.2,2.4,3422,0.653,,,,Campeau et al. (2020)
Mackenzie,Yellowknife ,Canada,North America,Yellowknife River near outlet,6,15,2018,62.71,-114.47,MS,Bulk,< 3,0.2,,,-25.8,,-89,2.4,683,0.919,,,,Campeau et al. (2020)
Mascouche,Mascouche ,Canada,North America,,11,, 2001 - 2002,,,SS,Bulk,,0.6,,,-28.8,< 0.2,,,,,,7.4,,Hélie & Hillaire‐Marcel (2006)
Mississippi,Arkansas ,USA,North America,Arkansas River-Arkansas-T,,,October 1996–September 1997,34.67,-92.16,SS,Bulk,110,,,,-26.4,0.28,,,,,,7.5,,Kendall et al. (2001)
Mississippi,Atchafalaya ,USA,North America,Atchafalaya AR-2009,3,17,2009,29.63,-91.24,PSD,Bulk,,,0.85,,-26.6,0.2,-115.5,5,985,0.891,,,,Rosenheim et al. (2013)
Mississippi,Atchafalaya ,USA,North America,Atchafalaya AR11,10,1,1997,29.48,-91.27,SS,Bulk,,,1.84,0.02,-25,0.3,-278.4,,2570,0.726,0.2,10.7,,Gordon & Goñi (2003)
Mississippi,Atchafalaya ,USA,North America,Atchafalaya AR11,3,1,1998,29.48,-91.27,SS,Bulk,,,1.43,0.02,-24.9,0.3,-185.2,,1600,0.82,0.15,11.1,,Gordon & Goñi (2003)
Mississippi,Atchafalaya ,USA,North America,Atchafalaya AR11,4,1,1998,29.48,-91.27,SS,Bulk,,,1.88,0.02,-23.8,0.3,-244.9,,2210,0.759,0.21,10.4,,Gordon & Goñi (2003)
Mississippi,Atchafalaya ,USA,North America,Atchafalaya-Atchafalaya-D,,,October 1996–September 1997,30.69,-91.74,SS,Bulk,184,,,,-26.8,0.28,,,,,,8.5,,Kendall et al. (2001)
Mississippi,Chippewa ,USA,North America,Chippewa River-Durand,4,25,2015,44.63,-91.97,SS,Bulk,,,,,-30.4,,-107.7,,852.2,0.899,,7.5,,Voss et al. (2017)
Mississippi,Chippewa ,USA,North America,Chippewa River-Durand,6,9,2015,44.63,-91.97,SS,Bulk,,,,,-30.4,,-116.1,,928.2,0.891,,11,,Voss et al. (2017)
Mississippi,Chippewa ,USA,North America,Chippewa River-Durand,7,16,2015,44.63,-91.97,SS,Bulk,,,,,-31.6,,-104.5,,823.5,0.903,,8,,Voss et al. (2017)
Mississippi,Chippewa ,USA,North America,Chippewa River-Durand,10,19,2015,44.63,-91.97,SS,Bulk,,,,,-31.6,,-99,,774.3,0.908,,6.4,,Voss et al. (2017)
Mississippi,Chippewa ,USA,North America,Chippewa River-Durand,2,4,2016,44.63,-91.97,SS,Bulk,,,,,-31.3,,-256.7,,2319.9,0.749,,13.7,,Voss et al. (2017)
Mississippi,Chippewa ,USA,North America,Minnesota River-Fort Snelling,4,29,2015,44.63,-91.97,SS,Bulk,,,,,-31.9,,-135,,1101.8,0.872,,6.8,,Voss et al. (2017)
Mississippi,Chippewa ,USA,North America,Minnesota River-Fort Snelling,6,10,2015,44.63,-91.97,SS,Bulk,,,,,-30.9,,-257.3,,2326.4,0.749,,11.9,,Voss et al. (2017)
Mississippi,Chippewa ,USA,North America,Minnesota River-Fort Snelling,7,20,2015,44.63,-91.97,SS,Bulk,,,,,-30.3,,-171.7,,1450.1,0.835,,7.2,,Voss et al. (2017)
Mississippi,Chippewa ,USA,North America,Minnesota River-Fort Snelling,10,21,2015,44.63,-91.97,SS,Bulk,,,,,-33.5,,-164.5,,1380.6,0.842,,5.9,,Voss et al. (2017)
Mississippi,Chippewa ,USA,North America,Minnesota River-Fort Snelling,2,2,2016,44.63,-91.97,SS,Bulk,,,,,-32.2,,-296.7,,2764.2,0.709,,12.2,,Voss et al. (2017)
Mississippi,Mississippi ,USA,North America,MR2008,5,2,2008,29.94,-90.14,PSD,Bulk,,,0.92,,-25.3,0.2,-222.6,22,2020,0.783,,,,Rosenheim et al. (2013)
Mississippi,Mississippi ,USA,North America,MR2008,5,2,2008,29.94,-90.14,PSD,Bulk,,,1.02,,-25.1,0.2,-211.9,9,1910,0.794,,,,Rosenheim et al. (2013)
Mississippi,Mississippi ,USA,North America,MR2008,5,2,2008,29.94,-90.14,PSD,Bulk,,,0.98,,-25.5,0.2,-215.2,12,1950,0.79,,,,Rosenheim et al. (2013)
Mississippi,Mississippi ,USA,North America,MR2008,4,9,2009,29.94,-90.14,PSD,Bulk,,,0.95,,-23.3,0.2,-86.2,60,720,0.92,,,,Rosenheim et al. (2013)
Mississippi,Mississippi ,USA,North America,MR2008,4,9,2009,29.94,-90.14,PSD,Bulk,,,0.97,,,,,,500,,,,,Rosenheim et al. (2013)
Mississippi,Mississippi ,USA,North America,MR2009,4,9,2009,29.94,-90.14,PSD,Bulk,,,1.01,,-24.6,0.2,-149.9,45,1305,0.856,,,,Rosenheim et al. (2013)
Mississippi,Mississippi ,USA,North America,Mississippi River near Anoka,4,30,2015,45.11,-93.28,SS,Bulk,,,,,-29.9,,-156.4,,1303.1,0.85,,7.1,,Voss et al. (2017)
Mississippi,Mississippi ,USA,North America,Mississippi River near Anoka,6,9,2015,45.11,-93.28,SS,Bulk,,,,,-30.2,,-135.1,,1102.8,0.872,,10.5,,Voss et al. (2017)
Mississippi,Mississippi ,USA,North America,Mississippi River near Anoka,7,20,2015,45.11,-93.28,SS,Bulk,,,,,-28.9,,-122.7,,988.4,0.884,,10,,Voss et al. (2017)
Mississippi,Mississippi ,USA,North America,Mississippi River near Anoka,10,21,2015,45.11,-93.28,SS,Bulk,,,,,-31.5,,-230.5,,2040.6,0.776,,10.5,,Voss et al. (2017)
Mississippi,Mississippi ,USA,North America,Mississippi River near Anoka,2,2,2016,45.11,-93.28,SS,Bulk,,,,,,,-222.8,,1960.6,0.783,,9.2,,Voss et al. (2017)
Mississippi,Mississippi ,USA,North America,Mississippi River below Lock and Dam 3,7,17,2015,44.6,-92.57,SS,Bulk,,,,,-31.4,,-184.2,,1572.2,0.822,,8.2,,Voss et al. (2017)
Mississippi,Mississippi ,USA,North America,Mississippi River below Lock and Dam 3,10,20,2015,44.6,-92.57,SS,Bulk,,,,,-31.9,,-5.4,,modern,1.002,,8.1,,Voss et al. (2017)
Mississippi,Mississippi ,USA,North America,Mississippi River below Lock and Dam 3,2,3,2016,44.6,-92.57,SS,Bulk,,,,,-27.8,,-139.8,,1145.6,0.867,,12.2,,Voss et al. (2017)
Mississippi,Mississippi ,USA,North America,Mississippi River-Wabasha,4,28,2015,44.39,-92.04,SS,Bulk,,,,,-30.9,,0.1,,modern,1.008,,6.6,,Voss et al. (2017)
Mississippi,Mississippi ,USA,North America,Mississippi River-Wabasha,6,9,2015,44.39,-92.04,SS,Bulk,,,,,-31.1,,-72.8,,544,0.935,,8.2,,Voss et al. (2017)
Mississippi,Mississippi ,USA,North America,Mississippi River-Wabasha,7,16,2015,44.39,-92.04,SS,Bulk,,,,,-31.5,,39.1,,modern,1.047,,7.2,,Voss et al. (2017)
Mississippi,Mississippi ,USA,North America,Mississippi River-Wabasha,10,19,2015,44.39,-92.04,SS,Bulk,,,,,-31.6,,-152.2,,1263.2,0.854,,6.2,,Voss et al. (2017)
Mississippi,Mississippi ,USA,North America,Mississippi River-Wabasha,2,4,2016,44.39,-92.04,SS,Bulk,,,,,-32.8,,-198.3,,1711.3,0.808,,8.7,,Voss et al. (2017)
Mississippi,Mississippi ,USA,North America,MSv-Venice-top,5 and 6,,1986,,,SS,Bulk,,,1.92,0.04,-20.2,< 0.2,,,,,0.19,11.8,,Onstad et al. (2000)
Mississippi,Mississippi ,USA,North America,MSv-Venice-bottom-USA,5 and 6,,1986,,,SS,Bulk,,,1.81,0.04,-20.3,< 0.2,,,,,0.19,11.1,,Onstad et al. (2000)
Mississippi,Mississippi ,USA,North America,MSw-Winfield-USA,5 and 6,,1986,,,SS,Bulk,,,2.43,0.05,-21,< 0.2,,,,,0.26,10.9,,Onstad et al. (2000)
Mississippi,Mississippi ,USA,North America,Mississippi-Clinton,,,October 1996–September 1997,41.78,-90.25,SS,Bulk,67,,,,-25.5,0.28,,,,,,10.6,,Kendall et al. (2001)
Mississippi,Mississippi ,USA,North America,Mississippi-Grafton,,,October 1996–September 1997,38.95,-90.37,SS,Bulk,184,,,,-26.4,0.28,,,,,,7.7,,Kendall et al. (2001)
Mississippi,Mississippi ,USA,North America,Mississippi-Thebes,,,October 1996–September 1997,37.22,-89.46,SS,Bulk,186,,,,-24.6,0.28,,,,,,9.6,,Kendall et al. (2001)
Mississippi,Mississippi ,USA,North America,Mississippi-St Francisville,,,October 1996–September 1997,30.76,-91.4,SS,Bulk,170,,,,-25.9,0.28,,,,,,8.5,,Kendall et al. (2001)
Mississippi,Mississippi ,USA,North America,Lower river,4,14,2003,29.92,-90.13,SS,Bulk,171,2.1,1.22,,-25.5,,,,,,0.11,9.9,,Bianchi et al. (2007)
Mississippi,Mississippi ,USA,North America,Lower river,5,9,2003,29.92,-90.13,SS,Bulk,63,1.2,1.84,,-25.8,,,,,,0.19,8.5,,Bianchi et al. (2007)
Mississippi,Mississippi ,USA,North America,Lower river,5,23,2003,29.92,-90.13,SS,Bulk,114,1.6,1.43,,-24.6,,,,,,0.13,9.3,,Bianchi et al. (2007)
Mississippi,Mississippi ,USA,North America,Lower river,6,5,2003,29.92,-90.13,SS,Bulk,73,1.1,1.55,,-24.7,,,,,,0.17,7.8,,Bianchi et al. (2007)
Mississippi,Mississippi ,USA,North America,Lower river,6,19,2003,29.92,-90.13,SS,Bulk,97,1.7,1.74,,-25.8,,,,,,0.18,8.3,,Bianchi et al. (2007)
Mississippi,Mississippi ,USA,North America,Lower river,7,11,2003,29.92,-90.13,SS,Bulk,68,1.2,1.76,,-23.4,,,,,,0.18,8.2,,Bianchi et al. (2007)
Mississippi,Mississippi ,USA,North America,Lower river,9,25,2003,29.92,-90.13,SS,Bulk,39,0.6,1.57,,-25.5,,,,,,0.18,7.6,,Bianchi et al. (2007)
Mississippi,Mississippi ,USA,North America,Lower river,1,8,2004,29.92,-90.13,SS,Bulk,74,1.3,1.75,,-24.6,,,,,,0.19,8,,Bianchi et al. (2007)
Mississippi,Mississippi ,USA,North America,Lower river,1,22,2004,29.92,-90.13,SS,Bulk,176,2.8,1.58,,-25,,,,,,0.16,8.5,,Bianchi et al. (2007)
Mississippi,Mississippi ,USA,North America,Lower river,2,5,2004,29.92,-90.13,SS,Bulk,130,2.1,1.65,,-25.3,,,,,,0.18,7.8,,Bianchi et al. (2007)
Mississippi,Mississippi ,USA,North America,Lower river,2,19,2004,29.92,-90.13,SS,Bulk,163,2.1,1.31,,-25.8,,,,,,1.12,9.2,,Bianchi et al. (2007)
Mississippi,Mississippi ,USA,North America,Lower river,3,11,2004,29.92,-90.13,SS,Bulk,93,1.3,1.43,,-26,,,,,,0.16,8.1,,Bianchi et al. (2007)
Mississippi,Mississippi ,USA,North America,Lower river,3,25,2004,29.92,-90.13,SS,Bulk,191,2.9,1.51,,-23.8,,,,,,0.14,9.2,,Bianchi et al. (2007)
Mississippi,Mississippi ,USA,North America,Lower river,4,8,2004,29.92,-90.13,SS,Bulk,82,1.6,1.98,,-25.3,,,,,,0.21,8.1,,Bianchi et al. (2007)
Mississippi,Mississippi ,USA,North America,Lower river,4,22,2004,29.92,-90.13,SS,Bulk,116,2.1,1.81,,-24.3,,,,,,0.85,8.4,,Bianchi et al. (2007)
Mississippi,Mississippi ,USA,North America,Lower river,5,6,2004,29.92,-90.13,SS,Bulk,119,1.9,1.62,,-25.2,,,,,,0.16,8.6,,Bianchi et al. (2007)
Mississippi,Mississippi ,USA,North America,Lower river,5,20,2004,29.92,-90.13,SS,Bulk,159,1.6,1.02,,-25.7,,,,,,0.11,8.2,,Bianchi et al. (2007)
Mississippi,Mississippi ,USA,North America,Lower river,6,3,2004,29.92,-90.13,SS,Bulk,75,1.3,1.75,,-26.1,,,,,,0.21,7.1,,Bianchi et al. (2007)
Mississippi,Mississippi ,USA,North America,Lower river,6,22,2004,29.92,-90.13,SS,Bulk,128,1.6,1.27,,-24.3,,,,,,0.13,8.1,,Bianchi et al. (2007)
Mississippi,Mississippi ,USA,North America,Lower river,6,30,2004,29.92,-90.13,SS,Bulk,142,2.3,1.6,,-23.8,,,,,,0.17,8.1,,Bianchi et al. (2007)
Mississippi,Mississippi ,USA,North America,Lower river,9,23,2004,29.92,-90.13,SS,Bulk,80,1.2,1.45,,-23.5,,,,,,0.16,7.9,,Bianchi et al. (2007)
Mississippi,Mississippi ,USA,North America,Ohio R.,2,12,2004,37,-89.16,SS,Bulk,,,2.29,,-25.5,,,,,,0.2,9.9,,Bianchi et al. (2007)
Mississippi,Mississippi ,USA,North America,Upper Miss. R.,4,14,2004,38.88,-90.19,SS,Bulk,,,3.02,,-26.2,,,,,,0.41,6.3,,Bianchi et al. (2007)
Mississippi,Mississippi ,USA,North America,Upper Miss. R.,7,16,2004,38.88,-90.19,SS,Bulk,,,2.38,,-24.7,,,,,,0.23,8.7,,Bianchi et al. (2007)
Mississippi,Mississippi ,USA,North America,Missouri R.,4,14,2004,38.56,-91.01,SS,Bulk,,,2.42,,-24.3,,,,,,0.34,6.2,,Bianchi et al. (2007)
Mississippi,Mississippi ,USA,North America,Missouri R.,7,16,2004,38.56,-91.01,SS,Bulk,,,1.66,,-19.7,,,,,,0.15,9.2,,Bianchi et al. (2007)
Mississippi,Mississippi ,USA,North America,Lower river,8,,1998,29.92,-90.13,SS,Bulk,,,1,,-23.1,,,,,,0.1,10,,Bianchi et al. (2002)
Mississippi,Mississippi ,USA,North America,Lower river,10,,1998,29.92,-90.13,SS,Bulk,,,1.4,,-23.5,,,,,,0.1,10.5,,Bianchi et al. (2002)
Mississippi,Mississippi ,USA,North America,Lower river,3,,1999,29.92,-90.13,SS,Bulk,,,0.8,,-24.5,,,,,,0.1,13.3,,Bianchi et al. (2002)
Mississippi,Mississippi ,USA,North America,Lower river,4,,1999,29.92,-90.13,SS,Bulk,,,0.5,,-24.6,,,,,,0.03,16,,Bianchi et al. (2002)
Mississippi,Mississippi ,USA,North America,Lower river,5,,1999,29.92,-90.13,SS,Bulk,,,1.1,,-22.8,,,,,,0.1,11.4,,Bianchi et al. (2002)
Mississippi,Mississippi ,USA,North America,Lower river,11,,1999,29.92,-90.13,SS,Bulk,,,1.9,,-22.8,,,,,,0.2,10.4,,Bianchi et al. (2002)
Mississippi,Mississippi ,USA,North America,Lower river,2,,2000,29.92,-90.13,SS,Bulk,,,1.8,,-24.7,,,,,,0.2,9,,Bianchi et al. (2002)
Mississippi,Mississippi ,USA,North America,Lower river,9,,1998,29.92,-90.13,SS,Bulk,,,1.5,,-22.6,,,,,,0.2,9.8,,Bianchi et al. (2002)
Mississippi,Mississippi ,USA,North America,Lower river,4,,1999,29.92,-90.13,SS,Bulk,,,0.7,,-24.6,,,,,,0.1,11.9,,Bianchi et al. (2002)
Mississippi,Mississippi ,USA,North America,Lower river,5,,1999,29.92,-90.13,SS,Bulk,,,0.9,,-21.5,,,,,,0.1,10.3,,Bianchi et al. (2002)
Mississippi,Mississippi ,USA,North America,Lower river,7,,1999,29.92,-90.13,SS,Bulk,,,1.5,,-21.9,,,,,,0.1,11,,Bianchi et al. (2002)
Mississippi,Mississippi ,USA,North America,Lower river,2,,2000,29.92,-90.13,SS,Bulk,,,1.6,,-22.8,,,,,,0.2,9.2,,Bianchi et al. (2002)
Mississippi,Mississippi ,USA,North America,,,,1996,29.26,-89.34,SS,Bulk,,,1.82,,-23.6,,-180.6,2.9,1545.3,0.825,0.21,11.6,,Wakeham et al. (2009)
Mississippi,Missouri ,USA,North America,MO,5 and 6,,1986,,,SS,Bulk,,,1.81,0.04,-19.4,< 0.2,,,,,0.22,9.6,,Onstad et al. (2000)
Mississippi,Missouri ,USA,North America,Missouri River-Culbertson,,,October 1996–September 1997,38.65,-82.86,SS,Bulk,501,,,,-27.1,0.28,,,,,,6.9,,Kendall et al. (2001)
Mississippi,Missouri ,USA,North America,Yellowstone-Yellowstone-T,,,October 1996–September 1997,37.9,-86.71,SS,Bulk,572,,,,-26,0.28,,,,,,8.7,,Kendall et al. (2001)
Mississippi,Missouri ,USA,North America,Missouri River-Garrison,,,October 1996–September 1997,38.13,-87.94,SS,Bulk,4,,,,-26.6,0.28,,,,,,9,,Kendall et al. (2001)
Mississippi,Missouri ,USA,North America,Missouri River-Pierre,,,October 1996–September 1997,37.04,-88.53,SS,Bulk,1,,,,-32.1,0.28,,,,,,5.4,,Kendall et al. (2001)
Mississippi,Missouri ,USA,North America,Missouri River-Omaha,,,October 1996–September 1997,37.2,-89.04,SS,Bulk,638,,,,-25.6,0.28,,,,,,8.3,,Kendall et al. (2001)
Mississippi,Missouri ,USA,North America,Missouri River-Hermann,,,October 1996–September 1997,44.75,-92.85,SS,Bulk,420,,,,-22.6,0.28,,,,,,9.2,,Kendall et al. (2001)
Mississippi,Platte  ,USA,North America,Platte River-Platte-T,,,October 1996–September 1997,44.69,-93.64,SS,Bulk,1385,,,,-23.1,0.28,,,,,,7.3,,Kendall et al. (2001)
Mississippi,Red ,USA,North America,RD,5 and 6,,1986,,,SS,Bulk,,,0.74,0.01,-23.3,< 0.2,,,,,0.09,9.6,,Onstad et al. (2000)
Mississippi,St. Croix ,USA,North America,St. Croix River-Prescott,4,30,2015,44.76,-92.81,SS,Bulk,,,,,-33.6,,-205.7,,1786.8,0.801,,7.3,,Voss et al. (2017)
Mississippi,St. Croix ,USA,North America,St. Croix River-Prescott,6,10,2015,44.76,-92.81,SS,Bulk,,,,,-31.9,,-117.9,,944.6,0.889,,6.7,,Voss et al. (2017)
Mississippi,St. Croix ,USA,North America,St. Croix River-Prescott,7,17,2015,44.76,-92.81,SS,Bulk,,,,,-35,,-154.9,,1288.8,0.852,,6,,Voss et al. (2017)
Mississippi,St. Croix ,USA,North America,St. Croix River-Prescott,10,20,2015,44.76,-92.81,SS,Bulk,,,,,-32.9,,-183.2,,1562.4,0.823,,8.4,,Voss et al. (2017)
Mississippi,St. Croix ,USA,North America,St. Croix River-Prescott,2,3,2016,44.76,-92.81,SS,Bulk,,,,,-31.9,,-249.3,,2239.3,0.757,,9.9,,Voss et al. (2017)
Mississippi,Yazoo ,USA,North America,Yazoo River-Yazoo-T,,,October 1996–September 1997,34.68,-92.15,SS,Bulk,307,,,,-26.8,0.28,,,,,,8.5,,Kendall et al. (2001)
Navarro,Navarro ,USA,North America,NV021230,,,1999 - 2004,39.2,-123.75,SS,Bulk,,,1.01,0.02,-25.5,0.2,-269.5,,2418.8,0.74,0.07,15.4,,Leithold et al. (2006)
Navarro,Navarro ,USA,North America,NV021215,,,1999 - 2004,39.2,-123.75,SS,<25μm,,,1.28,0.03,-25.5,0.2,-285.4,,2638.9,0.72,0.12,10.8,,Leithold et al. (2006)
Navarro,Navarro ,USA,North America,NV021215,,,1999 - 2004,39.2,-123.75,SS,Bulk,,,1.48,0.03,-25.8,0.2,-176,,1496.8,0.83,0.1,14.3,,Leithold et al. (2006)
Navarro,Navarro ,USA,North America,NV021214,,,1999 - 2004,39.2,-123.75,SS,Bulk,,,1.54,0.03,-26.2,0.2,-165.5,,1400.6,0.84,0.11,14,,Leithold et al. (2006)
Navarro,Navarro ,USA,North America,NV040109,,,1999 - 2004,39.2,-123.75,SS,Bulk,,,1.44,0.03,-26,0.2,-127.1,,1026.9,0.88,0.1,14.9,,Leithold et al. (2006)
Navarro,Navarro ,USA,North America,NV040217,,,1999 - 2004,39.2,-123.75,SS,Bulk,,,1.28,0.03,-25.9,0.2,-195.9,,1692.7,0.81,0.08,16.4,,Leithold et al. (2006)
Navarro,Navarro ,USA,North America,NV040226,,,1999 - 2004,39.2,-123.75,SS,Bulk,,,0.99,0.02,-25.8,0.2,-241,,2204.6,0.76,0.07,15.1,,Leithold et al. (2006)
Noyo,Noyo ,USA,North America,NO021230,,,1999 - 2004,39.43,-123.8,SS,Bulk,,,2.14,0.04,-26.2,0.2,-230,,1995.9,0.78,0.1,21.9,,Leithold et al. (2006)
Noyo,Noyo ,USA,North America,NO021215,,,1999 - 2004,39.43,-123.8,SS,Bulk,,,2.61,0.05,-26.1,0.2,-1.6,,modern,1,0.17,15.3,,Leithold et al. (2006)
Noyo,Noyo ,USA,North America,NO021214,,,1999 - 2004,39.43,-123.8,SS,Bulk,,,2.53,0.05,-26.4,0.2,-30.7,,162.3,0.98,0.16,16.2,,Leithold et al. (2006)
Noyo,Noyo ,USA,North America,NO040217,,,1999 - 2004,39.43,-123.8,SS,Bulk,,,2.68,0.05,-26.5,0.2,-22.9,,162.3,0.98,0.13,20,,Leithold et al. (2006)
Noyo,Noyo ,USA,North America,NO040226,,,1999 - 2004,39.43,-123.8,SS,Bulk,,,1.97,0.04,-26.2,0.2,-54.4,,412,0.95,0.1,19.9,,Leithold et al. (2006)
Ohio,Ohio ,USA,North America,OH,5 and 6,,1986,,,SS,Bulk,,,2.75,0.06,-25.1,< 0.2,,,,,0.24,13.4,,Onstad et al. (2000)
Ohio,Ohio ,USA,North America,Ohio River-Greenup,,,October 1996–September 1997,41.78,-90.25,SS,Bulk,85,,,,-27.9,0.28,,,,,,14.2,,Kendall et al. (2001)
Ohio,Ohio ,USA,North America,Ohio River-Cannelton,,,October 1996–September 1997,38.95,-90.37,SS,Bulk,102,,,,-27.3,0.28,,,,,,12.6,,Kendall et al. (2001)
Ohio,Ohio ,USA,North America,Wabash River-Wabash-T,,,October 1996–September 1997,48.12,-104.48,SS,Bulk,123,,,,-26.3,0.28,,,,,,9.4,,Kendall et al. (2001)
Ohio,Ohio ,USA,North America,Tennessee River-Tennessee-T,,,October 1996–September 1997,47.68,-104.16,SS,Bulk,9,,,,-28.6,0.28,,,,,,6.8,,Kendall et al. (2001)
Ohio,Ohio ,USA,North America,Ohio River-Grand Chain,,,October 1996–September 1997,47.5,-101.43,SS,Bulk,80,,,,-26.8,0.28,,,,,,9.5,,Kendall et al. (2001)
Ottawa,Ottawa ,Canada,North America,,11,, 2001 - 2002,,,SS,Bulk,,0.2,,,-28.7,< 0.2,,,,,,15.3,,Hélie & Hillaire‐Marcel (2006)
Parker,Parker ,USA,North America,,1,6,1998,,,SS,Bulk,,1.7,,,-30,< 0.1,-94,5–10,746.3,0.911,,,,Raymond et al. (2004)
Parker,Parker ,USA,North America,,1,10,1998,,,SS,Bulk,,0.4,,,-33.7,< 0.1,-190,5–10,1646.1,0.815,,,,Raymond et al. (2004)
Parker,Parker ,USA,North America,,1,7,2000,,,SS,Bulk,,1.2,,,-31.5,< 0.1,-46,5–10,329.7,0.96,,,,Raymond et al. (2004)
Parker,Parker ,USA,North America,,1,9,2000,,,SS,Bulk,,0.6,,,-32.9,< 0.1,47,5–10,modern,1.053,,,,Raymond et al. (2004)
Parker,Parker ,USA,North America,,1,4,2000,,,SS,Bulk,,0.2,,,-30.9,< 0.1,-160,5–10,1352,0.845,,,,Raymond et al. (2004)
Parker,Parker ,USA,North America,,6,,1998,,,SS,Bulk,,2.5,,,-30,,-85,20,715,0.92,,,,Raymond & Bauer (2001)
Parker,Parker ,USA,North America,,10,,1998,,,SS,Bulk,,0.9,,,-33.7,,-190,25,1696,0.815,,,,Raymond & Bauer (2001)
Pecos,Pecos ,USA,North America,PC,5 and 6,,1986,,,SS,Bulk,,,0.73,0.01,-20.4,< 0.2,,,,,0.09,9.5,,Onstad et al. (2000)
Platte,Platte ,USA,North America,PL,5 and 6,,1986,,,SS,Bulk,,,2.93,0.06,-23.4,< 0.2,,,,,0.32,10.6,,Onstad et al. (2000)
Potmac,Potomac ,USA,North America,,,,1994,39,-77.25,SS,Bulk,,,,,-25.4,< 0.1,-75.2,< 7.0,585.1,0.93,,,,Hossler & Bauer (2012)
Potmac,Potomac ,USA,North America,,,,1994,39,-77.25,SS,Bulk,,,,,-30.9,< 0.1,-120.4,< 7.0,988.1,0.884,,,,Hossler & Bauer (2012)
Potmac,Potomac ,USA,North America,,,,1994,39,-77.25,SS,Bulk,,,,,-25.6,< 0.1,-48.5,< 7.0,356.9,0.957,,,,Hossler & Bauer (2012)
Potmac,Potomac ,USA,North America,,,,1994,39,-77.25,SS,Bulk,,,,,-24.1,< 0.1,-105,< 7.0,848.6,0.9,,,,Hossler & Bauer (2012)
Potmac,Potomac ,USA,North America,,,,1994,39,-77.25,SS,Bulk,,,,,-31.8,< 0.1,-51.5,< 7.0,382.2,0.954,,,,Hossler & Bauer (2012)
Potmac,Potomac ,USA,North America,,,,1994,39,-77.25,SS,Bulk,,,,,-25.6,< 0.1,-32.6,< 7.0,223.4,0.973,,,,Hossler & Bauer (2012)
Potmac,Potomac ,USA,North America,,,,1994,39,-77.25,SS,Bulk,,,,,-26,< 0.1,-38.4,< 7.0,272,0.967,,,,Hossler & Bauer (2012)
Rio Grande,Rio Grande ,USA,North America,Rio Grande-El Paso,,,October 1996–September 1997,31.8,-106.54,SS,Bulk,225,,,,-25.8,0.28,,,,,,7.6,,Kendall et al. (2001)
Rio Grande,Rio Grande ,USA,North America,Rio Grande-Foster,,,October 1996–September 1997,29.78,-101.76,SS,Bulk,4185,,,,-24.5,0.28,,,,,,7.8,,Kendall et al. (2001)
Rio Grande,Rio Grande ,USA,North America,Pecos River-Pecos-T,,,October 1996–September 1997,29.8,-101.45,SS,Bulk,17,,,,-25.9,0.28,,,,,,6.5,,Kendall et al. (2001)
Rio Grande,Rio Grande ,USA,North America,Rio Grande-Amistad,,,October 1996–September 1997,29.43,-101.04,SS,Bulk,10,,,,-26.9,0.28,,,,,,5.6,,Kendall et al. (2001)
Rio Grande,Rio Grande ,USA,North America,Rio Grande-Falcon,,,October 1996–September 1997,27.4,-99.49,SS,Bulk,13,,,,-27.9,0.28,,,,,,7.5,,Kendall et al. (2001)
Rio Grande,Rio Grande ,USA,North America,Arroyo-Arroyo-D,,,October 1996–September 1997,26.17,-97.7,SS,Bulk,435,,,,-25.8,0.28,,,,,,11.4,,Kendall et al. (2001)
Rio Grande,Rio Grande ,USA,North America,Rio Grande-Brownsville,,,October 1996–September 1997,25.88,-97.45,SS,Bulk,67,,,,-28.1,0.28,,,,,,9.3,,Kendall et al. (2001)
Rio Grande,Rio Grande ,USA,North America,RGn-NM,5 and 6,,1986,,,SS,Bulk,,,3.14,0.06,-25.9,< 0.2,,,,,0.35,10.5,,Onstad et al. (2000)
Rio Grande,Rio Grande ,USA,North America,RGt-TX,5 and 6,,1986,,,SS,Bulk,,,1.24,0.02,-22,< 0.2,,,,,0.17,8.5,,Onstad et al. (2000)
Roanoke,Roanoke ,USA,North America,,,,1994,35.95,-77.2,SS,Bulk,,,,,-29.2,< 0.1,8.9,< 7.0,modern,1.014,,,,Hossler & Bauer (2012)
Roanoke,Roanoke ,USA,North America,,,,1994,35.95,-77.2,SS,Bulk,,,,,-28.9,< 0.1,-82.1,< 7.0,645,0.923,,,,Hossler & Bauer (2012)
Roanoke,Roanoke ,USA,North America,,,,1994,35.95,-77.2,SS,Bulk,,,,,-27.2,< 0.1,-54.2,< 7.0,405.2,0.951,,,,Hossler & Bauer (2012)
Roanoke,Roanoke ,USA,North America,,,,1994,35.95,-77.2,SS,Bulk,,,,,-30.4,< 0.1,-7.9,< 7.0,modern,0.997,,,,Hossler & Bauer (2012)
Roanoke,Roanoke ,USA,North America,,,,1994,35.95,-77.2,SS,Bulk,,,,,-28.3,< 0.1,-49.3,< 7.0,362.9,0.956,,,,Hossler & Bauer (2012)
Roanoke,Roanoke ,USA,North America,,,,1994,35.95,-77.2,SS,Bulk,,,,,-27.2,< 0.1,51.3,< 7.0,modern,1.057,,,,Hossler & Bauer (2012)
Roanoke,Roanoke ,USA,North America,,,,1994,35.95,-77.2,SS,Bulk,,,,,-28.8,< 0.1,-6.2,< 7.0,modern,0.999,,,,Hossler & Bauer (2012)
Sag,Sag ,"Alask, USA",North America,,6,15,2004,69.22,-148.43,SS,Bulk,,,,,-26.9,,-465,4.2,4970,0.539,,,,Guo et al. (2007)
Sag,Sag ,"Alask, USA",North America,,8,30,2004,69.22,-148.43,SS,Bulk,,,,,-27,,-466,3.7,4980,0.537,,,,Guo et al. (2007)
Santa Clara,Santa Clara ,USA,North America,,11,22,1997,34.24,-119.22,SS,Bulk,,6.1,,,-33.3,0.1,14,< 6,modern,1.02,,6.7,,Masiello & Druffel (2001)
Santa Clara,Santa Clara ,USA,North America,,12,5,1997,34.24,-119.22,SS,Bulk,2422.3,86.2,3.56,,-25.3,0.1,-139,< 6,1118.7,0.87,0.37,9.7,,Masiello & Druffel (2001)
Santa Clara,Santa Clara ,USA,North America,,1,28,1998,34.24,-119.22,SS,Bulk,4937.7,79.2,1.6,,-24,0.1,-260.6,< 6,2418.8,0.74,0.17,9.5,,Masiello & Druffel (2001)
Santa Clara,Santa Clara ,USA,North America,,2,14,1998,34.24,-119.22,SS,Bulk,26768,197.3,0.74,,-19.7,0.1,-657,< 6,8433.2,0.35,0.08,8.9,,Masiello & Druffel (2001)
Santa Clara,Santa Clara ,USA,North America,,2,24,1998,34.24,-119.22,SS,Bulk,18692.1,215.5,1.15,,-22.3,0.1,-418,< 6,4238.5,0.59,0.1,11.4,,Masiello & Druffel (2001)
Santa Clara,Santa Clara ,USA,North America,,3,25,1998,34.24,-119.22,SS,Bulk,17813.1,217.3,1.22,,-20.6,0.1,-534,< 6,6065.1,0.47,0.15,8.1,,Masiello & Druffel (2001)
Santa Clara,Santa Clara ,USA,North America,D6863,2,24,1998,34.24,-119.22,SS,Bulk,,,0.94,0.02,-25.1,0.1,-271,6 to 20,2528.1,0.73,,,,Komada et al. (2004)
Santa Clara,Santa Clara ,USA,North America,D6430,3,25,1998,34.24,-119.22,SS,Bulk,,,1.11,0.02,-24.2,0.1,-437,6 to 20,4515.5,0.57,,,,Komada et al. (2004)
Santa Clara,Santa Clara ,USA,North America,D6864,11,8,2003,34.24,-119.22,SS,Bulk,,,3.44,0.02,-25.2,0.1,-232,6 to 20,2099.5,0.77,,,,Komada et al. (2004)
Santa Clara,Santa Clara ,USA,North America,D6835,2,12,2003,34.24,-119.22,SS,Bulk,,,1.76,0.02,-25.2,0.1,-276,6 to 20,2528.1,0.73,,,,Komada et al. (2004)
Santa Clara,Santa Clara ,USA,North America,D6834,3,25,2003,34.24,-119.22,SS,Bulk,,,1.01,0.02,-24.4,0.1,-544,6 to 20,6237.9,0.46,,,,Komada et al. (2004)
Santa Clara,Santa Clara ,USA,North America,D6865,5,3,2003,34.24,-119.22,SS,Bulk,,,1.37,0.02,-24.8,0.1,-333,6 to 20,3217,0.67,,,,Komada et al. (2004)
Santa Clara,Santa Clara ,USA,North America,,2,24,1998,34.24,-119.22,SS,Bulk,,,0.94,0.02,-25.1,0.1,-271,<  20,2492.4,0.733,,,,Komada et al. (2005)
Santa Clara,Santa Clara ,USA,North America,,3,25,1992,34.24,-119.22,SS,Bulk,,,1.11,0.02,-24.2,0.1,-437,<  20,4574,0.566,,,,Komada et al. (2005)
Santa Clara,Santa Clara ,USA,North America,,3,15,2003,34.24,-119.22,SS,Bulk,,,1.01,0.02,-24.4,0.1,-544,<  20,6256.5,0.459,,,,Komada et al. (2005)
Siuslaw,Siuslaw ,USA,North America,MP021227,,,1999 - 2004,44,-124.01,SS,Bulk,,,6.74,0.13,-27.1,0.2,7.1,,modern,1.01,0.32,21.1,,Leithold et al. (2006)
Siuslaw,Siuslaw ,USA,North America,MP030201,,,1999 - 2004,44,-124.01,SS,Bulk,,,4.67,0.09,-27.2,0.2,,,,,0.21,21.9,,Leithold et al. (2006)
Siuslaw,Siuslaw ,USA,North America,MP030323,,,1999 - 2004,44,-124.01,SS,Bulk,,,4.86,0.1,-26.8,0.2,22.9,,modern,1.03,0.24,19.9,,Leithold et al. (2006)
Siuslaw,Siuslaw ,USA,North America,MP031214,,,1999 - 2004,44,-124.01,SS,Bulk,,,5.43,0.11,-26.8,0.2,38.5,,modern,1.05,0.3,17.8,,Leithold et al. (2006)
Siuslaw,Siuslaw ,USA,North America,MP040130,,,1999 - 2004,44,-124.01,SS,Bulk,,,7.11,0.14,-27,0.2,26.8,,modern,1.03,0.37,19.4,,Leithold et al. (2006)
St Lawrence,St Lawrence ,Canada,North America,Montreal,11,,2001 - 2002,,,SS,Bulk,,0.1,,,-24.3,< 0.2,,,,,,10.7,,Hélie & Hillaire‐Marcel (2006)
St Lawrence,St Lawrence ,Canada,North America,Quebec,11,,2001 - 2002,,,SS,Bulk,,0.3,,,-24.8,< 0.2,,,,,,10.6,,Hélie & Hillaire‐Marcel (2006)
Susquehanna,Susquehanna ,USA,North America,,4,1,2000,,,SS,Bulk,,0.2,,,-25.6,< 0.1,-61,5–10,457,0.945,,,,Raymond et al. (2004)
Susquehanna,Susquehanna ,USA,North America,,,,1994,39.65,-76.17,SS,Bulk,,,,,-26.6,< 0.1,-113.5,< 7.0,924.6,0.891,,,,Hossler & Bauer (2012)
Susquehanna,Susquehanna ,USA,North America,,,,1994,39.65,-76.17,SS,Bulk,,,,,-33.8,< 0.1,-95.5,< 7.0,763.7,0.909,,,,Hossler & Bauer (2012)
Susquehanna,Susquehanna ,USA,North America,,,,1994,39.65,-76.17,SS,Bulk,,,,,-26.7,< 0.1,-151.6,< 7.0,1277.8,0.853,,,,Hossler & Bauer (2012)
Susquehanna,Susquehanna ,USA,North America,,,,1994,39.65,-76.17,SS,Bulk,,,,,-27,< 0.1,-222.2,< 7.0,1976.3,0.782,,,,Hossler & Bauer (2012)
Susquehanna,Susquehanna ,USA,North America,,,,1994,39.65,-76.17,SS,Bulk,,,,,-24.7,< 0.1,-113.5,< 7.0,924.6,0.891,,,,Hossler & Bauer (2012)
Susquehanna,Susquehanna ,USA,North America,,,,1994,39.65,-76.17,SS,Bulk,,,,,-25.4,< 0.1,0,< 7.0,modern,1.005,,,,Hossler & Bauer (2012)
Susquehanna,Susquehanna ,USA,North America,,,,1994,39.65,-76.17,SS,Bulk,,,,,-27.7,< 0.1,-168.4,< 7.0,1438.7,0.836,,,,Hossler & Bauer (2012)
Tombigbee,Tombigbee ,USA,North America,TM,5 and 6,,1986,,,SS,Bulk,,,2.48,0.05,-26.2,< 0.2,,,,,0.17,16.6,,Onstad et al. (2000)
Umpqua,Umpqua ,USA,North America,,10,23,2007,43.59,-123.55,SS,<63μm,7.4,0.6,8.11,0.41,-23.1,0.1,-38,0.2,255,0.969,0.95,8.6,,Goñi et al (2013)
Umpqua,Umpqua ,USA,North America,,3,17,2008,43.59,-123.55,SS,<63μm,14.7,0.7,4.76,0.24,-26.3,0.1,-59,0.3,425,0.948,0.43,11.1,,Goñi et al (2013)
Umpqua,Umpqua ,USA,North America,,12,20,2007,43.59,-123.55,SS,<63μm,74.9,2.5,3.34,0.17,-25.3,0.1,-49,0.2,350,0.958,0.3,11.1,,Goñi et al (2013)
Umpqua,Umpqua ,USA,North America,,12,30,2008,43.59,-123.55,SS,<63μm,244.5,6.4,2.62,0.13,-26.4,0.1,-30,0.2,190,0.977,0.16,16.3,,Goñi et al (2013)
Umpqua,Umpqua ,USA,North America,,12,29,2008,43.59,-123.55,SS,<63μm,384.7,10.1,2.63,0.13,-26.4,0.1,-44,0.2,305,0.963,0.19,13.7,,Goñi et al (2013)
Wabash,Wabash ,USA,North America,WB,5 and 6,,1986,,,SS,Bulk,,,2.45,0.05,-21.6,< 0.2,,,,,0.25,11.4,,Onstad et al. (2000)
York,Mattaponi ,USA,North America,Mattaponi F2,5,22,2011,37.59,-76.84,SS,Bulk,,0.9,,,-29.1,<0.07,89,<0.07,modern,1.097,,16.4,,Lu et al. (2014)
York,Mattaponi ,USA,North America,Mattaponi F3,7,24,2009,37.6,-76.85,SS,Bulk,,4.2,,,-29,<0.07,95,<0.07,modern,1.103,,18.1,,Lu et al. (2014)
York,Mattaponi ,USA,North America,Mattaponi F3,7,24,2009,37.6,-76.85,SS,Bulk,,2.2,,,-28.3,<0.07,89,<0.07,modern,1.097,,,,Lu et al. (2014)
York,Mattaponi ,USA,North America,Mattaponi P1,7,1,2009,37.6,-76.9,SS,Bulk,,1.7,,,-27.6,<0.07,74,<0.07,modern,1.082,,,,Lu et al. (2014)
York,Mattaponi ,USA,North America,Mattaponi P2,7,1,2009,37.59,-76.89,SS,Bulk,,0.3,,,-29.5,<0.07,76,<0.07,modern,1.084,,,,Lu et al. (2014)
York,Pamunkey ,USA,North America,Pamunkey F1,7,1,2009,37.59,-76.92,SS,Bulk,,0.3,,,-29.5,<0.07,79,<0.07,modern,1.087,,,,Lu et al. (2014)
York,Pamunkey ,USA,North America,Pamunkey C1,5,22,2009,37.58,-76.89,SS,Bulk,,0.6,,,-29.5,<0.07,,<0.07,,,,14.4,,Lu et al. (2014)
York,Pamunkey ,USA,North America,Pamunkey C2,7,24,2009,,,SS,Bulk,,0.8,,,-30.1,<0.07,68,<0.07,modern,1.076,,,,Lu et al. (2014)
York,York ,USA,North America,,7,1,1996,,,SS,Bulk,,0.8,,,,,24,5–10,modern,1.03,,,,Raymond et al. (2004)
York,York ,USA,North America,,11,1,1996,,,SS,Bulk,,0.4,,,-28.2,< 0.1,-38,5–10,266.5,0.967,,,,Raymond et al. (2004)
York,York ,USA,North America,,6,1,1997,,,SS,Bulk,,2.6,,,-30,< 0.1,-190,5–10,1647.1,0.815,,,,Raymond et al. (2004)
York,York ,USA,North America,,9,,1996,,,SS,Bulk,,0.8,,,,,24,13,modern,1.03,,,,Raymond & Bauer (2001)
York,York ,USA,North America,,11,,1996,,,SS,Bulk,,0.4,,,-28.2,,-38,18,316,0.967,,,,Raymond & Bauer (2001)
York,York ,USA,North America,,6,,1998,,,SS,Bulk,,2.6,,,-30,,-190,6,1690,0.815,,,,Raymond & Bauer (2001)
Yukon,Chena ,USA,North America,Chena-Tanana-Yukon River,3,4,2005,64.84,-147.65,SS,Bulk,,,14.5,,-29.5,,,,,,0.34,50,,Cai et al. (2008)
Yukon,Chena ,USA,North America,Chena-Tanana-Yukon River,3,16,2005,64.84,-147.65,SS,Bulk,,,16.4,,-29.4,,,,,,0.4,48,,Cai et al. (2008)
Yukon,Chena ,USA,North America,Chena-Tanana-Yukon River,4,11,2005,64.84,-147.65,SS,Bulk,,,16.6,,-29.7,,,,,,0.65,30,,Cai et al. (2008)
Yukon,Chena ,USA,North America,Chena-Tanana-Yukon River,4,21,2005,64.84,-147.65,SS,Bulk,,,16.6,,-30.1,,,,,,0.59,33,,Cai et al. (2008)
Yukon,Chena ,USA,North America,Chena-Tanana-Yukon River,4,27,2005,64.84,-147.65,SS,Bulk,,,4.78,,-28.1,,,,,,0.33,17,,Cai et al. (2008)
Yukon,Chena ,USA,North America,Chena-Tanana-Yukon River,5,5,2005,64.84,-147.65,SS,Bulk,,,7.89,,-25.9,,,,,,0.75,12,,Cai et al. (2008)
Yukon,Chena ,USA,North America,Chena-Tanana-Yukon River,5,13,2005,64.84,-147.65,SS,Bulk,,,10.5,,-28.2,,,,,,0.47,26,,Cai et al. (2008)
Yukon,Chena ,USA,North America,Chena-Tanana-Yukon River,5,27,2005,64.84,-147.65,SS,Bulk,,,8.98,,-27.8,,,,,,0.33,32,,Cai et al. (2008)
Yukon,Chena ,USA,North America,Chena-Tanana-Yukon River,6,8,2005,64.84,-147.65,SS,Bulk,,,6.98,,-27.9,,,,,,0.37,22,,Cai et al. (2008)
Yukon,Chena ,USA,North America,Chena-Tanana-Yukon River,6,27,2005,64.84,-147.65,SS,Bulk,,,8.26,,-28.3,,,,,,0.35,28,,Cai et al. (2008)
Yukon,Chena ,USA,North America,Chena-Tanana-Yukon River,7,5,2005,64.84,-147.65,SS,Bulk,,,9.48,,-27.8,,,,,,0.41,27,,Cai et al. (2008)
Yukon,Chena ,USA,North America,Chena-Tanana-Yukon River,7,19,2005,64.84,-147.65,SS,Bulk,,,9.14,,-28.1,,,,,,0.32,33,,Cai et al. (2008)
Yukon,Chena ,USA,North America,Chena-Tanana-Yukon River,8,1,2005,64.84,-147.65,SS,Bulk,,,8.9,,-28.2,,,,,,0.31,34,,Cai et al. (2008)
Yukon,Chena ,USA,North America,Chena-Tanana-Yukon River,8,10,2005,64.84,-147.65,SS,Bulk,,,14.2,,-31.9,,,,,,0.9,19,,Cai et al. (2008)
Yukon,Chena ,USA,North America,Chena-Tanana-Yukon River,8,16,2005,64.84,-147.65,SS,Bulk,,,13.2,,-33.8,,,,,,1.18,13,,Cai et al. (2008)
Yukon,Chena ,USA,North America,Chena-Tanana-Yukon River,8,29,2005,64.84,-147.65,SS,Bulk,,,18.7,,-33,,,,,,1.21,18,,Cai et al. (2008)
Yukon,Chena ,USA,North America,Chena-Tanana-Yukon River,9,8,2005,64.84,-147.65,SS,Bulk,,,16,,-31.8,,,,,,1,19,,Cai et al. (2008)
Yukon,Chena ,USA,North America,Chena-Tanana-Yukon River,9,20,2005,64.84,-147.65,SS,Bulk,,,19.3,,-30.2,,,,,,0.88,25,,Cai et al. (2008)
Yukon,Chena ,USA,North America,Chena-Tanana-Yukon River,9,30,2005,64.84,-147.65,SS,Bulk,,,11.6,,-28.5,,,,,,0.6,22,,Cai et al. (2008)
Yukon,Chena ,USA,North America,Chena-Tanana-Yukon River,10,13,2005,64.84,-147.65,SS,Bulk,,,34.1,,-28.7,,,,,,0.95,41,,Cai et al. (2008)
Yukon,Chena ,USA,North America,Chena-Tanana-Yukon River,10,25,2005,64.84,-147.65,SS,Bulk,,,25.1,,-28.7,,,,,,0.78,38,,Cai et al. (2008)
Yukon,Chena ,USA,North America,Chena-Tanana-Yukon River,11,7,2005,64.84,-147.65,SS,Bulk,,,27.8,,-28.5,,,,,,0.6,54,,Cai et al. (2008)
Yukon,Chena ,USA,North America,Chena-Tanana-Yukon River,11,21,2005,64.84,-147.65,SS,Bulk,,,22.2,,-29.9,,,,,,0.6,43,,Cai et al. (2008)
Yukon,Chena ,USA,North America,Chena-Tanana-Yukon River,12,2,2005,64.84,-147.65,SS,Bulk,,,25.2,,-29.2,,,,,,0.59,50,,Cai et al. (2008)
Yukon,Chena ,USA,North America,Chena-Tanana-Yukon River,12,19,2005,64.84,-147.65,SS,Bulk,,,25.4,,-29.3,,,,,,0.62,48,,Cai et al. (2008)
Yukon,Chena ,USA,North America,Chena-Tanana-Yukon River,1,6,2006,64.84,-147.65,SS,Bulk,,,19.6,,-28.9,,,,,,0.53,43,,Cai et al. (2008)
Yukon,Yukon ,"USA, Canada",North America,,7,15,2004,61.94,-162.87,SS,Bulk,,,,,-28.1,,-558,4.7,6510,0.445,,,,Guo et al. (2007)
Yukon,Yukon ,"USA, Canada",North America,,8,25,2004,61.94,-162.87,SS,Bulk,,,,,-26.6,,-531,4.8,6030,0.472,,,,Guo et al. (2007)
Yukon,Yukon ,"USA, Canada",North America,YR-01-P,5,15,2002,,,SS,Bulk,92,2.2,2.41,,-26.7,0.1,-253,1.3,2290,0.752,0.14,17,,Guo & McDonald (2006)
Yukon,Yukon ,"USA, Canada",North America,YR-02-P,5,31,2002,,,SS,Bulk,331,3.7,1.12,,-26.3,0.1,-368,2,3630,0.636,0.09,13.1,,Guo & McDonald (2006)
Yukon,Yukon ,"USA, Canada",North America,YR-03-P,6,14,2002,,,SS,Bulk,153,1.9,1.22,,-26.2,0.1,-368,2.1,3630,0.637,0.09,14.2,,Guo & McDonald (2006)
Yukon,Yukon ,"USA, Canada",North America,YR-04-P,7,12,2002,,,SS,Bulk,175,0.9,0.5,,-24.9,0.1,-467,2.4,5010,0.536,0.03,14.6,,Guo & McDonald (2006)
Yukon,Yukon ,"USA, Canada",North America,YR-05-P,8,9,2002,,,SS,Bulk,130,1.3,1.03,,-26.7,0.1,-413,2.2,4220,0.591,0.07,14.9,,Guo & McDonald (2006)
Yukon,Yukon ,"USA, Canada",North America,YR-06-P,9,12,2002,,,SS,Bulk,53,0.9,1.67,,-26.9,0.1,-350,1.2,3410,0.654,0.1,16.3,,Guo & McDonald (2006)
Yukon,Yukon ,"USA, Canada",North America,Yukon River at Pilot Station,,,1999 - 2004,61.93,-162.88,SS,Bulk,,,,,-26.4,,-334.4,,2840,0.7,,,,Striegl et al. (2007) 
Yukon,Yukon ,"USA, Canada",North America,Yukon River above White River,,,1999 - 2004,,,SS,Bulk,,,,,-29.9,,-304.6,,3710,0.63,,,,Striegl et al. (2007) 
Yukon,Yukon ,"USA, Canada",North America,Yukon River above Porcupine River,,,1999 - 2004,,,SS,Bulk,,,,,-25.7,,-334.4,,3250,0.67,,,,Striegl et al. (2007) 
Yukon,Yukon ,"USA, Canada",North America,Pilot Station-USGS: 15565447,6,18,2003,61.93,-162.88,SS,Bulk,402,2.9,0.72,,-25.5,,,,,,0.07,10.7,,Holmes et al. (2022)
Yukon,Yukon ,"USA, Canada",North America,Pilot Station-USGS: 15565447,4,7,2004,61.93,-162.88,SS,Bulk,5,0.6,12.2,,-36.3,,,,,,1.13,10.8,,Holmes et al. (2022)
Yukon,Yukon ,"USA, Canada",North America,Pilot Station-USGS: 15565447,5,26,2004,61.93,-162.88,SS,Bulk,339,1.8,0.53,,-28.9,,,,,,0.06,8.5,,Holmes et al. (2022)
Yukon,Yukon ,"USA, Canada",North America,Pilot Station-USGS: 15565447,6,15,2004,61.93,-162.88,SS,Bulk,514,2.8,0.55,,-29,,,,,,0.07,8.4,,Holmes et al. (2022)
Yukon,Yukon ,"USA, Canada",North America,Pilot Station-USGS: 15565447,6,29,2004,61.93,-162.88,SS,Bulk,299,2.9,0.98,,-28.8,,,,,,0.13,7.6,,Holmes et al. (2022)
Yukon,Yukon ,"USA, Canada",North America,Pilot Station-USGS: 15565447,7,19,2004,61.93,-162.88,SS,Bulk,,4.6,,,-28,,,,,,0,7.9,,Holmes et al. (2022)
Yukon,Yukon ,"USA, Canada",North America,Pilot Station-USGS: 15565447,8,18,2004,61.93,-162.88,SS,Bulk,499,3.7,0.74,,-26.6,,,,,,0.05,13.5,,Holmes et al. (2022)
Yukon,Yukon ,"USA, Canada",North America,Pilot Station-USGS: 15565447,9,22,2004,61.93,-162.88,SS,Bulk,,1.4,,,-31,,,,,,0,3.3,,Holmes et al. (2022)
Yukon,Yukon ,"USA, Canada",North America,Pilot Station-USGS: 15565447,3,17,2005,61.93,-162.88,SS,Bulk,5,0.3,5.4,,-36.6,,-426,,4403.5,0.578,0.59,9.2,,Holmes et al. (2022)
Yukon,Yukon ,"USA, Canada",North America,Pilot Station-USGS: 15565447,5,17,2005,61.93,-162.88,SS,Bulk,863,2.9,0.34,,-27.5,,,,,,0.04,7.6,,Holmes et al. (2022)
Yukon,Yukon ,"USA, Canada",North America,Pilot Station-USGS: 15565447,6,1,2005,61.93,-162.88,SS,Bulk,612,1.6,0.26,,-27.6,,,,,,0.04,7,,Holmes et al. (2022)
Yukon,Yukon ,"USA, Canada",North America,Pilot Station-USGS: 15565447,6,14,2005,61.93,-162.88,SS,Bulk,393,0.9,0.24,,-28.3,,,,,,0.03,7.2,,Holmes et al. (2022)
Yukon,Yukon ,"USA, Canada",North America,Pilot Station-USGS: 15565447,7,12,2005,61.93,-162.88,SS,Bulk,461,1.9,0.42,,-29.6,,,,,,0.07,6.1,,Holmes et al. (2022)
Yukon,Yukon ,"USA, Canada",North America,Pilot Station-USGS: 15565447,8,16,2005,61.93,-162.88,SS,Bulk,413,1.4,0.35,,-28.8,,,,,,0.06,5.9,,Holmes et al. (2022)
Yukon,Yukon ,"USA, Canada",North America,Pilot Station-USGS: 15565447,9,27,2005,61.93,-162.88,SS,Bulk,287,1,0.33,,-29.7,,,,,,0.05,7,,Holmes et al. (2022)
Yukon,Yukon ,"USA, Canada",North America,Pilot Station-USGS: 15565447,3,21,2006,61.93,-162.88,SS,Bulk,5.9,0.4,7.12,,-35,,-414,,4334.4,0.583,0.83,8.6,,Holmes et al. (2022)
Yukon,Yukon ,"USA, Canada",North America,Pilot Station-USGS: 15565447,9,28,2006,61.93,-162.88,SS,Bulk,56,,,,-28.5,,-460,,4994.6,0.537,,,,Holmes et al. (2022)
Yukon,Yukon ,"USA, Canada",North America,Pilot Station-USGS: 15565447,5,14,2009,61.93,-162.88,SS,Bulk,73.4,1.5,2.03,,-29.1,,,,,,0.18,11.6,,Holmes et al. (2022)
Yukon,Yukon ,"USA, Canada",North America,Pilot Station-USGS: 15565447,5,26,2009,61.93,-162.88,SS,Bulk,474.1,9.2,1.94,,-26.2,,,,,,0.16,12.3,,Holmes et al. (2022)
Yukon,Yukon ,"USA, Canada",North America,Pilot Station-USGS: 15565447,7,7,2009,61.93,-162.88,SS,Bulk,256,3.3,1.29,,-26.9,,,,,,0.1,12.4,,Holmes et al. (2022)
Yukon,Yukon ,"USA, Canada",North America,Pilot Station-USGS: 15565447,8,18,2009,61.93,-162.88,SS,Bulk,402.1,3,0.76,,-25.9,,,,,,0.09,8.3,,Holmes et al. (2022)
Yukon,Yukon ,"USA, Canada",North America,Pilot Station-USGS: 15565447,1,12,2010,61.93,-162.88,SS,Bulk,5.2,0.7,13.65,,-34,,,,,,1.4,9.7,,Holmes et al. (2022)
Yukon,Yukon ,"USA, Canada",North America,Pilot Station-USGS: 15565447,5,24,2010,61.93,-162.88,SS,Bulk,343.2,4.5,1.3,,-25.7,,,,,,0.08,15.8,,Holmes et al. (2022)
Yukon,Yukon ,"USA, Canada",North America,Pilot Station-USGS: 15565447,6,8,2010,61.93,-162.88,SS,Bulk,127.6,0.9,0.7,,-29.5,,,,,,0.14,5.1,,Holmes et al. (2022)
Yukon,Yukon ,"USA, Canada",North America,Pilot Station-USGS: 15565447,6,29,2010,61.93,-162.88,SS,Bulk,176.3,3.9,2.2,,-27.4,,,,,,0.16,13.9,,Holmes et al. (2022)
Yukon,Yukon ,"USA, Canada",North America,Pilot Station-USGS: 15565447,8,3,2010,61.93,-162.88,SS,Bulk,411.3,5.5,1.34,,-23.9,,,,,,0.11,12.1,,Holmes et al. (2022)
Yukon,Yukon ,"USA, Canada",North America,Pilot Station-USGS: 15565447,1,4,2011,61.93,-162.88,SS,Bulk,4.3,0.5,10.7,,-33.2,,-294,,2739.9,0.711,0.86,12.4,,Holmes et al. (2022)
Yukon,Yukon ,"USA, Canada",North America,Pilot Station-USGS: 15565447,5,24,2011,61.93,-162.88,SS,Bulk,586.4,4.9,0.84,,-26.1,,,,,,0.11,7.4,,Holmes et al. (2022)
Yukon,Yukon ,"USA, Canada",North America,Pilot Station-USGS: 15565447,6,14,2011,61.93,-162.88,SS,Bulk,314.2,3.4,1.07,,-26.5,,,,,,0.17,6.3,,Holmes et al. (2022)
Yukon,Yukon ,"USA, Canada",North America,Pilot Station-USGS: 15565447,6,29,2011,61.93,-162.88,SS,Bulk,222.2,6.5,2.93,,-25.8,,,,,,0.23,12.9,,Holmes et al. (2022)
Yukon,Yukon ,"USA, Canada",North America,Pilot Station-USGS: 15565447,8,2,2011,61.93,-162.88,SS,Bulk,516.9,3.6,0.7,,-25.8,,,,,,0.1,6.8,,Holmes et al. (2022)
Yukon,Yukon ,"USA, Canada",North America,Pilot Station-USGS: 15565447,1,31,2012,61.93,-162.88,SS,Bulk,4.6,0.7,14.57,,-34.6,,,,,,1.33,11,,Holmes et al. (2022)
Yukon,Yukon ,"USA, Canada",North America,Pilot Station-USGS: 15565447,6,12,2012,61.93,-162.88,SS,Bulk,184,2,1.1,,-26.8,,-464.8,,4961.7,0.539,0.08,14,,Holmes et al. (2022)
Yukon,Yukon ,"USA, Canada",North America,Pilot Station-USGS: 15565447,9,12,2012,61.93,-162.88,SS,Bulk,196.5,0.7,0.33,,-27.3,,,,,,0.03,11.3,,Holmes et al. (2022)
Yukon,Yukon ,"USA, Canada",North America,Pilot Station-USGS: 15565447,3,22,2013,61.93,-162.88,SS,Bulk,47.3,0.5,1.1,,-35.4,,-738.8,,10722.8,0.263,0.09,11.6,,Holmes et al. (2022)
Yukon,Yukon ,"USA, Canada",North America,Pilot Station-USGS: 15565447,5,15,2013,61.93,-162.88,SS,Bulk,49.3,2.8,5.75,,-28.9,,-359.6,,3518.8,0.645,0.29,20,,Holmes et al. (2022)
Yukon,Yukon ,"USA, Canada",North America,Pilot Station-USGS: 15565447,7,8,2013,61.93,-162.88,SS,Bulk,396.9,4,1.01,,-27.6,,-487.5,,5308.8,0.516,0.07,13.9,,Holmes et al. (2022)
Yukon,Yukon ,"USA, Canada",North America,Pilot Station-USGS: 15565447,7,8,2013,61.93,-162.88,SS,Bulk,268.1,4.4,1.65,,-27,,,,,,0.11,15,,Holmes et al. (2022)
Yukon,Yukon ,"USA, Canada",North America,Pilot Station-USGS: 15565447,9,11,2013,61.93,-162.88,SS,Bulk,253.9,2.8,1.11,,-27.7,,-534.4,,6078.8,0.469,0.07,15.3,,Holmes et al. (2022)
Yukon,Yukon ,"USA, Canada",North America,Pilot Station-USGS: 15565447,9,11,2013,61.93,-162.88,SS,Bulk,176.1,2.2,1.23,,-27.8,,,,,,0.07,17,,Holmes et al. (2022)
Yukon,Yukon ,"USA, Canada",North America,Pilot Station-USGS: 15565447,11,6,2013,61.93,-162.88,SS,Bulk,75.7,2.6,3.43,,-28.5,,-694.3,,9457.5,0.308,0.2,16.9,,Holmes et al. (2022)
Yukon,Yukon ,"USA, Canada",North America,Pilot Station-USGS: 15565447,2,13,2014,61.93,-162.88,SS,Bulk,66.2,1.2,1.77,,-32.6,,-419.4,,4305.5,0.585,0.09,19.5,,Holmes et al. (2022)
Yukon,Yukon ,"USA, Canada",North America,Pilot Station-USGS: 15565447,4,17,2014,61.93,-162.88,SS,Bulk,4.6,1,22.64,,-33.1,,-418.5,,4293.1,0.586,1.22,18.5,,Holmes et al. (2022)
Yukon,Yukon ,"USA, Canada",North America,Pilot Station-USGS: 15565447,6,23,2014,61.93,-162.88,PSD,Bulk,127.3,1.8,1.4,,-26.9,,-373.4,,3692.4,0.632,0.1,14.6,,Holmes et al. (2022)
Yukon,Yukon ,"USA, Canada",North America,Pilot Station-USGS: 15565447,6,23,2014,61.93,-162.88,PSD,Bulk,173.5,2.8,1.6,,-26.1,,,,,,0.12,12.9,,Holmes et al. (2022)
Yukon,Yukon ,"USA, Canada",North America,Pilot Station-USGS: 15565447,8,29,2014,61.93,-162.88,PSD,Bulk,191.3,2.7,1.4,,-27.3,,-646.7,,8294.4,0.356,0.09,15.9,,Holmes et al. (2022)
Yukon,Yukon ,"USA, Canada",North America,Pilot Station-USGS: 15565447,8,29,2014,61.93,-162.88,PSD,Bulk,151.4,1.9,1.28,,-27.6,,,,,,0.12,10.7,,Holmes et al. (2022)
Yukon,Yukon ,"USA, Canada",North America,Pilot Station-USGS: 15565447,2,26,2015,61.93,-162.88,SS,Bulk,3.6,0.5,13.46,,-37.1,,-323.4,,3075.6,0.682,1.36,9.9,,Holmes et al. (2022)
Yukon,Yukon ,"USA, Canada",North America,Pilot Station-USGS: 15565447,3,26,2015,61.93,-162.88,SS,Bulk,,0.6,,,-36.6,,-803.4,,13001.2,0.198,,12,,Holmes et al. (2022)
Yukon,Yukon ,"USA, Canada",North America,Pilot Station-USGS: 15565447,6,11,2015,61.93,-162.88,PSD,Bulk,151.4,1.5,0.96,,-27.4,,-467.9,,5005.1,0.536,0.14,6.8,,Holmes et al. (2022)
Yukon,Yukon ,"USA, Canada",North America,Pilot Station-USGS: 15565447,6,11,2015,61.93,-162.88,PSD,Bulk,172.9,4.1,2.38,,-26.9,,,,,,0.21,11.6,,Holmes et al. (2022)
Yukon,Yukon ,"USA, Canada",North America,Pilot Station-USGS: 15565447,8,18,2015,61.93,-162.88,PSD,Bulk,90.7,1.2,1.37,,-27.3,,-594.1,,7179.9,0.409,0.19,7.1,,Holmes et al. (2022)
Yukon,Yukon ,"USA, Canada",North America,Pilot Station-USGS: 15565447,8,18,2015,61.93,-162.88,PSD,Bulk,355.3,3.9,1.1,,-26.5,,,,,,0.07,15.3,,Holmes et al. (2022)
Yukon,Yukon ,"USA, Canada",North America,Pilot Station-USGS: 15565447,8,18,2015,61.93,-162.88,PSD,Bulk,351,4,1.13,,-26.1,,,,,,0.08,13.4,,Holmes et al. (2022)
Yukon,Yukon ,"USA, Canada",North America,Pilot Station-USGS: 15565447,10,1,2015,61.93,-162.88,PSD,Bulk,119.8,0.8,0.67,,-27.5,,-524.5,,5909.4,0.479,0.08,8.7,,Holmes et al. (2022)
Yukon,Yukon ,"USA, Canada",North America,Pilot Station-USGS: 15565447,10,1,2015,61.93,-162.88,PSD,Bulk,117.2,1.9,1.65,,-27.1,,,,,,0.07,24.7,,Holmes et al. (2022)
Yukon,Yukon ,"USA, Canada",North America,Pilot Station-USGS: 15565447,10,1,2015,61.93,-162.88,PSD,Bulk,82.5,1.7,2.1,,-27.2,,,,,,0.24,8.7,,Holmes et al. (2022)
Yukon,Yukon ,"USA, Canada",North America,Pilot Station-USGS: 15565447,1,14,2016,61.93,-162.88,SS,Bulk,16.6,0.4,2.46,,-34.5,,,,,,0.52,4.8,,Holmes et al. (2022)
Yukon,Yukon ,"USA, Canada",North America,Pilot Station-USGS: 15565447,3,3,2016,61.93,-162.88,SS,Bulk,4.2,0.4,8.29,,-36.4,,-370.7,,3655.6,0.634,9.87,0.8,,Holmes et al. (2022)
Yukon,Yukon ,"USA, Canada",North America,Pilot Station-USGS: 15565447,4,14,2016,61.93,-162.88,SS,Bulk,77.1,2.5,3.24,,-29.3,,,,,,0.16,20.9,,Holmes et al. (2022)
Yukon,Yukon ,"USA, Canada",North America,Pilot Station-USGS: 15565447,6,13,2016,61.93,-162.88,PSD,Bulk,124.2,1.4,1.09,,-27.4,,-480.6,,5197.6,0.524,0.17,6.4,,Holmes et al. (2022)
Yukon,Yukon ,"USA, Canada",North America,Pilot Station-USGS: 15565447,6,13,2016,61.93,-162.88,PSD,Bulk,502,2.1,0.42,,-27.2,,,,,,0.09,5,,Holmes et al. (2022)
Yukon,Yukon ,"USA, Canada",North America,Pilot Station-USGS: 15565447,6,13,2016,61.93,-162.88,PSD,Bulk,150,8.3,5.56,,-25.9,,,,,,0.12,46.6,,Holmes et al. (2022)
Yukon,Yukon ,"USA, Canada",North America,Pilot Station-USGS: 15565447,9,1,2016,61.93,-162.88,PSD,Bulk,131.8,2.1,1.59,,-27,,-620.1,,7709.4,0.383,0.16,9.9,,Holmes et al. (2022)
Yukon,Yukon ,"USA, Canada",North America,Pilot Station-USGS: 15565447,9,1,2016,61.93,-162.88,PSD,Bulk,536.8,3.5,0.65,,-26.2,,,,,,0.07,9.8,,Holmes et al. (2022)
Yukon,Yukon ,"USA, Canada",North America,Pilot Station-USGS: 15565447,10,14,2016,61.93,-162.88,PSD,Bulk,56.6,1.1,1.94,,-27.5,,-417.5,,4278.1,0.587,0.77,2.5,,Holmes et al. (2022)
Yukon,Yukon ,"USA, Canada",North America,Pilot Station-USGS: 15565447,10,14,2016,61.93,-162.88,PSD,Bulk,56.3,2.3,4.01,,-27.3,,,,,,0.21,19.5,,Holmes et al. (2022)
Yukon,Yukon ,"USA, Canada",North America,Pilot Station-USGS: 15565447,10,14,2016,61.93,-162.88,PSD,Bulk,101.4,1.9,1.91,,-27.5,,,,,,0.18,10.5,,Holmes et al. (2022)
Yukon,Yukon ,"USA, Canada",North America,Pilot Station-USGS: 15565447,12,19,2016,61.93,-162.88,PSD,Bulk,5.9,0.4,7.13,,-31,,-349.3,,,0.656,0.57,12.5,,Holmes et al. (2022)
Yukon,Yukon ,"USA, Canada",North America,Pilot Station-USGS: 15565447,2,22,2017,61.93,-162.88,SS,Bulk,5.9,0.5,8.01,,-35,,-410.9,,4185.5,0.594,7.81,0.1,,Holmes et al. (2022)
Yukon,Yukon ,"USA, Canada",North America,Pilot Station-USGS: 15565447,4,18,2017,61.93,-162.88,SS,Bulk,120.4,3.4,2.8,,-27,,-493.3,,5396.4,0.511,10.03,0.1,,Holmes et al. (2022)
Yukon,Yukon ,"USA, Canada",North America,Pilot Station-USGS: 15565447,7,5,2017,61.93,-162.88,SS,Bulk,203.3,4.6,2.26,,-26.6,,-475.6,,5121.2,0.529,6.31,0.1,,Holmes et al. (2022)
Yukon,Yukon ,"USA, Canada",North America,Pilot Station-USGS: 15565447,8,24,2017,61.93,-162.88,SS,Bulk,404.6,4.6,1.15,,-25.2,,-601.3,,7322.5,0.402,9.91,0.1,,Holmes et al. (2022)
Yukon,Yukon ,"USA, Canada",North America,Pilot Station-USGS: 15565447,10,18,2017,61.93,-162.88,SS,Bulk,60.8,1.1,1.81,,-27,,-433.5,,4500,0.571,8.24,0.1,,Holmes et al. (2022)
Yukon,Yukon ,"USA, Canada",North America,Pilot Station-USGS: 15565447,1,23,2018,61.93,-162.88,SS,Bulk,5.6,0.4,7.3,,-35.9,,-472.9,,5077.3,0.532,7.88,0.1,,Holmes et al. (2022)
Yukon,Yukon ,"USA, Canada",North America,Pilot Station-USGS: 15565447,3,12,2018,61.93,-162.88,SS,Bulk,12.4,0.7,5.25,,-33.5,,-351.2,,3408.7,0.654,9.54,0.1,,Holmes et al. (2022)
Yukon,Yukon ,"USA, Canada",North America,Pilot Station-USGS: 15565447,5,23,2018,61.93,-162.88,SS,Bulk,491,8.3,1.69,,-26.1,,-405.6,,4112.8,0.599,9.36,0.1,,Holmes et al. (2022)
Yukon,Yukon ,"USA, Canada",North America,Pilot Station-USGS: 15565447,7,12,2018,61.93,-162.88,SS,Bulk,396.8,2.9,0.72,,-25.5,,-545.3,,6264.1,0.459,6.28,0.1,,Holmes et al. (2022)
Yukon,Yukon ,"USA, Canada",North America,Pilot Station-USGS: 15565447,9,27,2018,61.93,-162.88,SS,Bulk,105.7,2,1.93,,-26.7,,-431.6,,4471.9,0.573,4.8,0,,Holmes et al. (2022)
Yukon,Yukon ,"USA, Canada",North America,Pilot Station-USGS: 15565447,1,2,2019,61.93,-162.88,SS,Bulk,243.4,5.4,2.22,,-28.3,,-373.1,,3684.8,0.632,7.22,0.1,,Holmes et al. (2022)
Yukon,Yukon ,"USA, Canada",North America,Pilot Station-USGS: 15565447,4,9,2019,61.93,-162.88,SS,Bulk,8.4,0.8,8.93,,-31.8,,-299.4,,2792.1,0.706,6.93,0.1,,Holmes et al. (2022)
Yukon,Yukon ,"USA, Canada",North America,Pilot Station-USGS: 15565447,6,5,2019,61.93,-162.88,SS,Bulk,240.3,4.8,1.98,,-25.8,,-425.4,,4384.1,0.579,7.95,0.1,,Holmes et al. (2022)
Yukon,Yukon ,"USA, Canada",North America,Pilot Station-USGS: 15565447,7,26,2019,61.93,-162.88,SS,Bulk,485.9,3.1,0.64,,-26.1,,-615.7,,7613.5,0.388,8.05,0.1,,Holmes et al. (2022)
Yukon,Yukon ,"USA, Canada",North America,Pilot Station-USGS: 15565447,8,28,2019,61.93,-162.88,SS,Bulk,602.1,5.4,0.89,,-24.8,,-589.3,,7082.3,0.414,8.36,0.1,,Holmes et al. (2022)
Yukon,Yukon ,"USA, Canada",North America,Pilot Station-USGS: 15565447,10,22,2019,61.93,-162.88,SS,Bulk,21.7,0.7,3.04,,-28.6,,-354.5,,3449.4,0.651,9.39,0.1,,Holmes et al. (2022)
Fly,Fly ,Papua New Guinea,Oceania,"	Strickland STR1",,,2008,-7.5,141.38,SS,<63μm,49.4,1.5,3.08,,-28.5,0.1,-371.1,,3669.2,0.633,,,,Alin et al. (2008)
Fly,Fly ,Papua New Guinea,Oceania,FLY3,,,2008,-7.58,141.31,SS,<63μm,59.6,1.4,2.32,,-30.4,0.1,-275.1,,2528,0.73,,,,Alin et al. (2008)
Fly,Fly ,Papua New Guinea,Oceania,FRW06-Ok Tedi,1,6,2007,-5.57,141.24,SS,Bulk,119,1.4,1.21,,-27.9,,,,,,0.11,11,,Goñi et al. (2014)
Fly,Fly ,Papua New Guinea,Oceania,FRW07-Ok Tedi,1,7,2007,-5.68,141.15,SS,Bulk,51,0.4,0.79,,-28.2,,,,,,0.08,9.9,,Goñi et al. (2014)
Fly,Fly ,Papua New Guinea,Oceania,FRW09-Ok Tedi,1,7,2007,-5.96,141.12,SS,Bulk,9530,14,0.15,,-27.7,,,,,,0.02,7.5,,Goñi et al. (2014)
Fly,Fly ,Papua New Guinea,Oceania,FRW14-Ok Tedi,1,8,2007,-5.96,141.12,SS,Bulk,345,0.8,0.24,0.01,-28.2,0.3,,,,,0.04,6,,Goñi et al. (2014)
Fly,Fly ,Papua New Guinea,Oceania,FRW51-Ok Tedi,1,16,2007,-5.96,141.12,SS,Bulk,279,1,0.36,0.01,-28.3,0.3,,,,,0.05,7.2,,Goñi et al. (2014)
Fly,Fly ,Papua New Guinea,Oceania,FRW11-Highland Tributaries,1,8,2007,-5.22,141.19,SS,Bulk,67,2.9,4.29,0.17,-28.4,0.3,,,,,0.46,9.3,,Goñi et al. (2014)
Fly,Fly ,Papua New Guinea,Oceania,FRW12-Highland Tributaries,1,8,2007,-5.22,141.19,SS,Bulk,462,8.7,1.89,0.08,-28.4,0.3,,,,,0.16,11.8,,Goñi et al. (2014)
Fly,Fly ,Papua New Guinea,Oceania,FRW56-Upper Fly,1,17,2007,-6.17,141.27,SS,Bulk,49,1.6,3.23,0.13,-29,0.3,,,,,0.23,14,,Goñi et al. (2014)
Fly,Fly ,Papua New Guinea,Oceania,FRW57-Upper Fly,1,17,2007,-6.17,141.27,SS,Bulk,33,1,2.92,0.12,-29,0.3,,,,,0.25,11.7,,Goñi et al. (2014)
Fly,Fly ,Papua New Guinea,Oceania,FRW17c-Upper Fly,1,17,2007,-6.17,141.27,SS,Bulk,24,0.8,3.43,0.14,-29,0.3,,,,,0.3,11.4,,Goñi et al. (2014)
Fly,Fly ,Papua New Guinea,Oceania,FRW52i-Upper Fly,1,16,2007,-6.17,141.27,SS,Bulk,12,0.4,3.29,0.13,-28.8,0.3,,,,,0.42,7.8,,Goñi et al. (2014)
Fly,Fly ,Papua New Guinea,Oceania,FRW52ii-Upper Fly,1,16,2007,-6.17,141.27,SS,Bulk,12,0.3,2.49,0.1,-29.4,0.3,,,,,0.36,6.9,,Goñi et al. (2014)
Fly,Fly ,Papua New Guinea,Oceania,FRW53i-Upper Fly,1,16,2007,-6.17,141.27,SS,Bulk,28,0.7,2.35,0.09,-28.9,0.3,,,,,0.28,8.4,,Goñi et al. (2014)
Fly,Fly ,Papua New Guinea,Oceania,FRW53ii-Upper Fly,1,16,2007,-6.17,141.27,SS,Bulk,28,0.8,2.82,0.11,-29.2,0.3,,,,,0.34,8.3,,Goñi et al. (2014)
Fly,Fly ,Papua New Guinea,Oceania,FRW18-Upper Fly,1,9,2007,-6.17,141.27,SS,Bulk,14,0.6,4.14,0.17,-29.7,0.3,,,,,0.49,8.4,,Goñi et al. (2014)
Fly,Fly ,Papua New Guinea,Oceania,FRW19-Middle Fly,1,15,2007,-7.25,141.15,SS,Bulk,76,1,1.35,0.05,-27.9,0.3,,,,,0.18,7.5,,Goñi et al. (2014)
Fly,Fly ,Papua New Guinea,Oceania,FRW49-Middle Fly,1,15,2007,-7.25,141.15,SS,Bulk,33,0.4,1.17,0.05,-29.9,0.3,,,,,0.15,7.8,,Goñi et al. (2014)
Fly,Fly ,Papua New Guinea,Oceania,FRW49-Middle Fly,1,15,2007,-7.25,141.15,SS,Bulk,172,1.3,0.77,0.03,-28.3,0.3,,,,,0.09,8.6,,Goñi et al. (2014)
Fly,Fly ,Papua New Guinea,Oceania,FRW45-Middle Fly,1,15,2007,-7.25,141.15,SS,Bulk,94,1.6,1.66,0.07,-29.4,0.3,,,,,0.12,13.8,,Goñi et al. (2014)
Fly,Fly ,Papua New Guinea,Oceania,FRW44-Middle Fly,1,15,2007,-7.25,141.15,SS,Bulk,36,0.6,1.69,0.07,-29.8,0.3,,,,,0.19,8.9,,Goñi et al. (2014)
Fly,Fly ,Papua New Guinea,Oceania,FRW43-Middle Fly,1,15,2007,-7.25,141.15,SS,Bulk,38,0.5,1.44,0.06,-30.3,0.3,,,,,0.17,8.5,,Goñi et al. (2014)
Fly,Fly ,Papua New Guinea,Oceania,FRW42-Middle Fly,1,15,2007,-7.25,141.15,SS,Bulk,31,0.5,1.51,0.06,-30.8,0.3,,,,,0.16,9.4,,Goñi et al. (2014)
Fly,Fly ,Papua New Guinea,Oceania,FRW41-Middle Fly,1,15,2007,-7.25,141.15,SS,Bulk,30,0.5,1.52,0.06,-30.2,0.3,,,,,0.24,6.3,,Goñi et al. (2014)
Fly,Fly ,Papua New Guinea,Oceania,FRW40-Middle Fly,1,15,2007,-7.25,141.15,SS,Bulk,37,0.8,2.14,0.09,-30.2,0.3,,,,,0.23,9.3,,Goñi et al. (2014)
Fly,Fly ,Papua New Guinea,Oceania,FRW20-Middle Fly,1,10,2007,-7.25,141.15,SS,Bulk,249,2.9,1.16,0.05,-28.9,0.3,,,,,0.13,8.9,,Goñi et al. (2014)
Fly,Fly ,Papua New Guinea,Oceania,FRW22-Middle Fly,1,10,2007,-7.25,141.15,SS,Bulk,42,0.5,1.19,0.05,-28.8,0.3,,,,,0.15,7.9,,Goñi et al. (2014)
Fly,Fly ,Papua New Guinea,Oceania,FRW23-Middle Fly,1,11,2007,-7.25,141.15,SS,Bulk,23,0.3,1.41,0.06,-30.8,0.3,,,,,0.21,6.7,,Goñi et al. (2014)
Fly,Fly ,Papua New Guinea,Oceania,FRW25-Middle Fly,1,11,2007,-7.25,141.15,SS,Bulk,72,0.7,0.98,0.04,-28.5,0.3,,,,,0.11,8.9,,Goñi et al. (2014)
Fly,Fly ,Papua New Guinea,Oceania,FRW26-Middle Fly,1,11,2007,-7.25,141.15,SS,Bulk,131,2.3,1.73,0.07,-28.5,0.3,,,,,0.15,11.5,,Goñi et al. (2014)
Fly,Fly ,Papua New Guinea,Oceania,FRW28i-Middle Fly,1,12,2007,-7.25,141.15,SS,Bulk,378,3.7,0.97,0.04,-28.2,0.3,,,,,0.1,9.7,,Goñi et al. (2014)
Fly,Fly ,Papua New Guinea,Oceania,FRW28ii-Middle Fly,1,12,2007,-7.25,141.15,SS,Bulk,378,4,1.04,0.04,-28.1,0.3,,,,,0.1,10.4,,Goñi et al. (2014)
Fly,Fly ,Papua New Guinea,Oceania,FRW29-Middle Fly,1,12,2007,-7.25,141.15,SS,Bulk,71,0.7,0.97,0.04,-28.6,0.3,,,,,0.11,8.8,,Goñi et al. (2014)
Fly,Fly ,Papua New Guinea,Oceania,FRW55-Lowland Tributaries,1,17,2007,-7.58,141.31,SS,Bulk,18,0.5,2.84,0.11,-29.4,0.3,,,,,0.32,8.9,,Goñi et al. (2014)
Fly,Fly ,Papua New Guinea,Oceania,FRW47i-Lowland Tributaries,1,15,2007,-7.58,141.31,SS,Bulk,115,2.1,1.8,0.07,-30,0.3,,,,,0.16,11.3,,Goñi et al. (2014)
Fly,Fly ,Papua New Guinea,Oceania,FRW47ii-Lowland Tributaries,1,15,2007,-7.58,141.31,SS,Bulk,115,2,1.75,0.07,-30.3,0.3,,,,,0.17,10.3,,Goñi et al. (2014)
Fly,Fly ,Papua New Guinea,Oceania,FRW21-Lowland Tributaries,1,10,2007,-7.58,141.31,SS,Bulk,3,0.4,17.21,0.69,-31.6,0.3,,,,,2.53,6.8,,Goñi et al. (2014)
Fly,Fly ,Papua New Guinea,Oceania,FRW23-Lowland Tributaries,1,11,2007,-7.58,141.31,SS,Bulk,5,1.9,42.08,1.68,-28.4,0.3,,,,,3.88,10.8,,Goñi et al. (2014)
Fly,Fly ,Papua New Guinea,Oceania,FRW36i-Lower Stricland,1,14,2007,-7.57,141.4,SS,Bulk,1818,17.1,0.94,0.04,-26.6,0.3,,,,,0.13,7.2,,Goñi et al. (2014)
Fly,Fly ,Papua New Guinea,Oceania,FRW36ii-Lower Stricland,1,14,2007,-7.57,141.4,SS,Bulk,1818,17.3,0.95,0.04,-26.8,0.3,,,,,0.14,6.8,,Goñi et al. (2014)
Fly,Fly ,Papua New Guinea,Oceania,FRW34-Lower Fly,1,13,2007,-7.76,141.58,SS,Bulk,501,3.4,0.69,0.03,-27.2,0.3,,,,,0.08,8.6,,Goñi et al. (2014)
Fly,Fly ,Papua New Guinea,Oceania,FRW32i-Lower Fly,1,13,2007,-7.76,141.58,SS,Bulk,889,8,0.9,0.04,-27.2,0.3,,,,,0.13,6.9,,Goñi et al. (2014)
Fly,Fly ,Papua New Guinea,Oceania,FRW32ii-Lower Fly,1,13,2007,-7.76,141.58,SS,Bulk,889,11.4,1.28,0.05,-27.3,0.3,,,,,0.12,10.7,,Goñi et al. (2014)
Fly,Fly ,Papua New Guinea,Oceania,FRW33-Lower Fly,1,13,2007,-7.76,141.58,SS,Bulk,177,1.9,1.06,0.04,-27.4,0.3,,,,,0.14,7.6,,Goñi et al. (2014)
Mangatu ,Mangatu ,New Zealand,Oceania,Omapere Stn,5,15,2003,,,SS,Bulk,,,0.44,0.01,-26.4,0.2,-602.6,,7360.6,0.4,0.03,12.7,,Blair et al. (2010)
Fox ,Southern Alps. Fox ,New Zealand,Oceania,,9,15,2004,-43.49,170.02,SS,Bulk,115,0.3,0.27,,-23.8,,,,,,0.03,8.8,,Hilton (2008)
Fox ,Southern Alps. Fox ,New Zealand,Oceania,,9,18,2004,-43.49,170.02,SS,Bulk,123,0.4,0.31,,-23.2,,,,,,0.03,12.1,,Hilton (2008)
Hokitika ,Southern Alps. Hokitika ,New Zealand,Oceania,,9,13,2004,-42.76,171.03,SS,Bulk,19,0.1,0.55,,-26,,,,,,0.03,18.1,,Hilton (2008)
Hokitika ,Southern Alps. Hokitika ,New Zealand,Oceania,,9,23,2004,-42.76,171.03,SS,Bulk,10,0.1,1,,-27.8,,,,,,0.08,12.9,,Hilton (2008)
Poerua ,Southern Alps. Poerua ,New Zealand,Oceania,,9,13,2004,-43.17,170.52,SS,Bulk,405,1.1,0.27,,-23,,,,,,0.01,19.2,,Hilton (2008)
Poerua ,Southern Alps. Poerua ,New Zealand,Oceania,,9,16,2004,-43.17,170.52,SS,Bulk,660,2.2,0.34,,-23.4,,,,,,0.02,17.6,,Hilton (2008)
Poerua ,Southern Alps. Poerua ,New Zealand,Oceania,,9,23,2004,-43.17,170.52,SS,Bulk,105,0.5,0.43,,-24.6,,,,,,0.03,13.2,,Hilton (2008)
Waiho ,Southern Alps. Waiho ,New Zealand,Oceania,,9,14,2004,-43.4,170.19,SS,Bulk,68,0.1,0.2,,-24.1,,,,,,0.02,9.3,,Hilton (2008)
Waiho ,Southern Alps. Waiho ,New Zealand,Oceania,,10,1,2004,-43.4,170.19,SS,Bulk,45,0.1,0.33,,-24.2,,,,,,0.03,10.3,,Hilton (2008)
Waitangitanoa ,Southern Alps. Waitangitanoa ,New Zealand,Oceania,,9,16,2004,-43.3,170.32,SS,Bulk,76,0.4,0.55,,-24.6,,,,,,0.03,17.9,,Hilton (2008)
Waitangitanoa ,Southern Alps. Waitangitanoa ,New Zealand,Oceania,,9,23,2004,-43.3,170.32,SS,Bulk,38,0.3,0.77,,-25.7,,,,,,0.04,20.1,,Hilton (2008)
Wanganui ,Southern Alps. Wanganui ,New Zealand,Oceania,,9,16,2004,-43.16,170.65,SS,Bulk,86,0.4,0.44,,-25.8,,,,,,0.03,14.7,,Hilton (2008)
Wanganui ,Southern Alps. Wanganui ,New Zealand,Oceania,,9,23,2004,-43.16,170.65,SS,Bulk,153,0.7,0.45,,-26.8,,,,,,0.03,15.9,,Hilton (2008)
Whataroa ,Southern Alps. Whataroa ,New Zealand,Oceania,,9,16,2004,-43.16,170.65,SS,Bulk,41,0.4,0.89,,-28,,,,,,0.04,22.5,,Hilton (2008)
Waiapu ,Waiapu ,New Zealand,Oceania,WU030521,,,1999 - 2004,-37.89,178.3,SS,<25μm,,,0.71,0.01,-25.3,0.2,-824,,13775,0.18,0.06,11.8,,Leithold et al. (2006)
Waiapu ,Waiapu ,New Zealand,Oceania,WU030521,,,2000 - 2004,-37.89,178.3,SS,Bulk,,,0.54,0.01,-25.4,0.2,-741.6,,10821,0.26,0.04,13.1,,Leithold et al. (2006)
Waiapu ,Waiapu ,New Zealand,Oceania,WU030520,,,2001 - 2004,-37.89,178.3,SS,Bulk,,,0.5,0.01,-25.2,0.2,-698.1,,9671.5,0.3,0.04,12.7,,Leithold et al. (2006)
Waiapu ,Waiapu ,New Zealand,Oceania,WU030520,,,2002 - 2004,-37.89,178.3,SS,<25μm,,,0.72,0.01,-25.2,0.2,-813.8,,13340.7,0.19,0.06,12,,Leithold et al. (2006)
Waiapu ,Waiapu ,New Zealand,Oceania,WU030826,,,2003 - 2004,-37.89,178.3,SS,Bulk,,,0.55,0.01,-25.4,0.2,-765,,11464,0.24,0.05,11.6,,Leithold et al. (2006)
Waiapu ,Waiapu ,New Zealand,Oceania,WU030827,,,2004 - 2004,-37.89,178.3,SS,Bulk,,,0.59,0.01,-25.6,0.2,-727,,10225.7,0.28,0.05,12,,Leithold et al. (2006)
Waiapu ,Waiapu ,New Zealand,Oceania,WU030917,,,2005 - 2004,-37.89,178.3,SS,Bulk,,,0.6,0.01,-25.4,0.2,-722,,10225.7,0.28,0.05,12.4,,Leithold et al. (2006)
Waiapu ,Waiapu ,New Zealand,Oceania,WU040630,,,2004 - 2006,-37.89,178.3,SS,Bulk,,,0.59,0.01,-25.8,0.2,,,,,0.05,11.5,,Leithold et al. (2006)
Waipaoa ,Waipaoa ,New Zealand,Oceania,,,,2005,-38.46,177.88,SS,Bulk,,,1.15,0.09,-26.2,0.2,,,,,0.09,13.1,,Gomez et al. (2010)
Waipaoa ,Waipaoa ,New Zealand,Oceania,,,,2005,-38.46,177.88,SS,Bulk,,,1.3,0.1,-26.6,0.2,-48.1,3.5,342.5,0.958,0.09,13.9,,Gomez et al. (2010)
Waipaoa ,Waipaoa ,New Zealand,Oceania,,,,2005,-38.46,177.88,SS,Bulk,,,0.73,0.06,-26.2,0.2,-156.1,3.2,1309.9,0.85,0.05,13.8,,Gomez et al. (2010)
Waipaoa ,Waipaoa ,New Zealand,Oceania,,,,2005,-38.46,177.88,SS,Bulk,,,0.98,0.08,-26.5,0.2,,,,,0.07,14.7,,Gomez et al. (2010)
Waipaoa ,Waipaoa ,New Zealand,Oceania,,,,2005,-38.46,177.88,SS,Bulk,,,0.84,0.07,-26.6,0.2,-127.8,3.5,1045,0.878,0.06,15.1,,Gomez et al. (2010)
Waipaoa ,Waipaoa ,New Zealand,Oceania,,,,2005,-38.46,177.88,SS,Bulk,,,0.63,0.05,-26.2,0.2,-155.1,3.2,1300.4,0.851,0.04,16,,Gomez et al. (2010)
Waipaoa ,Waipaoa ,New Zealand,Oceania,,,,2005,-38.46,177.88,SS,Bulk,,,0.42,0.03,-25.4,0.2,,,,,0.04,12.1,,Gomez et al. (2010)
Waipaoa ,Waipaoa ,New Zealand,Oceania,,,,2005,-38.46,177.88,SS,Bulk,,,0.36,0.03,-25.7,0.2,-602,2.1,7347.4,0.401,0.03,12,,Gomez et al. (2010)
Waipaoa ,Waipaoa ,New Zealand,Oceania,,,,2005,-38.46,177.88,SS,Bulk,,,0.5,0.04,-25.5,0.2,,,,,0.04,13.6,,Gomez et al. (2010)
Waipaoa ,Waipaoa ,New Zealand,Oceania,,,,2005,-38.46,177.88,SS,Bulk,,,0.35,0.03,-25.6,0.2,-699.5,1.8,9604.7,0.303,0.03,12.6,,Gomez et al. (2010)
Waipaoa ,Waipaoa ,New Zealand,Oceania,,,,2005,-38.46,177.88,SS,Bulk,,,0.37,0.03,-25.6,0.2,,,,,0.03,12.3,,Gomez et al. (2010)
Waipaoa ,Waipaoa ,New Zealand,Oceania,,,,2005,-38.46,177.88,SS,Bulk,,,0.72,,-26.6,,-501.1,2.1,5532.3,0.502,0.03,11.8,,Gomez et al. (2010)
Waipaoa ,Waipaoa ,New Zealand,Oceania,MG030515 ,,,1999 - 2004,-38.46,177.88,SS,Bulk,,,0.44,0.01,-26.4,0.2,-599.2,,7360.6,0.4,0.03,12.7,,Leithold et al. (2006)
Waipaoa ,Waipaoa ,New Zealand,Oceania,MW030512,,,2000 - 2004,-38.46,177.88,SS,Bulk,,,0.64,0.01,-26.1,0.2,-526.4,,5896,0.48,0.05,12.3,,Leithold et al. (2006)
Waipaoa ,Waipaoa ,New Zealand,Oceania,WA030918,,,2001 - 2004,-38.46,177.88,SS,Bulk,,,0.72,0.01,-26.3,0.2,-490.2,,5409,0.51,0.06,11.8,,Leithold et al. (2006)
Waipaoa ,Waipaoa ,New Zealand,Oceania,WA030922,,,2002 - 2004,-38.46,177.88,SS,Bulk,,,0.82,0.02,-26.7,0.2,-262.9,,2418.8,0.74,0.07,11.8,,Leithold et al. (2006)
Waipaoa ,Waipaoa ,New Zealand,Oceania,WA040630,,,2003 - 2004,-38.46,177.88,SS,Bulk,,,0.79,0.02,-26.5,0.2,,,,,0.07,11.6,,Leithold et al. (2006)
Waipaoa ,Waipaoa ,New Zealand,Oceania,WA040701,,,2004 - 2004,-38.46,177.88,SS,Bulk,,,0.91,0.02,-26.6,0.2,,,,,0.08,11.3,,Leithold et al. (2006)
Waipaoa ,Waipaoa ,New Zealand,Oceania,Matawhero Bridge,5,12,2003,-38.46,177.88,SS,Bulk,,,0.64,0.01,-26,0.2,-523.1,,5896,0.48,0.05,12.3,,Blair et al. (2010)
Waipaoa ,Waipaoa ,New Zealand,Oceania,Kanakanaia ,9,17,2003,-38.46,177.88,SS,Bulk,,,0.72,0.01,-26.2,0.2,-493.3,,5409,0.51,0.06,11.8,,Blair et al. (2010)
Waipaoa ,Waipaoa ,New Zealand,Oceania,Kanakanaia ,9,22,2003,-38.46,177.88,SS,Bulk,,,0.82,0.02,-26.7,0.2,-264.7,,2418.8,0.74,0.07,11.9,,Blair et al. (2010)
Waipaoa ,Waipaoa ,New Zealand,Oceania,Kanakanaia ,6,30,2003,-38.46,177.88,SS,Bulk,,,0.79,0.02,-26.9,0.2,-463.5,,4949.8,0.54,0.07,11.6,,Blair et al. (2010)
Waipaoa ,Waipaoa ,New Zealand,Oceania,Kanakanaia ,7,1,2004,-38.46,177.88,SS,Bulk,,,0.91,0.02,-26.9,0.2,-413.8,,4238.5,0.59,0.08,11.3,,Blair et al. (2010)
Amazon,Amazon ,Brazil,South America,Zongo,5,15,1995,-16.25,-68.12,SS,<63μm,94.5,0.7,0.73,,-25.6,<0.2,-221,<6,1962.5,0.783,,,,Mayorga et al. (2005)
Amazon,Amazon ,Brazil,South America,Amazon,6,16,1995,-3.28,-67.85,SS,<63μm,,,,,-28.7,<0.2,-157,<6,1328.2,0.848,,,,Mayorga et al. (2005)
Amazon,Amazon ,Brazil,South America,Amazon,10,1,1995,-4.05,-63.02,SS,<63μm,,,,,-28.3,<0.2,-85,<6,669.9,0.92,,,,Mayorga et al. (2005)
Amazon,Amazon ,Brazil,South America,Candeias,2,7,1996,-8.77,-63.71,SS,<63μm,19.1,1.4,7.13,,-30.8,<0.2,136,<6,modern,1.142,,,,Mayorga et al. (2005)
Amazon,Amazon ,Brazil,South America,Guaporé,6,7,1996,-14.99,-59.96,SS,<63μm,14.4,1.1,7.83,,-31.6,<0.2,-18,<6,101.2,0.987,,,,Mayorga et al. (2005)
Amazon,Amazon ,Brazil,South America,Ji-Paraná,3,7,1996,-10.94,-61.96,SS,<63μm,21.9,0.9,5.71,,-25.6,<0.2,125,<6,modern,1.131,,,,Mayorga et al. (2005)
Amazon,Amazon ,Brazil,South America,Comemoração,3,7,1996,-11.67,-61.19,SS,<63μm,20.7,1.1,9.6,,-28.6,<0.2,139,<6,modern,1.145,,,,Mayorga et al. (2005)
Amazon,Juruá ,Brazil,South America,Juruá,1,7,1996,-2.72,-65.8,SS,<63μm,106.4,1.7,1.6,,-30,<0.2,59,<6,modern,1.065,,,,Mayorga et al. (2005)
Amazon,Juruá ,Brazil,South America,Juruá,1,7,1996,-2.72,-65.8,SS,<63μm,106.4,1.7,1.6,,-30,<0.2,59,<6,modern,1.065,,,,Mayorga et al. (2005)
Amazon,Amazon ,Brazil,South America,Marañón,8,11,1996,-4.53,-73.57,SS,<63μm,333.1,5.6,1.67,,-28.5,<0.2,-6,<6,modern,1,,,,Mayorga et al. (2005)
Amazon,Amazon ,Brazil,South America,Urubamba,1,11,1996,-10.76,-73.71,SS,<63μm,268.5,4.5,1.67,,-27.1,<0.2,-301,<6,2832,0.703,,,,Mayorga et al. (2005)
Amazon,Amazon ,Brazil,South America,Tambo,1,11,1996,-10.79,-73.77,SS,<63μm,250.8,3.7,1.47,,-27.6,<0.2,-73,<6,564.2,0.932,,,,Mayorga et al. (2005)
Amazon,Amazon ,Brazil,South America,Urubamba,10,27,1996,-12.87,-72.68,SS,<63μm,55,1.5,2.73,,-24.3,<0.2,-89,<6,704.1,0.916,,,,Mayorga et al. (2005)
Amazon,Amazon ,Brazil,South America,Salcca,10,23,1996,-14.1,-71.42,SS,<63μm,289.5,3.3,1.15,,-24.6,<0.2,-613,<6,7581.3,0.389,,,,Mayorga et al. (2005)
Amazon,Amazon ,Brazil,South America,Vilcanota,10,23,1996,-14.17,-71.4,SS,<63μm,4.5,0.7,16.16,,-24.6,<0.2,-257,<6,2341.6,0.747,,,,Mayorga et al. (2005)
Amazon,Amazon ,Brazil,South America,Apurimac,10,21,1996,-13.57,-72.59,SS,<63μm,6.6,0.6,8.84,,-23.7,<0.2,19,<6,modern,1.025,,,,Mayorga et al. (2005)
Amazon,Juruá ,Brazil,South America,Juruá,6,25,1996,-7.62,-72.64,SS,<63μm,257.1,3.1,1.2,,-29.8,<0.2,55,<6,modern,1.061,,,,Mayorga et al. (2005)
Amazon,Madeira ,Brazil,South America,Madeira,1,19,1995,-3.45,-58.8,SS,<63μm,,,,,-27.4,<0.2,-73,<6,565.2,0.932,,,,Mayorga et al. (2005)
Amazon,Madeira ,Brazil,South America,Madeira,8,7,1996,-3.45,-58.8,SS,<63μm,,,,,-29.8,<0.2,-49,<6,358.9,0.956,,,,Mayorga et al. (2005)
Amazon,Madeira ,Brazil,South America,Mamoré,3,5,1995,-10.85,-65.35,SS,<63μm,421.9,2.4,0.56,,-27.3,<0.2,-329,<6,3151.6,0.675,,,,Mayorga et al. (2005)
Amazon,Madeira ,Brazil,South America,Madeira,6,27,1996,-9.68,-65.42,SS,<63μm,276.3,3.2,1.14,,-28.3,<0.2,-131,<6,1083.2,0.874,,,,Mayorga et al. (2005)
Amazon,Madeira ,Brazil,South America,Beni,6,5,1995,-11.02,-66.13,SS,<63μm,630.6,1.9,0.31,,-26.8,<0.2,-440,<6,4614,0.563,,,,Mayorga et al. (2005)
Amazon,Napo ,Brazil,South America,Napo,7,11,1996,-3.3,-72.63,SS,<63μm,178.9,2.7,1.51,,-28.9,<0.2,-24,<6,150.4,0.981,,,,Mayorga et al. (2005)
Amazon,Negro ,Brazil,South America,Negro,6,20,1995,-3.06,-60.3,SS,<63μm,,,,,-29.1,<0.2,121,<6,modern,1.127,,,,Mayorga et al. (2005)
Amazon,Negro ,Brazil,South America,Negro,6,7,1996,-3.06,-60.3,SS,<63μm,,,,,-29.8,<0.2,138,<6,modern,1.144,,,,Mayorga et al. (2005)
Amazon,Ucayali ,Brazil,South America,Ucayali,8,11,1996,-4.52,-73.49,SS,<63μm,337.9,3.7,1.11,,-28.6,<0.2,-59,<6,443.8,0.946,,,,Mayorga et al. (2005)
Amazon,Ucayali ,Brazil,South America,Ucayali,5,11,1996,-8.78,-74.55,SS,<63μm,288.5,3.6,1.24,,-28.1,<0.2,-80,<6,625.1,0.925,,,,Mayorga et al. (2005)
Amazon,Purus ,Brazil,South America,Purus,5,7,1996,-3.75,-61.43,SS,<63μm,16.3,1,5.91,,-31.5,<0.2,113,<6,modern,1.119,,,,Mayorga et al. (2005)
Amazon,Purus ,Brazil,South America,Purus,6,23,1996,-8.73,-67.38,SS,<63μm,121.4,1.5,1.22,,-30.8,<0.2,29,<6,modern,1.035,,,,Mayorga et al. (2005)
Amazon,Amazon ,Brazil,South America,Chontabmaba,7,24,2004,-10.6,-75.55,SS,<60μm,0.8,0.1,16.8,,-24.2,< 0.2,64,< 4,modern,1.071,,,,Townsend-Small et al. (2007)
Amazon,Amazon ,Brazil,South America,Llamaquizu,7,23,2004,-10.62,-75.29,SS,<60μm,2.2,0.2,8.28,,-28.2,< 0.2,-24,< 4,140,0.982,,,,Townsend-Small et al. (2007)
Amazon,Amazon ,Brazil,South America,Esperanza,8,6,2004,-10.58,-75.41,SS,<60μm,1.4,0.1,9.08,,-26.2,< 0.2,13,< 4,modern,1.02,,,,Townsend-Small et al. (2007)
Amazon,Amazon ,Brazil,South America,Chorobamba,8,17,2004,-10.54,-75.41,SS,<60μm,5.7,0.5,8.08,,-24.8,< 0.2,-55,< 4,400,0.951,,,,Townsend-Small et al. (2007)
Amazon,Amazon ,Brazil,South America,Huancabamba,8,14,2004,-10.43,-75.52,SS,<60μm,4.3,0.3,7.63,,-24.3,< 0.2,-45,< 4,315,0.961,,,,Townsend-Small et al. (2007)
Amazon,Amazon ,Brazil,South America,Huancabamba Canyon,8,14,2004,-10.28,-75.54,SS,<60μm,6.3,0.4,5.9,,-24.3,< 0.2,-74,< 4,565,0.932,,,,Townsend-Small et al. (2007)
Amazon,Amazon ,Brazil,South America,AM-01-14c,2,18,2001,-11.02,-66.13,PST,Bulk,,,0.45,0.05,-26.5,0.17,-578.1,-2,6883.3,0.424,,,,Bouchez et al. (2010)
Amazon,Amazon ,Brazil,South America,AM-01-14d,2,18,2001,-11.02,-66.13,PST,Bulk,,,0.47,0.05,-26,0.17,-589.1,-2.1,7095.7,0.413,,,,Bouchez et al. (2010)
Amazon,Amazon ,Brazil,South America,AM-01-14a,2,18,2001,-11.02,-66.13,PST,Bulk,,,0.51,0.05,-25.1,0.17,-558,-1.9,6509.7,0.445,,,,Bouchez et al. (2010)
Amazon,Amazon ,Brazil,South America,AM-01-14b,2,18,2001,-11.02,-66.13,PST,Bulk,,,0.61,0.05,-26.3,0.17,-452.7,-1.2,4792.2,0.551,,,,Bouchez et al. (2010)
Amazon,Amazon ,Brazil,South America,AM-06-64,3,23,2006,,,SS,Bulk,,,0.93,,,,-236.1,-0.5,2109.5,0.769,,,,Bouchez et al. (2010)
Amazon,Amazon ,Brazil,South America,RS-S1 Manacapuru-Solimoes,6,,2005,-3.33,-60.55,PSD,Bulk,113,2.3,2,0.01,-28.6,0.06,,,,,0.25,8,,Kim et al. (2012)
Amazon,Amazon ,Brazil,South America,RS-S2 Manacapuru-Solimoes,6,,2005,-3.33,-60.55,PSD,Bulk,95,1.9,2,0.01,-28.5,0.06,,,,,0.29,7,,Kim et al. (2012)
Amazon,Amazon ,Brazil,South America,RS-S3 Manacapuru-Solimoes,6,,2005,-3.33,-60.56,PSD,Bulk,121,2.4,2,0.01,-28.4,0.06,,,,,0.25,8,,Kim et al. (2012)
Amazon,Amazon ,Brazil,South America,RS-S4 Manacapuru-Solimoes,11,,2005,-3.34,-60.56,PSD,Bulk,153,1.5,1,0.01,-29.2,0.06,,,,,0.13,8,,Kim et al. (2012)
Amazon,Amazon ,Brazil,South America,RS-S5 Manacapuru-Solimoes,11,,2005,-3.34,-60.56,PSD,Bulk,189,1.9,1,0.01,-29.3,0.06,,,,,0.14,7,,Kim et al. (2012)
Amazon,Amazon ,Brazil,South America,RS-S6 Manacapuru-Solimoes,11,,2005,-3.34,-60.56,PSD,Bulk,146,2.9,2,0.01,-28.9,0.06,,,,,0.25,8,,Kim et al. (2012)
Amazon,Amazon ,Brazil,South America,RS-S7 Manacapuru-Solimoes,11,,2005,-3.34,-60.56,PSD,Bulk,127,2.5,2,0.01,-28.8,0.06,,,,,0.22,9,,Kim et al. (2012)
Amazon,Amazon ,Brazil,South America,RS-S8 Manacapuru-Solimoes,11,,2005,-3.34,-60.56,PSD,Bulk,215,4.3,2,0.01,-28.7,0.06,,,,,0.22,9,,Kim et al. (2012)
Amazon,Amazon ,Brazil,South America,CBM502 Manacapuru-Solimoes,6,,2009,-3.34,-60.56,PSD,Bulk,41,0.8,2,0.01,-35,0.06,,,,,0.24,8.2,,Kim et al. (2012)
Amazon,Amazon ,Brazil,South America,CBM607 Manacapuru-Solimoes,10,,2009,-3.34,-60.56,PSD,Bulk,74,2.2,3,0.01,-30.2,0.06,,,,,0.38,8,,Kim et al. (2012)
Amazon,Amazon ,Brazil,South America,RS-A6 Itacoatiara-Amazon,11,,2005,-3.09,-58.25,PSD,Bulk,96,1,1,0.01,-28.8,0.06,,,,,0.11,9,,Kim et al. (2012)
Amazon,Amazon ,Brazil,South America,RS-A7 Itacoatiara-Amazon,11,,2005,-3.09,-58.26,PSD,Bulk,107,2.1,2,0.01,-28.9,0.06,,,,,0.25,8,,Kim et al. (2012)
Amazon,Amazon ,Brazil,South America,RS-A8 Itacoatiara-Amazon,11,,2005,-3.1,-58.26,PSD,Bulk,109,2.2,2,0.01,-28.7,0.06,,,,,0.25,8,,Kim et al. (2012)
Amazon,Amazon ,Brazil,South America,CBM518 Itacoatiara-Amazon,6,,2009,-3.1,-58.26,PSD,Bulk,27,1.1,4,0.01,-29.6,0.06,,,,,0.5,8,,Kim et al. (2012)
Amazon,Amazon ,Brazil,South America,CBM622 Itacoatiara-Amazon,10,,2009,-3.1,-58.26,PSD,Bulk,23,0.7,3,0.01,-29.3,0.06,,,,,0.38,8,,Kim et al. (2012)
Amazon,Amazon ,Brazil,South America,RS-A2 Parintins-Amazon,6,,2005,-2.63,-56.76,PSD,Bulk,34,1,3,0.01,-29.5,0.06,,,,,0.33,9,,Kim et al. (2012)
Amazon,Amazon ,Brazil,South America,RS-A9 Parintins-Amazon,11,,2005,-2.63,-56.76,PSD,Bulk,126,1.3,1,0.01,-29.3,0.06,,,,,0.14,7,,Kim et al. (2012)
Amazon,Amazon ,Brazil,South America,CBM528 Parintins-Amazon,7,,2009,-2.63,-56.76,PSD,Bulk,24,0.7,3,0.01,-29.7,0.06,,,,,0.38,8,,Kim et al. (2012)
Amazon,Amazon ,Brazil,South America,CBM634 Parintins-Amazon,10,,2009,-2.63,-56.76,PSD,Bulk,32,1,3,0.01,-29.5,0.06,,,,,0.43,7,,Kim et al. (2012)
Amazon,Amazon ,Brazil,South America,RS-A3 Obidos_I-Amazon,6,,2005,-1.95,-55.3,PSD,Bulk,38,1.1,3,0.01,-28.1,0.06,,,,,0.27,11,,Kim et al. (2012)
Amazon,Amazon ,Brazil,South America,RS-A4 Obidos_I-Amazon,6,,2005,-1.95,-55.3,PSD,Bulk,97,1.9,2,0.01,-28.1,0.06,,,,,0.2,10,,Kim et al. (2012)
Amazon,Amazon ,Brazil,South America,RS-A5 Obidos_I-Amazon,6,,2005,-1.95,-55.3,PSD,Bulk,96,1.9,2,0.01,-27.9,0.06,,,,,0.2,10,,Kim et al. (2012)
Amazon,Amazon ,Brazil,South America,RS-A10 Obidos_I-Amazon,11,,2005,-1.95,-55.31,PSD,Bulk,64,1.3,2,0.01,-29.7,0.06,,,,,0.25,8,,Kim et al. (2012)
Amazon,Amazon ,Brazil,South America,RS-A11 Obidos_I-Amazon,11,,2005,-1.96,-55.31,PSD,Bulk,75,2.3,3,0.01,-28.4,0.06,,,,,0.27,11,,Kim et al. (2012)
Amazon,Amazon ,Brazil,South America,RS-A12 Obidos_I-Amazon,11,,2005,-1.96,-55.31,PSD,Bulk,95,1.9,2,0.01,-29.4,0.06,,,,,0.29,7,,Kim et al. (2012)
Amazon,Amazon ,Brazil,South America,CBM531 Obidos_I-Amazon,7,,2009,-1.96,-55.31,PSD,Bulk,27,0.8,3,0.01,-29.2,0.06,,,,,0.38,8,,Kim et al. (2012)
Amazon,Amazon ,Brazil,South America,CBM635 Obidos_I-Amazon,10,,2009,-1.96,-55.31,PSD,Bulk,31,0.9,3,0.01,-29.3,0.06,,,,,0.38,8,,Kim et al. (2012)
Amazon,Amazon ,Brazil,South America,AM-05-01 Manacapuru-Solimoes,6,4,2005,-3.31,-60.55,PST,Bulk,96,1.1,1.19,0.05,-28.8,0.17,,,,,,,0.29,Bouchez et al. (2014)
Amazon,Amazon ,Brazil,South America,AM-05-02 Manacapuru-Solimoes,6,4,2005,-3.31,-60.55,PST,Bulk,92,1.4,1.54,0.05,-28.3,0.17,,,,,,,0.33,Bouchez et al. (2014)
Amazon,Amazon ,Brazil,South America,AM-05-03 Manacapuru-Solimoes,6,4,2005,-3.31,-60.55,PST,Bulk,76,1.2,1.62,0.05,-28.6,0.17,,,,,,,0.33,Bouchez et al. (2014)
Amazon,Amazon ,Brazil,South America,AM-05-04 Manacapuru-Solimoes,6,4,2005,-3.32,-60.55,PST,Bulk,282,2.9,1.02,0.05,-28,0.17,-148,-0.3,1211.6,0.86,,,0.22,Bouchez et al. (2014)
Amazon,Amazon ,Brazil,South America,AM-05-05 Manacapuru-Solimoes,6,4,2005,-3.32,-60.55,PST,Bulk,197,2,1.01,0.05,-28.3,0.17,,,,,,,0.24,Bouchez et al. (2014)
Amazon,Amazon ,Brazil,South America,AM-05-06 Manacapuru-Solimoes,6,4,2005,-3.32,-60.55,PST,Bulk,136,1.6,1.19,0.05,-28,0.17,,,,,,,0.29,Bouchez et al. (2014)
Amazon,Amazon ,Brazil,South America,AM-05-07 Manacapuru-Solimoes,6,4,2005,-3.32,-60.55,PST,Bulk,140,1.8,1.27,0.05,-28.1,0.17,,,,,,,0.3,Bouchez et al. (2014)
Amazon,Amazon ,Brazil,South America,AM-05-08 Manacapuru-Solimoes,6,4,2005,-3.32,-60.55,PST,Bulk,135,1.6,1.22,0.05,-27.9,0.17,-177.3,-0.3,1496.8,0.83,,,0.29,Bouchez et al. (2014)
Amazon,Amazon ,Brazil,South America,AM-05-11 Iracema-Amazonas,6,5,2005,-3.33,-58.83,PST,Bulk,228,2.7,1.18,0.05,-28.5,0.17,,,,,,,0.27,Bouchez et al. (2014)
Amazon,Amazon ,Brazil,South America,AM-05-12 Iracema-Amazonas,6,5,2005,-3.33,-58.83,PST,Bulk,141,1.9,1.34,0.05,-28.1,0.17,,,,,,,0.29,Bouchez et al. (2014)
Amazon,Amazon ,Brazil,South America,AM-05-13 Iracema-Amazonas,6,5,2005,-3.33,-58.83,PST,Bulk,127,2.1,1.65,0.05,-28.7,0.17,,,,,,,0.31,Bouchez et al. (2014)
Amazon,Amazon ,Brazil,South America,AM-05-14 Iracema-Amazonas,6,5,2005,-3.33,-58.83,PST,Bulk,46,0.8,1.78,0.05,-28.2,0.17,,,,,,,0.37,Bouchez et al. (2014)
Amazon,Amazon ,Brazil,South America,AM-05-26 Parintins-Amazonas,6,7,2005,-2.66,-56.6,PST,Bulk,93,1.2,1.3,0.05,-28,0.17,,,,,,,0.28,Bouchez et al. (2014)
Amazon,Amazon ,Brazil,South America,AM-05-27 Parintins-Amazonas,6,7,2005,-2.66,-56.6,PST,Bulk,142,1.6,1.11,0.05,-27.9,0.17,,,,,,,0.27,Bouchez et al. (2014)
Amazon,Amazon ,Brazil,South America,AM-05-28 Parintins-Amazonas,6,7,2005,-2.66,-56.6,PST,Bulk,144.9,2,1.35,0.05,-28.1,0.17,,,,,,,0.27,Bouchez et al. (2014)
Amazon,Amazon ,Brazil,South America,AM-05-29 Parintins-Amazonas,6,7,2005,-2.66,-56.6,PST,Bulk,67,0.9,1.36,0.05,-28.2,0.17,,,,,,,0.33,Bouchez et al. (2014)
Amazon,Amazon ,Brazil,South America,AM-05-30 Parintins-Amazonas,6,7,2005,-2.66,-56.6,PST,Bulk,39,0.9,2.22,0.05,-27.5,0.17,,,,,,,0.4,Bouchez et al. (2014)
Amazon,Amazon ,Brazil,South America,AM-05-31 Parintins-Amazonas,6,7,2005,-2.59,-56.66,PST,Bulk,270,3.7,1.36,0.05,-27.8,0.17,,,,,,,0.28,Bouchez et al. (2014)
Amazon,Amazon ,Brazil,South America,AM-05-32 Parintins-Amazonas,6,7,2005,-2.59,-56.66,PST,Bulk,106,0.9,0.88,0.05,-27.8,0.17,,,,,,,0.31,Bouchez et al. (2014)
Amazon,Amazon ,Brazil,South America,AM-05-33 Parintins-Amazonas,6,7,2005,-2.59,-56.66,PST,Bulk,32,0.7,2.18,0.05,-28.1,0.17,,,,,,,0.37,Bouchez et al. (2014)
Amazon,Amazon ,Brazil,South America,AM-05-35 Obidos-Amazonas,6,8,2005,-1.94,-55.5,PST,Bulk,318,2.6,0.81,0.05,-28,0.17,-219.3,-0.4,1893.6,0.79,,,0.2,Bouchez et al. (2014)
Amazon,Amazon ,Brazil,South America,AM-05-36 Obidos-Amazonas,6,8,2005,-1.94,-55.5,PST,Bulk,297,2.2,0.74,0.05,-28.4,0.17,,,,,,,0.21,Bouchez et al. (2014)
Amazon,Amazon ,Brazil,South America,AM-05-37 Obidos-Amazonas,6,8,2005,-1.94,-55.5,PST,Bulk,175,1.8,1.01,0.05,-28.1,0.17,-221.2,-0.4,1995.9,0.78,,,0.24,Bouchez et al. (2014)
Amazon,Amazon ,Brazil,South America,AM-05-38 Obidos-Amazonas,6,8,2005,-1.94,-55.5,PST,Bulk,76,1.2,1.57,0.05,-28.4,0.17,,,,,,,0.35,Bouchez et al. (2014)
Amazon,Amazon ,Brazil,South America,AM-05-39 Obidos-Amazonas,6,8,2005,-1.94,-55.5,PST,Bulk,47,0.6,1.31,0.05,-28.1,0.17,-191.4,-0.4,1692.7,0.81,,,0.28,Bouchez et al. (2014)
Amazon,Amazon ,Brazil,South America,AM-05-40 Obidos-Amazonas,6,8,2005,-1.94,-55.51,PST,Bulk,592,5.8,0.98,0.05,-27.9,0.17,,,,,,,0.23,Bouchez et al. (2014)
Amazon,Amazon ,Brazil,South America,AM-05-41 Obidos-Amazonas,6,8,2005,-1.94,-55.51,PST,Bulk,260,5.3,2.04,0.05,-28.2,0.17,,,,,,,0.37,Bouchez et al. (2014)
Amazon,Amazon ,Brazil,South America,AM-05-43 Obidos-Amazonas,6,8,2005,-1.94,-55.51,PST,Bulk,96,1.4,1.46,0.05,-27.9,0.17,,,,,,,0.32,Bouchez et al. (2014)
Amazon,Amazon ,Brazil,South America,AM-06-07 Manacapuru-Solimoes,3,16,2006,-3.31,-60.55,PST,Bulk,425,2.8,0.67,0.05,-27.8,0.17,,,,,,,0.22,Bouchez et al. (2014)
Amazon,Amazon ,Brazil,South America,AM-06-08 Manacapuru-Solimoes,3,16,2006,-3.31,-60.55,PST,Bulk,219,2.5,1.15,0.05,-27.6,0.17,,,,,,,0.34,Bouchez et al. (2014)
Amazon,Amazon ,Brazil,South America,AM-06-09 Manacapuru-Solimoes,3,16,2006,-3.31,-60.55,PST,Bulk,131,1.5,1.15,0.05,-28,0.17,,,,,,,0.37,Bouchez et al. (2014)
Amazon,Amazon ,Brazil,South America,AM-06-10 Manacapuru-Solimoes,3,16,2006,-3.31,-60.55,PST,Bulk,302,3.4,1.14,0.05,-28.5,0.17,-184,-0.3,1496.8,0.83,,,0.31,Bouchez et al. (2014)
Amazon,Amazon ,Brazil,South America,AM-06-11 Manacapuru-Solimoes,3,16,2006,-3.31,-60.55,PST,Bulk,277,3.1,1.11,0.05,-28.2,0.17,,,,,,,0.32,Bouchez et al. (2014)
Amazon,Amazon ,Brazil,South America,AM-06-12 Manacapuru-Solimoes,3,16,2006,-3.31,-60.55,PST,Bulk,209,2.3,1.12,0.05,-28.7,0.17,,,,,,,0.31,Bouchez et al. (2014)
Amazon,Amazon ,Brazil,South America,AM-06-13 Manacapuru-Solimoes,3,16,2006,-3.31,-60.55,PST,Bulk,141,1.6,1.12,0.05,-28,0.17,,,,,,,0.37,Bouchez et al. (2014)
Amazon,Amazon ,Brazil,South America,AM-06-14 Manacapuru-Solimoes,3,16,2006,-3.31,-60.55,PST,Bulk,78,0.9,1.2,0.05,-28.2,0.17,,,,,,,0.39,Bouchez et al. (2014)
Amazon,Amazon ,Brazil,South America,AM-06-15 Manacapuru-Solimoes,3,16,2006,-3.33,-60.55,PST,Bulk,333,3.1,0.93,0.05,-28.3,0.17,,,,,,,0.27,Bouchez et al. (2014)
Amazon,Amazon ,Brazil,South America,AM-06-16 Manacapuru-Solimoes,3,16,2006,-3.33,-60.55,PST,Bulk,143,1.7,1.16,0.05,-28.5,0.17,,,,,,,0.33,Bouchez et al. (2014)
Amazon,Amazon ,Brazil,South America,AM-06-17 Manacapuru-Solimoes,3,16,2006,-3.33,-60.55,PST,Bulk,92,1.2,1.27,0.05,-28.2,0.17,,,,,,,0.37,Bouchez et al. (2014)
Amazon,Amazon ,Brazil,South America,AM-06-18 Manacapuru-Solimoes,3,16,2006,-3.33,-60.55,PST,Bulk,73,1.1,1.44,0.05,-28.6,0.17,,,,,,,0.38,Bouchez et al. (2014)
Amazon,Amazon ,Brazil,South America,AM-06-19 Manacapuru-Solimoes,3,16,2006,-3.33,-60.55,PST,Bulk,54,0.9,1.74,0.05,-28.9,0.17,,,,,,,0.44,Bouchez et al. (2014)
Amazon,Amazon ,Brazil,South America,AM-06-23 Iracema-Amazonas,3,18,2006,-3.32,-58.83,PST,Bulk,118,1.6,1.33,0.05,-28.5,0.17,,,,,,,0.37,Bouchez et al. (2014)
Amazon,Amazon ,Brazil,South America,AM-06-24 Iracema-Amazonas,3,18,2006,-3.32,-58.83,PST,Bulk,126,1.6,1.27,0.05,-28,0.17,,,,,,,0.34,Bouchez et al. (2014)
Amazon,Amazon ,Brazil,South America,AM-06-25 Iracema-Amazonas,3,18,2006,-3.32,-58.83,PST,Bulk,113,1.3,1.13,0.05,-28,0.17,,,,,,,0.34,Bouchez et al. (2014)
Amazon,Amazon ,Brazil,South America,AM-06-26 Iracema-Amazonas,3,18,2006,-3.32,-58.83,PST,Bulk,53,0.9,1.78,0.05,-28.5,0.17,,,,,,,0.42,Bouchez et al. (2014)
Amazon,Amazon ,Brazil,South America,AM-06-27 Iracema-Amazonas,3,18,2006,-3.33,-58.83,PST,Bulk,179,2.1,1.17,0.05,-28.2,0.17,,,,,,,0.33,Bouchez et al. (2014)
Amazon,Amazon ,Brazil,South America,AM-06-28 Iracema-Amazonas,3,18,2006,-3.33,-58.83,PST,Bulk,128,1.6,1.22,0.05,-28.3,0.17,,,,,,,0.36,Bouchez et al. (2014)
Amazon,Amazon ,Brazil,South America,AM-06-29 Iracema-Amazonas,3,18,2006,-3.33,-58.83,PST,Bulk,132,1.7,1.27,0.05,-28.2,0.17,,,,,,,0.37,Bouchez et al. (2014)
Amazon,Amazon ,Brazil,South America,AM-06-46 Parintins-Amazonas,3,21,2006,-2.59,-56.66,PST,Bulk,521,4.5,0.86,0.05,-27.7,0.17,,,,,,,0.26,Bouchez et al. (2014)
Amazon,Amazon ,Brazil,South America,AM-06-47 Parintins-Amazonas,3,21,2006,-2.59,-56.66,PST,Bulk,319,2.6,0.82,0.05,-27.2,0.17,,,,,,,0.28,Bouchez et al. (2014)
Amazon,Amazon ,Brazil,South America,AM-06-48 Parintins-Amazonas,3,21,2006,-2.59,-56.66,PST,Bulk,317,3.3,1.03,0.05,-27.6,0.17,,,,,,,0.29,Bouchez et al. (2014)
Amazon,Amazon ,Brazil,South America,AM-06-51 Parintins-Amazonas,3,21,2006,-2.59,-56.66,PST,Bulk,106,1.3,1.19,0.05,-28.1,0.17,,,,,,,0.39,Bouchez et al. (2014)
Amazon,Amazon ,Brazil,South America,AM-06-52 Parintins-Amazonas,3,21,2006,-2.59,-56.66,PST,Bulk,88,1.1,1.22,0.05,-28.2,0.17,,,,,,,0.43,Bouchez et al. (2014)
Amazon,Amazon ,Brazil,South America,AM-06-55 Obidos-Amazonas,3,23,2006,-1.93,-55.51,PST,Bulk,341,2,0.6,0.05,-27.7,0.17,,,,,,,0.21,Bouchez et al. (2014)
Amazon,Amazon ,Brazil,South America,AM-06-56 Obidos-Amazonas,3,23,2006,-1.93,-55.51,PST,Bulk,193,2,1.04,0.05,-28,0.17,,,,,,,0.31,Bouchez et al. (2014)
Amazon,Amazon ,Brazil,South America,AM-06-57 Obidos-Amazonas,3,23,2006,-1.93,-55.51,PST,Bulk,198,2.1,1.07,0.05,-27.5,0.17,,,,,,,0.33,Bouchez et al. (2014)
Amazon,Amazon ,Brazil,South America,AM-06-58 Obidos-Amazonas,3,23,2006,-1.93,-55.51,PST,Bulk,124,1.4,1.11,0.05,-27.6,0.17,,,,,,,0.33,Bouchez et al. (2014)
Amazon,Amazon ,Brazil,South America,AM-06-59 Obidos-Amazonas,3,23,2006,-1.93,-55.51,PST,Bulk,101,1.2,1.2,0.05,-28,0.17,,,,,,,0.4,Bouchez et al. (2014)
Amazon,Amazon ,Brazil,South America,AM-06-60 Obidos-Amazonas,3,23,2006,-1.93,-55.51,PST,Bulk,482,4.3,0.9,0.05,-27.1,0.17,,,,,,,0.29,Bouchez et al. (2014)
Amazon,Amazon ,Brazil,South America,AM-06-61 Obidos-Amazonas,3,23,2006,-1.93,-55.51,PST,Bulk,159,1.7,1.08,0.05,-27.4,0.17,,,,,,,0.35,Bouchez et al. (2014)
Amazon,Amazon ,Brazil,South America,AM-06-62 Obidos-Amazonas,3,23,2006,-1.93,-55.51,PST,Bulk,84,1,1.22,0.05,-28,0.17,,,,,,,0.43,Bouchez et al. (2014)
Amazon,Amazon ,Brazil,South America,AM-06-63  Obidos-Amazonas,3,23,2006,-1.93,-55.51,PST,Bulk,249,1.9,0.76,0.05,-27.1,0.17,,,,,,,0.32,Bouchez et al. (2014)
Amazon,Amazon ,Brazil,South America,AM-06-65 Obidos-Amazonas,3,23,2006,-1.93,-55.51,PST,Bulk,81,1,1.23,0.05,-28,0.17,,,,,,,0.42,Bouchez et al. (2014)
Amazon,Amazon ,Brazil,South America,,11,,1991,,,SS,Bulk,,0.6,,,-25.6,,-145,6,1258,0.859,,,,Raymond & Bauer (2001)
Amazon,Amazon ,Brazil,South America,Obidos,,,2005,-1.94,-55.51,SS,Bulk,,,,,-28.5,,-291.1,,2710,0.714,,,,Eglinton et al. (2021)
Amazon,Kosñipata ,"Madre de Dios, Peru",South America,San Pedro-Central Andes,1,29,2010,-13.06,-71.54,SS,Bulk,299,2.6,0.86,,-26.3,0.1,-492,1.6  0.3,5382.2,0.512,0.14,6.1,,Clark et al. (2013)
Amazon,Kosñipata ,"Madre de Dios, Peru",South America,San Pedro-Central Andes,1,29,2010,-13.06,-71.54,SS,Bulk,282,1.4,0.5,,-24.7,0.1,,,,,0.1,5,,Clark et al. (2013)
Amazon,Kosñipata ,"Madre de Dios, Peru",South America,San Pedro-Central Andes,1,29,2010,-13.06,-71.54,SS,Bulk,365,2,0.55,,-24.8,0.1,,,,,0.12,4.6,,Clark et al. (2013)
Amazon,Kosñipata ,"Madre de Dios, Peru",South America,San Pedro-Central Andes,1,29,2010,-13.06,-71.54,SS,Bulk,223,1.6,0.7,,-25.7,0.1,,,,,0.13,5.4,,Clark et al. (2013)
Amazon,Kosñipata ,"Madre de Dios, Peru",South America,San Pedro-Central Andes,1,29,2010,-13.06,-71.54,SS,Bulk,371,2.4,0.64,,-24.6,0.1,-620,1.6  0.3,7714.3,0.383,0.14,4.6,,Clark et al. (2013)
Amazon,Kosñipata ,"Madre de Dios, Peru",South America,San Pedro-Central Andes,1,29,2010,-13.06,-71.54,SS,Bulk,340,2.7,0.8,,-25.9,0.1,-593,1.6  0.3,7162.9,0.41,0.14,5.7,,Clark et al. (2013)
Amazon,Kosñipata ,"Madre de Dios, Peru",South America,San Pedro-Central Andes,1,30,2010,-13.06,-71.54,SS,Bulk,7594,65.3,0.86,,-25.6,0.1,-419,1.6  0.3,4303.7,0.585,0.15,5.7,,Clark et al. (2013)
Amazon,Kosñipata ,"Madre de Dios, Peru",South America,San Pedro-Central Andes,1,30,2010,-13.06,-71.54,SS,Bulk,1531,12.3,0.81,,-25.5,0.1,-507,1.6  0.3,5623,0.497,0.16,5.1,,Clark et al. (2013)
Amazon,Kosñipata ,"Madre de Dios, Peru",South America,San Pedro-Central Andes,1,30,2010,-13.06,-71.54,SS,Bulk,1212,9.8,0.8,,-25.2,0.1,-477,1.6  0.3,5148.5,0.527,0.16,5,,Clark et al. (2013)
Amazon,Kosñipata ,"Madre de Dios, Peru",South America,San Pedro-Central Andes,1,30,2010,-13.06,-71.54,SS,Bulk,1058,7,0.66,,-24.8,0.1,,,,,0.13,5.1,,Clark et al. (2013)
Amazon,Kosñipata ,"Madre de Dios, Peru",South America,San Pedro-Central Andes,1,30,2010,-13.06,-71.54,SS,Bulk,938,5.4,0.57,,-24.5,0.1,-712,1.6  0.3,9941.1,0.29,0.14,4.1,,Clark et al. (2013)
Amazon,Kosñipata ,"Madre de Dios, Peru",South America,San Pedro-Central Andes,1,30,2010,-13.06,-71.54,SS,Bulk,736,4.5,0.62,,-24.5,0.1,,,,,0.14,4.4,,Clark et al. (2013)
Amazon,Kosñipata ,"Madre de Dios, Peru",South America,San Pedro-Central Andes,1,30,2010,-13.06,-71.54,SS,Bulk,704,4.4,0.63,,-24.5,0.1,,,,,0.15,4.2,,Clark et al. (2013)
Amazon,Kosñipata ,"Madre de Dios, Peru",South America,San Pedro-Central Andes,1,30,2010,-13.06,-71.54,SS,Bulk,613,3.6,0.59,,-24.5,0.1,,,,,0.14,4.2,,Clark et al. (2013)
Amazon,Kosñipata ,"Madre de Dios, Peru",South America,San Pedro-Central Andes,1,31,2010,-13.06,-71.54,SS,Bulk,636,3.8,0.59,,-24.6,0.1,-704,1.6  0.3,9721,0.298,0.14,4.2,,Clark et al. (2013)
Amazon,Kosñipata ,"Madre de Dios, Peru",South America,San Pedro-Central Andes,1,31,2010,-13.06,-71.54,SS,Bulk,509,3.3,0.64,,-24.6,0.1,,,,,0.13,4.9,,Clark et al. (2013)
Amazon,Kosñipata ,"Madre de Dios, Peru",South America,San Pedro-Central Andes,1,31,2010,-13.06,-71.54,SS,Bulk,493,3.5,0.71,,-24.9,0.1,,,,,0.13,5.5,,Clark et al. (2013)
Amazon,Kosñipata ,"Madre de Dios, Peru",South America,San Pedro-Central Andes,1,31,2010,-13.06,-71.54,SS,Bulk,394,2.4,0.62,,-24.6,0.1,,,,,0.15,4.1,,Clark et al. (2013)
Amazon,Kosñipata ,"Madre de Dios, Peru",South America,San Pedro-Central Andes,2,1,2010,-13.06,-71.54,SS,Bulk,338,2.1,0.63,,-25.1,0.1,,,,,0.12,5.3,,Clark et al. (2013)
Amazon,Kosñipata ,"Madre de Dios, Peru",South America,San Pedro-Central Andes,2,1,2010,-13.06,-71.54,SS,Bulk,334,1.9,0.57,,-24.7,0.1,,,,,0.13,4.4,,Clark et al. (2013)
Amazon,Kosñipata ,"Madre de Dios, Peru",South America,San Pedro-Central Andes,2,1,2010,-13.06,-71.54,SS,Bulk,421,2.7,0.64,,-24.9,0.1,,,,,0.13,4.9,,Clark et al. (2013)
Amazon,Kosñipata ,"Madre de Dios, Peru",South America,Wayqecha-Central Andes,1,29,2010,-13.16,-71.59,SS,Bulk,137,1,0.74,,-25.9,0.1,-459,1.6  0.3,4876.7,0.545,0.13,5.7,,Clark et al. (2013)
Amazon,Kosñipata ,"Madre de Dios, Peru",South America,Wayqecha-Central Andes,1,29,2010,-13.16,-71.59,SS,Bulk,123,1,0.79,,-26.5,0.1,,,,,0.13,6.1,,Clark et al. (2013)
Amazon,Kosñipata ,"Madre de Dios, Peru",South America,Wayqecha-Central Andes,1,29,2010,-13.16,-71.59,SS,Bulk,66,0.7,1.13,,-26.7,0.1,,,,,0.17,6.6,,Clark et al. (2013)
Amazon,Kosñipata ,"Madre de Dios, Peru",South America,Wayqecha-Central Andes,1,29,2010,-13.16,-71.59,SS,Bulk,83,0.7,0.84,,-26.1,0.1,,,,,0.13,6.5,,Clark et al. (2013)
Amazon,Kosñipata ,"Madre de Dios, Peru",South America,Wayqecha-Central Andes,1,29,2010,-13.16,-71.59,SS,Bulk,113,1.3,1.18,,-27,0.1,-340,1.6  0.3,3279.5,0.665,0.15,7.9,,Clark et al. (2013)
Amazon,Kosñipata ,"Madre de Dios, Peru",South America,Wayqecha-Central Andes,1,29,2010,-13.16,-71.59,SS,Bulk,1891,19.6,1.03,,-26.2,0.1,-216,1.6  0.3,1896.5,0.79,0.19,5.4,,Clark et al. (2013)
Amazon,Kosñipata ,"Madre de Dios, Peru",South America,Wayqecha-Central Andes,1,30,2010,-13.16,-71.59,SS,Bulk,1696,22.1,1.3,,-26.1,0.1,-196,1.6  0.3,1694.1,0.81,0.2,6.5,,Clark et al. (2013)
Amazon,Kosñipata ,"Madre de Dios, Peru",South America,Wayqecha-Central Andes,1,30,2010,-13.16,-71.59,SS,Bulk,2869,21.9,0.76,,-26.1,0.1,-291,1.6  0.3,2704.2,0.714,0.14,5.4,,Clark et al. (2013)
Amazon,Kosñipata ,"Madre de Dios, Peru",South America,Wayqecha-Central Andes,1,30,2010,-13.16,-71.59,SS,Bulk,737,4.6,0.62,,-25.6,0.1,-404,1.6  0.3,4098.9,0.6,0.13,4.8,,Clark et al. (2013)
Amazon,Kosñipata ,"Madre de Dios, Peru",South America,Wayqecha-Central Andes,1,30,2010,-13.16,-71.59,SS,Bulk,286,1.7,0.59,,-25.6,0.1,,,,,0.12,4.9,,Clark et al. (2013)
Amazon,Kosñipata ,"Madre de Dios, Peru",South America,Wayqecha-Central Andes,1,30,2010,-13.16,-71.59,SS,Bulk,136,1.2,0.85,,-26.7,0.1,-350,1.6  0.3,3402.2,0.655,0.15,5.7,,Clark et al. (2013)
Amazon,Kosñipata ,"Madre de Dios, Peru",South America,Wayqecha-Central Andes,1,30,2010,-13.16,-71.59,SS,Bulk,202,1.3,0.65,,-25.6,0.1,,,,,0.12,5.4,,Clark et al. (2013)
Amazon,Kosñipata ,"Madre de Dios, Peru",South America,Wayqecha-Central Andes,1,30,2010,-13.16,-71.59,SS,Bulk,239,1.4,0.59,,-25.2,0.1,,,,,0.12,4.9,,Clark et al. (2013)
Amazon,Kosñipata ,"Madre de Dios, Peru",South America,Wayqecha-Central Andes,1,30,2010,-13.16,-71.59,SS,Bulk,180,1.2,0.68,,-25.7,0.1,,,,,0.12,5.7,,Clark et al. (2013)
Amazon,Kosñipata ,"Madre de Dios, Peru",South America,Wayqecha-Central Andes,1,31,2010,-13.16,-71.59,SS,Bulk,78,0.7,0.94,,-26.2,0.1,-334,1.6  0.3,3206.8,0.671,0.14,6.7,,Clark et al. (2013)
Amazon,Kosñipata ,"Madre de Dios, Peru",South America,Wayqecha-Central Andes,1,31,2010,-13.16,-71.59,SS,Bulk,155,0.9,0.59,,-25.5,0.1,,,,,0.11,5.4,,Clark et al. (2013)
Amazon,Kosñipata ,"Madre de Dios, Peru",South America,Wayqecha-Central Andes,1,31,2010,-13.16,-71.59,SS,Bulk,20,0.1,0.61,,-25.6,0.1,,,,,0.12,5.1,,Clark et al. (2013)
Amazon,Kosñipata ,"Madre de Dios, Peru",South America,Wayqecha-Central Andes,1,31,2010,-13.16,-71.59,SS,Bulk,69,0.7,0.95,,-26.1,0.1,,,,,0.17,5.6,,Clark et al. (2013)
Amazon,Kosñipata ,"Madre de Dios, Peru",South America,Wayqecha-Central Andes,2,1,2010,-13.16,-71.59,SS,Bulk,41,0.5,1.28,,-26.6,0.1,,,,,0.17,7.5,,Clark et al. (2013)
Amazon,Kosñipata ,"Madre de Dios, Peru",South America,Wayqecha-Central Andes,2,1,2010,-13.16,-71.59,SS,Bulk,79,0.6,0.8,,-25.8,0.1,,,,,0.15,5.3,,Clark et al. (2013)
Amazon,Kosñipata ,"Madre de Dios, Peru",South America,Wayqecha-Central Andes,2,1,2010,-13.16,-71.59,SS,Bulk,69,0.8,1.08,,-20.9,0.1,,,,,0.22,4.9,,Clark et al. (2013)
Amazon,Kosñipata ,"Madre de Dios, Peru",South America,San Pedro-Central Andes,2,3,2010,-13.06,-71.54,SS,Bulk,226,1.5,0.67,,-25.1,0.1,-423,1.6  0.3,4359.1,0.581,0.13,5.2,,Clark et al. (2013)
Amazon,Kosñipata ,"Madre de Dios, Peru",South America,San Pedro-Central Andes,2,3,2010,-13.06,-71.54,SS,Bulk,147,0.9,0.63,,-25.3,0.1,,,,,0.11,5.7,,Clark et al. (2013)
Amazon,Kosñipata ,"Madre de Dios, Peru",South America,San Pedro-Central Andes,2,4,2010,-13.06,-71.54,SS,Bulk,180,2,1.09,,-26.3,0.1,-127,1.6  0.3,1032.7,0.879,0.16,6.8,,Clark et al. (2013)
Amazon,Kosñipata ,"Madre de Dios, Peru",South America,San Pedro-Central Andes,2,4,2010,-13.06,-71.54,SS,Bulk,184,1.2,0.67,,-25.7,0.1,,,,,0.12,5.6,,Clark et al. (2013)
Amazon,Kosñipata ,"Madre de Dios, Peru",South America,San Pedro-Central Andes,2,4,2010,-13.06,-71.54,SS,Bulk,185,1.3,0.69,,-26.8,0.1,,,,,0.12,5.8,,Clark et al. (2013)
Amazon,Kosñipata ,"Madre de Dios, Peru",South America,San Pedro-Central Andes,2,4,2010,-13.06,-71.54,SS,Bulk,889,4.6,0.52,,-24.9,0.1,-694,1.6  0.3,9454.1,0.308,0.12,4.3,,Clark et al. (2013)
Amazon,Kosñipata ,"Madre de Dios, Peru",South America,San Pedro-Central Andes,2,4,2010,-13.06,-71.54,SS,Bulk,547,5.9,1.07,,-26.6,0.1,,,,,0.14,7.6,,Clark et al. (2013)
Amazon,Kosñipata ,"Madre de Dios, Peru",South America,San Pedro-Central Andes,2,4,2010,-13.06,-71.54,SS,Bulk,1724,12,0.7,,-25.9,0.1,,,,,0.12,5.8,,Clark et al. (2013)
Amazon,Kosñipata ,"Madre de Dios, Peru",South America,San Pedro-Central Andes,2,4,2010,-13.06,-71.54,SS,Bulk,873,6.5,0.74,,-25.3,0.1,,,,,0.13,5.7,,Clark et al. (2013)
Amazon,Madeira ,Brazil,South America,AM-06-33  Foz Madeira-Madeira,3,19,2006,-3.41,-58.79,PSD,Bulk,1269,10,0.79,0.05,-27.1,0.17,,,,,,,0.22,Bouchez et al. (2014)
Amazon,Madeira ,Brazil,South America,AM-06-34  Foz Madeira-Madeira,3,19,2006,-3.41,-58.79,PSD,Bulk,524,3.7,0.71,0.05,-26.5,0.17,,,,,,,0.29,Bouchez et al. (2014)
Amazon,Madeira ,Brazil,South America,AM-06-35  Foz Madeira-Madeira,3,19,2006,-3.41,-58.79,PSD,Bulk,219,2.1,0.94,0.05,-27.5,0.17,,,,,,,0.4,Bouchez et al. (2014)
Amazon,Madeira ,Brazil,South America,AM-06-36  Foz Madeira-Madeira,3,19,2006,-3.41,-58.79,PSD,Bulk,455,3.6,0.8,0.05,-27.1,0.17,-298.7,-0.6,2751.2,0.71,,,0.28,Bouchez et al. (2014)
Amazon,Madeira ,Brazil,South America,AM-06-37  Foz Madeira-Madeira,3,19,2006,-3.41,-58.79,PSD,Bulk,473,3.5,0.73,0.05,-26.6,0.17,,,,,,,0.29,Bouchez et al. (2014)
Amazon,Madeira ,Brazil,South America,AM-06-38  Foz Madeira-Madeira,3,19,2006,-3.41,-58.79,PSD,Bulk,426,3.1,0.73,0.05,-26.8,0.17,-321.6,-0.7,3098,0.68,,,0.31,Bouchez et al. (2014)
Amazon,Madeira ,Brazil,South America,AM-06-39  Foz Madeira-Madeira,3,19,2006,-3.41,-58.79,PSD,Bulk,461,3.4,0.74,0.05,-26.5,0.17,,,,,,,0.3,Bouchez et al. (2014)
Amazon,Madeira ,Brazil,South America,AM-06-40  Foz Madeira-Madeira,3,19,2006,-3.41,-58.79,PSD,Bulk,456,3.4,0.74,0.05,-26.8,0.17,,,,,,,0.29,Bouchez et al. (2014)
Amazon,Madeira ,Brazil,South America,AM-06-41  Foz Madeira-Madeira,3,19,2006,-3.41,-58.79,PSD,Bulk,263,1.7,0.65,0.05,-26.8,0.17,,,,,,,0.33,Bouchez et al. (2014)
Amazon,Madeira ,Brazil,South America,AM-06-42  Foz Madeira-Madeira,3,19,2006,-3.41,-58.78,PSD,Bulk,412,3.3,0.81,0.05,-27,0.17,,,,,,,0.29,Bouchez et al. (2014)
Amazon,Madeira ,Brazil,South America,AM-06-43  Foz Madeira-Madeira,3,19,2006,-3.41,-58.78,PSD,Bulk,303,2.3,0.75,0.05,-26.5,0.17,,,,,,,0.36,Bouchez et al. (2014)
Amazon,Madeira ,Brazil,South America,RS-M1 Foz_Madeira-Madeira,6,,2005,-3.42,-58.79,PSD,Bulk,53,1.1,2,0.01,-28,0.06,,,,,0.29,7,,Kim et al. (2012)
Amazon,Madeira ,Brazil,South America,RS-M2 Foz_Madeira-Madeira,6,,2005,-3.42,-58.79,PSD,Bulk,84,0.8,1,0.01,-27.9,0.06,,,,,0.14,7,,Kim et al. (2012)
Amazon,Madeira ,Brazil,South America,RS-M3 Foz_Madeira-Madeira,11,,2005,-3.42,-58.79,PSD,Bulk,172,1.7,1,0.01,-29.2,0.06,,,,,0.25,4,,Kim et al. (2012)
Amazon,Madeira ,Brazil,South America,RS-M4 Foz_Madeira-Madeira,11,,2005,-3.42,-58.79,PSD,Bulk,178,1.8,1,0.01,-29.3,0.06,,,,,0.2,5,,Kim et al. (2012)
Amazon,Madeira ,Brazil,South America,RS-M5 Foz_Madeira-Madeira,11,,2005,-3.42,-58.79,PSD,Bulk,309,3.1,1,0.01,-29,0.06,,,,,0.17,6,,Kim et al. (2012)
Amazon,Madeira ,Brazil,South America,CBM517 Foz_Madeira-Madeira,6,,2009,-3.42,-58.8,PSD,Bulk,53,1.1,2,0.01,-28.5,0.06,,,,,0.33,6,,Kim et al. (2012)
Amazon,Madeira ,Brazil,South America,CBM621 Foz_Madeira-Madeira,10,,2009,-3.42,-58.8,PSD,Bulk,33,0.7,2,0.01,-29.3,0.06,,,,,0.33,6,,Kim et al. (2012)
Amazon,Madeira ,Brazil,South America,AM-05-15 Foz-Madeira,6,6,2005,-3.45,-58.81,PSD,Bulk,94,1,1.1,0.05,-27.2,0.17,,,,,,,0.38,Bouchez et al. (2014)
Amazon,Madeira ,Brazil,South America,AM-05-17 Foz-Madeira,6,6,2005,-3.45,-58.81,PSD,Bulk,74,0.9,1.27,0.05,-27.3,0.17,,,,,,,0.41,Bouchez et al. (2014)
Amazon,Madeira ,Brazil,South America,AM-05-18 Foz-Madeira,6,6,2005,-3.45,-58.81,PSD,Bulk,61,0.9,1.47,0.05,-28.1,0.17,,,,,,,0.44,Bouchez et al. (2014)
Amazon,Madeira ,Brazil,South America,AM-05-19 Foz-Madeira,6,6,2005,-3.45,-58.81,PSD,Bulk,49,0.7,1.39,0.05,-27.5,0.17,,,,,,,0.46,Bouchez et al. (2014)
Amazon,Madeira ,Brazil,South America,AM-05-21 Foz-Madeira,6,6,2005,-3.46,-58.8,PSD,Bulk,101,1.1,1.11,0.05,-27.9,0.17,,,,,,,0.41,Bouchez et al. (2014)
Amazon,Madeira ,Brazil,South America,AM-05-22 Foz-Madeira,6,6,2005,-3.46,-58.8,PSD,Bulk,88,1,1.09,0.05,-27.5,0.17,,,,,,,0.39,Bouchez et al. (2014)
Amazon,Madeira ,Brazil,South America,AM-05-23 Foz-Madeira,6,6,2005,-3.46,-58.8,PSD,Bulk,71,0.8,1.19,0.05,-27.7,0.17,,,,,,,0.43,Bouchez et al. (2014)
Amazon,Napo ,Brazil,South America,Napo,7,11,1996,-3.3,-72.63,SS,<63μm,178.9,2.7,1.51,,-28.9,<0.2,-24,<6,150.4,0.981,,,,Mayorga et al. (2005)
Amazon,Negro ,Brazil,South America,Negro,6,20,1995,-3.06,-60.3,SS,<63μm,,,,,-29.1,<0.2,121,<6,modern,1.127,,,,Mayorga et al. (2005)
Amazon,Negro ,Brazil,South America,Negro,6,7,1996,-3.06,-60.3,SS,<63μm,,,,,-29.8,<0.2,138,<6,modern,1.144,,,,Mayorga et al. (2005)
Amazon,Ucayali ,Brazil,South America,Ucayali,8,11,1996,-4.52,-73.49,SS,<63μm,337.9,3.7,1.11,,-28.6,<0.2,-59,<6,443.8,0.946,,,,Mayorga et al. (2005)
Amazon,Ucayali ,Brazil,South America,Ucayali,5,11,1996,-8.78,-74.55,SS,<63μm,288.5,3.6,1.24,,-28.1,<0.2,-80,<6,625.1,0.925,,,,Mayorga et al. (2005)
Amazon,Purus ,Brazil,South America,Purus,5,7,1996,-3.75,-61.43,SS,<63μm,16.3,1,5.91,,-31.5,<0.2,113,<6,modern,1.119,,,,Mayorga et al. (2005)
Amazon,Purus ,Brazil,South America,Purus,6,23,1996,-8.73,-67.38,SS,<63μm,121.4,1.5,1.22,,-30.8,<0.2,29,<6,modern,1.035,,,,Mayorga et al. (2005)
Amazon,Negro ,Brazil,South America,RS-N1 Paricatuba-Negro,5,,2005,-3.07,-60.26,PSD,Bulk,6,0.9,15,0.01,-28.5,0.06,,,,,0.37,41,,Kim et al. (2012)
Amazon,Negro ,Brazil,South America,RS-N2 Paricatuba-Negro,5,,2005,-3.07,-60.26,PSD,Bulk,5,1,20,0.01,-29.4,0.06,,,,,0.67,30,,Kim et al. (2012)
Amazon,Negro ,Brazil,South America,RS-N3 Paricatuba-Negro,5,,2005,-3.08,-60.27,PSD,Bulk,6,1,16,0.01,-28.8,0.06,,,,,0.59,27,,Kim et al. (2012)
Amazon,Negro ,Brazil,South America,RS-N4 Paricatuba-Negro,5,,2005,-3.08,-60.27,PSD,Bulk,8,1.3,16,0.01,-29,0.06,,,,,0.64,25,,Kim et al. (2012)
Amazon,Negro ,Brazil,South America,CBM514 Paricatuba-Negro,6,,2009,-3.08,-60.27,PSD,Bulk,3,0.7,22,0.01,-31.3,0.06,,,,,2,11,,Kim et al. (2012)
Amazon,Negro ,Brazil,South America,CBM601 Paricatuba-Negro,10,,2009,-3.08,-60.27,PSD,Bulk,4,0.9,23,0.01,-31.3,0.06,,,,,2.09,11,,Kim et al. (2012)
Amazon,Pozuzo ,Brazil,South America,Pozuzo River,8,14,2004,-10.07,-75.57,SS,<60μm,13,0.5,4.07,,-24.2,< 0.2,-88,< 4,690,0.918,,,,Townsend-Small et al. (2007)
Amazon,Pozuzo ,Brazil,South America,Pozuzo River below Andes,8,7,2004,-9.57,-75.43,SS,<60μm,8.3,0.3,4.11,,-24.6,< 0.2,-99,< 4,785,0.907,,,,Townsend-Small et al. (2007)
Amazon,Tapajos ,Brazil,South America,RS-Ta1 Santarem-Tapajos,6,,2005,-2.24,-54.43,PSD,Bulk,20,6.4,32,0.01,-27.4,0.06,,,,,5.33,6,,Kim et al. (2012)
Amazon,Tapajos ,Brazil,South America,RS-Ta3 Santarem-Tapajos,11,,2005,-2.24,-54.43,PSD,Bulk,5,0.7,14,0.01,-29.6,0.06,,,,,2.33,6,,Kim et al. (2012)
Amazon,Tapajos ,Brazil,South America,RS-Ta4 Santarem-Tapajos,11,,2005,-2.24,-54.43,PSD,Bulk,6,0.6,10,0.01,-29.9,0.06,,,,,2,5,,Kim et al. (2012)
Amazon,Tapajos ,Brazil,South America,CBM541 Santarem-Tapajos,7,,2009,-2.25,-54.43,PSD,Bulk,3,0.5,15,0.01,-32.9,0.06,,,,,2.14,7,,Kim et al. (2012)
Amazon,Tapajos ,Brazil,South America,CBM642 Santarem-Tapajos,10,,2009,-2.25,-54.44,PSD,Bulk,3,0.7,22,0.01,-27.5,0.06,,,,,3.67,6,,Kim et al. (2012)
Cubatão,Cubatão ,Brazil,South America,,,,2004,,,SS,Bulk,,,0.51,,-26.2,0.3,,,,,0.05,10.4,,Barros et al. (2010)
Fajardo,Fajardo ,Puerto Rico,South America,Fajardo Bridge,10,6,2004,18.32,-65.65,SS,Bulk,,0.2,,,-24.7,0.06,,,,,,,,Moyer et al. (2013)
Fajardo,Fajardo ,Puerto Rico,South America,Fajardo Bridge,10,24,2007,18.32,-65.65,SS,Bulk,,3.5,,,-25.2,0.06,-35.9,<7.0,240,0.971,,,,Moyer et al. (2013)
Fajardo,Fajardo ,Puerto Rico,South America,Mt Britton Trail,3,22,2008,18.3,-65.79,SS,Bulk,,3,,,-28.5,0.06,20.9,<7.0,modern,1.028,,,,Moyer et al. (2013)
Fajardo,Fajardo ,Puerto Rico,South America,Fajardo upriver,3,20,2008,18.33,-65.63,SS,Bulk,,,,,-26.4,0.06,16.6,<7.0,modern,1.023,,,,Moyer et al. (2013)
Fajardo,Fajardo ,Puerto Rico,South America,Fajardo Bridge,3,12,2005,18.32,-65.65,SS,Bulk,,2.7,,,-26.8,0.06,,,,,,,,Moyer et al. (2013)
Fajardo,Fajardo ,Puerto Rico,South America,Fajardo Bridge,3,19,2008,18.32,-65.65,SS,Bulk,,0.8,,,-26.8,0.06,,,,,,,,Moyer et al. (2013)
Guanica,Guanica ,Puerto Rico,South America,Rio Loco Bridge,9,26,2004,17.97,-66.91,SS,Bulk,,2.1,,,-24.7,0.06,,,,,,,,Moyer et al. (2013)
Guanica,Guanica ,Puerto Rico,South America,Rio Loco Bridge,10,22,2007,17.97,-66.91,SS,Bulk,,39.9,,,-26.4,0.06,-91.6,<7.0,718,0.915,,,,Moyer et al. (2013)
Guanica,Guanica ,Puerto Rico,South America,Presado Loco,3,21,2008,18.04,-66.88,SS,Bulk,,4.4,,,-37.9,0.06,,,,,,,,Moyer et al. (2013)
Guanica,Guanica ,Puerto Rico,South America,Rio Loco upriver,3,21,2008,18.04,-66.89,SS,Bulk,,,,,-29.1,0.06,,,,,,,,Moyer et al. (2013)
Guanica,Guanica ,Puerto Rico,South America,Lajas Canal,3,21,2008,18.01,-66.97,SS,Bulk,,,,,-25.7,0.06,-13.1,<7.0,52,0.994,,,,Moyer et al. (2013)
Guanica,Guanica ,Puerto Rico,South America,Lajas Drainage ditch,3,21,2008,18.01,-66.97,SS,Bulk,,,,,-28.7,0.06,-67.8,<7.0,510,0.939,,,,Moyer et al. (2013)
Guanica,Guanica ,Puerto Rico,South America,Rio Loco Bridge,3,1,2005,17.97,-66.91,SS,Bulk,,10.4,,,-27.2,0.06,,,,,,,,Moyer et al. (2013)
Paraná,Bermejo ,Argentina,South America,AR17MR-24,3,13-25,2017,-23.25,-64.13,PSD,Bulk,3979.2,9.3,0.23,0.03,-26.3,,-206.5,2.5,1792.5,0.8,0.05,4.9,0.3,Scheingross et al. (2021); Repasch et al. (2021)
Paraná,Bermejo ,Argentina,South America,AR17MR-25,3,13-25,2017,-23.25,-64.13,PSD,Bulk,6941.7,12.1,0.18,0,-26.7,,-146.9,1.6,1211.6,0.86,0.04,4.5,0.21,Scheingross et al. (2021); Repasch et al. (2021)
Paraná,Bermejo ,Argentina,South America,AR17MR-26,3,13-25,2017,-23.25,-64.13,PSD,Bulk,6625,9.5,0.14,0.03,-24.9,,-226.3,3.1,1995.9,0.78,0.04,4.1,0.22,Scheingross et al. (2021); Repasch et al. (2021)
Paraná,Bermejo ,Argentina,South America,AR17MR-27,3,13-25,2017,-23.25,-64.13,PSD,Bulk,,,0.01,0.01,-26.3,,-514,14.8,5730.3,0.49,,,0.12,Repasch et al. (2021)
Paraná,Bermejo ,Argentina,South America,AR17MR-30,3,13-25,2017,-23.36,-64.18,PSD,Bulk,,,0.07,0,-27.3,,-87.4,0.9,669.8,0.92,,,0.07,Repasch et al. (2021)
Paraná,Bermejo ,Argentina,South America,AR17MR-31,3,13-25,2017,-23.36,-64.18,PSD,Bulk,4000,12.2,0.31,0.02,-25.7,,-97.3,1,757.6,0.91,0.04,7.4,0.25,Scheingross et al. (2021); Repasch et al. (2021)
Paraná,Bermejo ,Argentina,South America,AR17MR-32,3,13-25,2017,-23.76,-63.07,PSD,Bulk,4590,12.7,0.28,0,-26,,-117.2,1.1,936.1,0.89,0.04,6.6,0.26,Scheingross et al. (2021); Repasch et al. (2021)
Paraná,Bermejo ,Argentina,South America,AR17MR-33,3,13-25,2017,-23.76,-63.07,PSD,Bulk,7120,14.1,0.2,0,-26.3,,-127.1,1.2,1026.9,0.88,0.03,7.1,0.19,Scheingross et al. (2021); Repasch et al. (2021)
Paraná,Bermejo ,Argentina,South America,AR17MR-34,3,13-25,2017,-23.76,-63.07,PSD,Bulk,6281.8,13.9,0.22,0.02,-25.8,,-127.1,1.3,1026.9,0.88,0.03,6.7,0.22,Scheingross et al. (2021); Repasch et al. (2021)
Paraná,Bermejo ,Argentina,South America,AR17MR-35,3,13-25,2017,-23.76,-63.07,PSD,Bulk,3713.6,11.1,0.3,0.01,-26,,-127.1,1.3,1026.9,0.88,0.04,6.8,0.3,Scheingross et al. (2021); Repasch et al. (2021)
Paraná,Bermejo ,Argentina,South America,AR17MR-36,3,13-25,2017,-23.76,-63.07,PSD,Bulk,,,0.06,0.04,-27.1,,-226.3,2.2,1995.9,0.78,,,0.07,Repasch et al. (2021)
Paraná,Bermejo ,Argentina,South America,AR17MR-11,3,13-25,2017,-24.31,-61.84,PSD,Bulk,6826.1,24.8,0.36,0,-25.5,,-137,1.3,1118.7,0.87,0.07,4.9,0.2,Scheingross et al. (2021); Repasch et al. (2021)
Paraná,Bermejo ,Argentina,South America,AR17MR-12,3,13-25,2017,-24.31,-61.84,PSD,Bulk,12347.8,38.9,0.32,0,-26.6,,-67.6,0.6,497,0.94,0.05,6.3,0.14,Scheingross et al. (2021); Repasch et al. (2021)
Paraná,Bermejo ,Argentina,South America,AR17MR-13,3,13-25,2017,-24.31,-61.84,PSD,Bulk,23913,63.4,0.27,0,-26.5,,-97.3,0.9,757.6,0.91,0.04,6,0.12,Scheingross et al. (2021); Repasch et al. (2021)
Paraná,Bermejo ,Argentina,South America,AR17MR-14,3,13-25,2017,-24.31,-61.84,PSD,Bulk,17000,51.3,0.3,0,-26.5,,-87.4,0.8,669.8,0.92,0.05,6.4,0.15,Scheingross et al. (2021); Repasch et al. (2021)
Paraná,Bermejo ,Argentina,South America,AR17MR-42,3,13-25,2017,-25.66,-60.12,PSD,Bulk,15434.8,30.7,0.2,0,-26.1,,-87.4,0.9,669.8,0.92,0.03,6.9,0.2,Scheingross et al. (2021); Repasch et al. (2021)
Paraná,Bermejo ,Argentina,South America,AR17MR-43,3,13-25,2017,-25.66,-60.12,PSD,Bulk,9237.5,21.2,0.23,0.02,-25.7,,-137,1.3,1118.7,0.87,0.03,7,0.25,Scheingross et al. (2021); Repasch et al. (2021)
Paraná,Bermejo ,Argentina,South America,AR17MR-44,3,13-25,2017,-25.66,-60.12,PSD,Bulk,7858.3,18.7,0.24,0.02,-25.3,,-156.9,1.6,1305.5,0.85,0.04,6.6,0.23,Scheingross et al. (2021); Repasch et al. (2021)
Paraná,Bermejo ,Argentina,South America,AR17MR-45,3,13-25,2017,-25.66,-60.12,PSD,Bulk,5908.3,16.1,0.27,0.01,-25.4,,-156.9,1.4,1305.5,0.85,0.04,6.7,0.34,Scheingross et al. (2021); Repasch et al. (2021)
Paraná,Bermejo ,Argentina,South America,AR17MR-46,3,13-25,2017,-25.66,-60.12,PSD,Bulk,,,0.01,0.01,-26.1,,-414.8,5.3,4238.5,0.59,,,0.07,Repasch et al. (2021)
Paraná,Bermejo ,Argentina,South America,AR17MR-05,3,13-25,2017,-26.67,-58.62,PSD,Bulk,17070,50.9,0.3,0,-25.6,,-127.1,1.2,1026.9,0.88,0.06,4.7,0.26,Scheingross et al. (2021); Repasch et al. (2021)
Paraná,Bermejo ,Argentina,South America,AR17MR-06,3,13-25,2017,-26.67,-58.62,PSD,Bulk,10670,32,0.3,0,-25.2,,-176.7,1.7,1496.8,0.83,0.07,4.3,0.29,Scheingross et al. (2021); Repasch et al. (2021)
Paraná,Bermejo ,Argentina,South America,AR17MR-07,3,13-25,2017,-26.67,-58.62,PSD,Bulk,9830,24.8,0.25,0.01,-25.6,,-127.1,1.2,1026.9,0.88,0.06,4.3,0.21,Scheingross et al. (2021); Repasch et al. (2021)
Paraná,Bermejo ,Argentina,South America,AR17MR-08,3,13-25,2017,-26.67,-58.62,PSD,Bulk,10520,28.1,0.27,0.01,-25.5,,-166.8,1.7,1400.6,0.84,0.05,5.2,0.26,Scheingross et al. (2021); Repasch et al. (2021)
Paraná,Bermejo ,Argentina,South America,AR15DS033,3,13-25,2017,-23.76,-63.07,SS,Bulk,,,0.23,0.01,-26.4,,,,,,0.01,25.6,,Scheingross et al. (2021)
Paraná,Bermejo ,Argentina,South America,AR16JS05,3,13-25,2017,-23.76,-63.07,SS,Bulk,,,0.38,0,-25.8,,,,,,,,,Scheingross et al. (2021)
Paraná,Bermejo ,Argentina,South America,AR15DS045,3,13-25,2017,-24.24,-61.94,SS,Bulk,,,0.49,0.1,-26.4,0.12,,,,,0.04,13.1,0.25,Scheingross et al. (2021)
Paraná,Bermejo ,Argentina,South America,AR16DSXZ-A,3,13-25,2017,-24.24,-61.94,SS,Bulk,,,0.41,0.01,-26.1,0.06,,,,,0.07,5.9,0.24,Scheingross et al. (2021)
Paraná,Bermejo ,Argentina,South America,AR16DSXZ-B,3,13-25,2017,-24.24,-61.94,SS,Bulk,,,0.4,0,-25.9,0,,,,,,,,Scheingross et al. (2021)
Paraná,Bermejo ,Argentina,South America,SZ 16-3-16,3,13-25,2017,-24.42,-61.69,SS,Bulk,,,0.31,0,-26.3,0.18,,,,,0.04,7.7,,Scheingross et al. (2021)
Paraná,Bermejo ,Argentina,South America,AR15DS050,3,13-25,2017,-25.66,-60.12,SS,Bulk,,,0.36,0.04,-26,,,,,,0.03,13.2,0.19,Scheingross et al. (2021)
Paraná,Bermejo ,Argentina,South America,AR15DS056,3,13-25,2017,-26.33,-59.36,SS,Bulk,,,0.25,0.03,-25.6,,,,,,0.02,13.1,,Scheingross et al. (2021)
Paraná,Bermejo ,Argentina,South America,AR17MR-52,3,13-25,2017,-26.33,-59.36,SS,Bulk,,,0.3,0.01,-24.9,,-176.5,1.6,1494.9,0.83,0.04,7.2,0.29,Scheingross et al. (2021)
Paraná,Bermejo ,Argentina,South America,AR15DS059,3,13-25,2017,-26.67,-58.62,SS,Bulk,,,0.25,0.01,-25.6,,,,,,0.03,8,,Scheingross et al. (2021)
Paraná,Bermejo ,Argentina,South America,AR15DS063,3,13-25,2017,-26.83,-58.4,SS,Bulk,,,0.28,0.04,-25.6,,,,,,,,0.24,Scheingross et al. (2021)
Paraná,Bermejo ,Argentina,South America,AR17JS04,3,13-25,2017,-26.83,-58.4,SS,Bulk,,,0.3,0.01,-25.5,,-166.1,1.8,1393.9,0.841,0.06,4.7,0.27,Scheingross et al. (2021)
Paraná,Cachoeira ,Brazil,South America,,,,2004,,,SS,Bulk,,,1.58,,-23.9,0.3,,,,,0.23,6.9,,Barros et al. (2010)
Paranaíba,Sorocaba ,"Paranaíba, Brazil",South America,Sorocaba-Tietê-Paraná River,6,1,2009,-23.02,-47.8,SS,<63μm,14.3,0.7,4.8,,-22.9,0.2,,,,,0.51,9.4,,Fernandes et al. (2016)
Paranaíba,Sorocaba ,"Paranaíba, Brazil",South America,Sorocaba-Tietê-Paraná River,9,1,2009,-23.02,-47.8,SS,<63μm,45.3,1.5,3.4,,-23.1,0.2,,,,,0.34,9.9,,Fernandes et al. (2016)
Paranaíba,Sorocaba ,"Paranaíba, Brazil",South America,Sorocaba-Tietê-Paraná River,10,1,2009,-23.02,-47.8,SS,<63μm,54.3,1.8,3.4,,-23.4,0.2,,,,,0.34,10.1,,Fernandes et al. (2016)
Paranaíba,Sorocaba ,"Paranaíba, Brazil",South America,Sorocaba-Tietê-Paraná River,12,1,2009,-23.02,-47.8,SS,<63μm,87.2,2.4,2.8,,-22.6,0.2,,,,,0.25,11,,Fernandes et al. (2016)
Paranaíba,Sorocaba ,"Paranaíba, Brazil",South America,Sorocaba-Tietê-Paraná River,1,1,2010,-23.02,-47.8,SS,<63μm,101.5,2.4,2.4,,-22.2,0.2,,,,,0.24,10.1,,Fernandes et al. (2016)
Paranaíba,Sorocaba ,"Paranaíba, Brazil",South America,Sorocaba-Tietê-Paraná River,2,1,2010,-23.02,-47.8,SS,<63μm,37.8,0.9,2.5,,-22.8,0.2,,,,,0.24,10.6,,Fernandes et al. (2016)
Paranaíba,Sorocaba ,"Paranaíba, Brazil",South America,Sorocaba-Tietê-Paraná River,4,1,2010,-23.02,-47.8,SS,<63μm,51,1.6,3.1,,-23.7,0.2,,,,,0.31,10,,Fernandes et al. (2016)
Paranaíba,Sorocaba ,"Paranaíba, Brazil",South America,Sorocaba-Tietê-Paraná River,5,1,2010,-23.02,-47.8,SS,<63μm,22.7,0.9,3.8,,-23.3,0.2,,,,,0.41,9.3,,Fernandes et al. (2016)